{"okx": {"KRW-BTC": {"signal": 2, "current_price": 64726.5, "ma200": 72968.6995, "trend": "downtrend", "target_long": 65009.96000000001, "target_short": 64451.64, "vol_surge": false, "vp_poc": 64275.598, "vp_vah": 64587.221999999994, "vp_val": 61782.606}, "KRW-ETH": {"signal": 0, "current_price": 1871.98, "ma200": 2179.35765, "trend": "downtrend", "target_long": 1883.382, "target_short": 1860.998, "vol_surge": false, "vp_poc": 1761.408, "vp_vah": 1832.256, "vp_val": 1729.92}, "KRW-BNB": {"signal": 0, "current_price": 571.1, "ma200": 662.8804999999999, "trend": "downtrend", "target_long": 573.8000000000001, "target_short": 568.6, "vol_surge": false, "vp_poc": 575.978, "vp_vah": 584.97, "vp_val": 566.986}, "KRW-SOL": {"signal": 0, "current_price": 76.32, "ma200": 89.87559999999999, "trend": "downtrend", "target_long": 76.916, "target_short": 75.844, "vol_surge": false, "vp_poc": 77.2996, "vp_vah": 81.05000000000001, "vp_val": 74.72120000000001}, "KRW-XRP": {"signal": 0, "current_price": 1.0978, "ma200": 1.4209405000000002, "trend": "downtrend", "target_long": 1.10288, "target_short": 1.0927200000000001, "vol_surge": false, "vp_poc": 1.101378, "vp_vah": 1.137062, "vp_val": 1.072182}, "KRW-DOGE": {"signal": 2, "current_price": 0.07232, "ma200": 0.09905415, "trend": "downtrend", "target_long": 0.072888, "target_short": 0.071952, "vol_surge": false, "vp_poc": 0.07273, "vp_vah": 0.075394, "vp_val": 0.0714868}, "KRW-LINK": {"signal": 0, "current_price": 8.376, "ma200": 9.39381, "trend": "downtrend", "target_long": 8.434800000000001, "target_short": 8.3332, "vol_surge": false, "vp_poc": 7.92845, "vp_vah": 8.14671, "vp_val": 7.36721}, "KRW-SUI": {"signal": 0, "current_price": 0.749, "ma200": 1.011313, "trend": "downtrend", "target_long": 0.75648, "target_short": 0.74272, "vol_surge": false, "vp_poc": 0.7458899999999999, "vp_vah": 0.758442, "vp_val": 0.7207859999999999}}}