{"okx": {"KRW-BTC": {"signal": 0, "current_price": 77506.3, "ma200": 85901.877, "trend": "downtrend", "target_long": 77181.09999999999, "target_short": 75478.3, "vol_surge": false, "vp_poc": 74846.842, "vp_vah": 76776.474, "vp_val": 71228.782}, "KRW-ETH": {"signal": 0, "current_price": 2361.27, "ma200": 2824.4168, "trend": "downtrend", "target_long": 2349.748, "target_short": 2305.412, "vol_surge": false, "vp_poc": 2319.3678, "vp_vah": 2381.5753999999997, "vp_val": 2186.0658000000003}, "KRW-BNB": {"signal": 0, "current_price": 639.8, "ma200": 824.1395, "trend": "downtrend", "target_long": 638.0400000000001, "target_short": 625.16, "vol_surge": false, "vp_poc": 616.1700000000001, "vp_vah": 630.9100000000001, "vp_val": 597.4100000000001}, "KRW-SOL": {"signal": 0, "current_price": 87.23, "ma200": 124.12570000000001, "trend": "downtrend", "target_long": 87.082, "target_short": 85.018, "vol_surge": false, "vp_poc": 84.43639999999999, "vp_vah": 86.9084, "vp_val": 81.47}, "KRW-XRP": {"signal": 0, "current_price": 1.4412, "ma200": 1.86244, "trend": "downtrend", "target_long": 1.44866, "target_short": 1.41834, "vol_surge": false, "vp_poc": 1.35503, "vp_vah": 1.4104700000000001, "vp_val": 1.3042099999999999}, "KRW-DOGE": {"signal": 0, "current_price": 0.09615, "ma200": 0.1318836, "trend": "downtrend", "target_long": 0.09613, "target_short": 0.09425, "vol_surge": false, "vp_poc": 0.0930742, "vp_vah": 0.0960646, "vp_val": 0.0908314}, "KRW-LINK": {"signal": 0, "current_price": 9.487, "ma200": 12.28087, "trend": "downtrend", "target_long": 9.4992, "target_short": 9.3008, "vol_surge": false, "vp_poc": 9.130770000000002, "vp_vah": 9.46461, "vp_val": 8.880390000000002}, "KRW-SUI": {"signal": 0, "current_price": 0.9601, "ma200": 1.5056094999999998, "trend": "downtrend", "target_long": 0.96414, "target_short": 0.93486, "vol_surge": false, "vp_poc": 0.954591, "vp_vah": 0.9834729999999999, "vp_val": 0.9009529999999999}}}