{"okx": {"KRW-BTC": {"signal": 2, "current_price": 65932.7, "ma200": 91086.174, "trend": "downtrend", "target_long": 66915.72, "target_short": 65822.28, "vol_surge": false, "vp_poc": 70616.018, "vp_vah": 72157.67, "vp_val": 67532.714}, "KRW-ETH": {"signal": 0, "current_price": 1981.04, "ma200": 3081.2578999999996, "trend": "downtrend", "target_long": 2020.2240000000002, "target_short": 1969.096, "vol_surge": false, "vp_poc": 2167.2837, "vp_vah": 2194.2159, "vp_val": 2014.6679}, "KRW-BNB": {"signal": 2, "current_price": 605.4, "ma200": 870.6084999999999, "trend": "downtrend", "target_long": 614.58, "target_short": 607.2199999999999, "vol_surge": false, "vp_poc": 644.836, "vp_vah": 668.548, "vp_val": 624.7719999999999}, "KRW-SOL": {"signal": 2, "current_price": 81.25, "ma200": 141.19715, "trend": "downtrend", "target_long": 83.13000000000001, "target_short": 81.05, "vol_surge": false, "vp_poc": 88.4629, "vp_vah": 92.2209, "vp_val": 85.0807}, "KRW-XRP": {"signal": 0, "current_price": 1.3254, "ma200": 2.0526555, "trend": "downtrend", "target_long": 1.34918, "target_short": 1.3178199999999998, "vol_surge": false, "vp_poc": 1.404235, "vp_vah": 1.479139, "vp_val": 1.360541}, "KRW-DOGE": {"signal": 0, "current_price": 0.0902, "ma200": 0.1512719, "trend": "downtrend", "target_long": 0.09325, "target_short": 0.08873, "vol_surge": false, "vp_poc": 0.094696, "vp_vah": 0.09834799999999999, "vp_val": 0.09038}, "KRW-LINK": {"signal": 2, "current_price": 8.4, "ma200": 13.921785, "trend": "downtrend", "target_long": 8.565399999999999, "target_short": 8.3086, "vol_surge": false, "vp_poc": 9.118649999999999, "vp_vah": 9.57105, "vp_val": 8.74165}, "KRW-SUI": {"signal": 2, "current_price": 0.8426, "ma200": 1.816166, "trend": "downtrend", "target_long": 0.8851, "target_short": 0.8339000000000001, "vol_surge": false, "vp_poc": 0.9601029999999999, "vp_vah": 1.044935, "vp_val": 0.938895}}}