{"okx": {"KRW-BTC": {"signal": 0, "current_price": 71099.0, "ma200": 91990.8335, "trend": "downtrend", "target_long": 71547.9, "target_short": 69567.1, "vol_surge": false, "vp_poc": 70502.185, "vp_vah": 71749.645, "vp_val": 67591.445}, "KRW-ETH": {"signal": 0, "current_price": 2165.28, "ma200": 3127.4560500000002, "trend": "downtrend", "target_long": 2185.602, "target_short": 2127.058, "vol_surge": false, "vp_poc": 2172.4764999999998, "vp_vah": 2201.1103000000003, "vp_val": 1981.5845}, "KRW-BNB": {"signal": 0, "current_price": 647.9, "ma200": 875.9685000000001, "trend": "downtrend", "target_long": 643.9, "target_short": 633.1, "vol_surge": false, "vp_poc": 645.3530000000001, "vp_vah": 661.3330000000001, "vp_val": 621.383}, "KRW-SOL": {"signal": 0, "current_price": 91.42, "ma200": 143.83955, "trend": "downtrend", "target_long": 92.332, "target_short": 89.268, "vol_surge": false, "vp_poc": 87.3863, "vp_vah": 92.2667, "vp_val": 84.9461}, "KRW-XRP": {"signal": 2, "current_price": 1.4153, "ma200": 2.084818, "trend": "downtrend", "target_long": 1.43646, "target_short": 1.3953399999999998, "vol_surge": false, "vp_poc": 1.4044660000000002, "vp_vah": 1.461546, "vp_val": 1.358802}, "KRW-DOGE": {"signal": 0, "current_price": 0.09631, "ma200": 0.1542378, "trend": "downtrend", "target_long": 0.09636, "target_short": 0.09384, "vol_surge": false, "vp_poc": 0.094623, "vp_vah": 0.0978522, "vp_val": 0.08959980000000001}, "KRW-LINK": {"signal": 0, "current_price": 9.334, "ma200": 14.210640000000001, "trend": "downtrend", "target_long": 9.3518, "target_short": 9.142199999999999, "vol_surge": false, "vp_poc": 9.049710000000001, "vp_vah": 9.38751, "vp_val": 8.64435}, "KRW-SUI": {"signal": 0, "current_price": 0.9673, "ma200": 1.8685409999999998, "trend": "downtrend", "target_long": 0.9662000000000001, "target_short": 0.9393999999999999, "vol_surge": false, "vp_poc": 0.9595849999999999, "vp_vah": 1.038605, "vp_val": 0.928855}}}