{"okx": {"KRW-BTC": {"signal": 2, "current_price": 60926.2, "ma200": 78812.5335, "trend": "downtrend", "target_long": 65247.32, "target_short": 62530.68, "vol_surge": true, "vp_poc": 77287.62199999999, "vp_vah": 78040.63799999999, "vp_val": 67498.41399999999}, "KRW-ETH": {"signal": 2, "current_price": 1595.53, "ma200": 2465.58335, "trend": "downtrend", "target_long": 1812.164, "target_short": 1729.276, "vol_surge": true, "vp_poc": 2113.8932000000004, "vp_vah": 2152.9748, "vp_val": 1840.3220000000001}, "KRW-BNB": {"signal": 0, "current_price": 576.2, "ma200": 728.0485000000001, "trend": "downtrend", "target_long": 619.16, "target_short": 590.0400000000001, "vol_surge": true, "vp_poc": 644.454, "vp_vah": 722.6859999999999, "vp_val": 637.342}, "KRW-SOL": {"signal": 2, "current_price": 65.01, "ma200": 102.8274, "trend": "downtrend", "target_long": 71.046, "target_short": 66.694, "vol_surge": true, "vp_poc": 85.7826, "vp_vah": 87.7714, "vp_val": 74.8442}, "KRW-XRP": {"signal": 2, "current_price": 1.1066, "ma200": 1.621702, "trend": "downtrend", "target_long": 1.19722, "target_short": 1.1405800000000001, "vol_surge": true, "vp_poc": 1.356771, "vp_vah": 1.398159, "vp_val": 1.246403}, "KRW-DOGE": {"signal": 2, "current_price": 0.0822, "ma200": 0.11248430000000001, "trend": "downtrend", "target_long": 0.090994, "target_short": 0.086106, "vol_surge": true, "vp_poc": 0.10076279999999999, "vp_vah": 0.10857719999999998, "vp_val": 0.0942508}, "KRW-LINK": {"signal": 2, "current_price": 7.362, "ma200": 10.547055, "trend": "downtrend", "target_long": 8.258, "target_short": 7.774, "vol_surge": false, "vp_poc": 9.547930000000001, "vp_vah": 9.77761, "vp_val": 8.858889999999999}, "KRW-SUI": {"signal": 2, "current_price": 0.701, "ma200": 1.184366, "trend": "downtrend", "target_long": 0.7996200000000001, "target_short": 0.73378, "vol_surge": true, "vp_poc": 1.053334, "vp_vah": 1.159858, "vp_val": 0.859654}}}