{"upbit": {"KRW-BTC": {"signal": 0, "current_price": 105737000.0, "ma200": 136991550.0, "trend": "downtrend", "target_long": 110990000.0, "target_short": 107040000.0, "vol_surge": false, "vp_poc": 101153740.0, "vp_vah": 107099140.0, "vp_val": 97586500.0}, "KRW-ETH": {"signal": 0, "current_price": 3228000.0, "ma200": 4694805.0, "trend": "downtrend", "target_long": 3486000.0, "target_short": 3354000.0, "vol_surge": false, "vp_poc": 2967960.0, "vp_vah": 3179080.0, "vp_val": 2821800.0}}, "okx": {"KRW-BTC": {"signal": 0, "current_price": 71146.3, "ma200": 93401.436, "trend": "downtrend", "target_long": 75215.70000000001, "target_short": 72592.9, "vol_surge": false, "vp_poc": 67827.029, "vp_vah": 71724.539, "vp_val": 65748.357}, "KRW-ETH": {"signal": 0, "current_price": 2172.63, "ma200": 3204.6307499999994, "trend": "downtrend", "target_long": 2357.8900000000003, "target_short": 2277.21, "vol_surge": false, "vp_poc": 2028.586, "vp_vah": 2138.938, "vp_val": 1918.234}, "KRW-SOL": {"signal": 0, "current_price": 88.78, "ma200": 147.82345, "trend": "downtrend", "target_long": 96.515, "target_short": 92.705, "vol_surge": false, "vp_poc": 86.77850000000001, "vp_vah": 90.4775, "vp_val": 81.8465}, "KRW-XRP": {"signal": 0, "current_price": 1.4394, "ma200": 2.133243, "trend": "downtrend", "target_long": 1.57465, "target_short": 1.4619499999999999, "vol_surge": false, "vp_poc": 1.388115, "vp_vah": 1.442019, "vp_val": 1.340949}}}