{"okx": {"KRW-BTC": {"signal": 0, "current_price": 77457.4, "ma200": 81136.30399999999, "trend": "downtrend", "target_long": 77341.95999999999, "target_short": 76334.04000000001, "vol_surge": false, "vp_poc": 80465.85, "vp_vah": 81687.87, "vp_val": 77750.25}, "KRW-ETH": {"signal": 0, "current_price": 2128.01, "ma200": 2576.9168, "trend": "downtrend", "target_long": 2133.246, "target_short": 2090.8140000000003, "vol_surge": false, "vp_poc": 2316.4734, "vp_vah": 2392.5626, "vp_val": 2240.3842}, "KRW-BNB": {"signal": 0, "current_price": 643.2, "ma200": 752.8525, "trend": "downtrend", "target_long": 644.3, "target_short": 635.5, "vol_surge": false, "vp_poc": 651.191, "vp_vah": 673.961, "vp_val": 634.4929999999999}, "KRW-SOL": {"signal": 0, "current_price": 84.85, "ma200": 108.78734999999999, "trend": "downtrend", "target_long": 85.19800000000001, "target_short": 83.382, "vol_surge": false, "vp_poc": 84.15100000000001, "vp_vah": 92.107, "vp_val": 83.53899999999999}, "KRW-XRP": {"signal": 0, "current_price": 1.3687, "ma200": 1.703429, "trend": "downtrend", "target_long": 1.3794199999999999, "target_short": 1.34358, "vol_surge": false, "vp_poc": 1.422247, "vp_vah": 1.458805, "vp_val": 1.381627}, "KRW-DOGE": {"signal": 0, "current_price": 0.10381, "ma200": 0.11811045, "trend": "downtrend", "target_long": 0.104162, "target_short": 0.10181799999999999, "vol_surge": false, "vp_poc": 0.1084186, "vp_vah": 0.1134406, "vp_val": 0.10707939999999999}, "KRW-LINK": {"signal": 0, "current_price": 9.57, "ma200": 11.033050000000001, "trend": "downtrend", "target_long": 9.6028, "target_short": 9.2932, "vol_surge": false, "vp_poc": 9.446839999999998, "vp_vah": 10.457080000000001, "vp_val": 9.3386}, "KRW-SUI": {"signal": 0, "current_price": 1.0575, "ma200": 1.267924, "trend": "downtrend", "target_long": 1.07406, "target_short": 1.03014, "vol_surge": false, "vp_poc": 1.084445, "vp_vah": 1.2364549999999999, "vp_val": 0.912167}}}