{"okx": {"KRW-BTC": {"signal": 0, "current_price": 77386.4, "ma200": 86996.69299999998, "trend": "downtrend", "target_long": 76039.88, "target_short": 74254.12, "vol_surge": true, "vp_poc": 67001.645, "vp_vah": 73406.909, "vp_val": 65934.101}, "KRW-ETH": {"signal": 0, "current_price": 2427.81, "ma200": 2876.2711, "trend": "downtrend", "target_long": 2382.146, "target_short": 2314.154, "vol_surge": false, "vp_poc": 2228.562, "vp_vah": 2302.4316, "vp_val": 2017.5059999999999}, "KRW-BNB": {"signal": 0, "current_price": 642.2, "ma200": 835.735, "trend": "downtrend", "target_long": 644.9599999999999, "target_short": 626.64, "vol_surge": false, "vp_poc": 612.05, "vp_vah": 621.05, "vp_val": 595.55}, "KRW-SOL": {"signal": 0, "current_price": 89.07, "ma200": 127.61725, "trend": "downtrend", "target_long": 91.736, "target_short": 86.384, "vol_surge": false, "vp_poc": 83.8604, "vp_vah": 85.826, "vp_val": 80.21000000000001}, "KRW-XRP": {"signal": 0, "current_price": 1.482, "ma200": 1.9010544999999999, "trend": "downtrend", "target_long": 1.48506, "target_short": 1.42114, "vol_surge": false, "vp_poc": 1.35503, "vp_vah": 1.37351, "vp_val": 1.30883}, "KRW-DOGE": {"signal": 0, "current_price": 0.10022, "ma200": 0.13578085, "trend": "downtrend", "target_long": 0.10137800000000001, "target_short": 0.097042, "vol_surge": true, "vp_poc": 0.0923168, "vp_vah": 0.0948872, "vp_val": 0.090032}, "KRW-LINK": {"signal": 0, "current_price": 9.637, "ma200": 12.604335, "trend": "downtrend", "target_long": 9.822600000000001, "target_short": 9.3794, "vol_surge": false, "vp_poc": 8.74709, "vp_vah": 9.28245, "vp_val": 8.61325}, "KRW-SUI": {"signal": 0, "current_price": 1.0118, "ma200": 1.569871, "trend": "downtrend", "target_long": 1.0248599999999999, "target_short": 0.9757399999999999, "vol_surge": false, "vp_poc": 0.871051, "vp_vah": 0.9515829999999998, "vp_val": 0.848681}}}