{"okx": {"KRW-BTC": {"signal": 2, "current_price": 65763.0, "ma200": 91548.959, "trend": "downtrend", "target_long": 70142.23999999999, "target_short": 67512.16, "vol_surge": false, "vp_poc": 70689.746, "vp_vah": 71941.994, "vp_val": 67350.418}, "KRW-ETH": {"signal": 2, "current_price": 1981.33, "ma200": 3104.6227500000005, "trend": "downtrend", "target_long": 2115.4, "target_short": 2004.9199999999998, "vol_surge": false, "vp_poc": 2077.0305, "vp_vah": 2201.1103000000003, "vp_val": 2000.6736999999998}, "KRW-BNB": {"signal": 2, "current_price": 608.0, "ma200": 873.3645, "trend": "downtrend", "target_long": 639.46, "target_short": 618.74, "vol_surge": false, "vp_poc": 644.399, "vp_vah": 664.0070000000001, "vp_val": 621.523}, "KRW-SOL": {"signal": 2, "current_price": 82.3, "ma200": 142.5829, "trend": "downtrend", "target_long": 89.15, "target_short": 83.91, "vol_surge": false, "vp_poc": 87.0377, "vp_vah": 92.2667, "vp_val": 84.9461}, "KRW-XRP": {"signal": 2, "current_price": 1.3243, "ma200": 2.069006, "trend": "downtrend", "target_long": 1.39294, "target_short": 1.32886, "vol_surge": false, "vp_poc": 1.4044660000000002, "vp_vah": 1.461546, "vp_val": 1.353094}, "KRW-DOGE": {"signal": 2, "current_price": 0.08992, "ma200": 0.1527947, "trend": "downtrend", "target_long": 0.094332, "target_short": 0.089748, "vol_surge": false, "vp_poc": 0.094623, "vp_vah": 0.0978522, "vp_val": 0.08959980000000001}, "KRW-LINK": {"signal": 2, "current_price": 8.546, "ma200": 14.070615, "trend": "downtrend", "target_long": 9.1446, "target_short": 8.6814, "vol_surge": false, "vp_poc": 9.049710000000001, "vp_vah": 9.52263, "vp_val": 8.74569}, "KRW-SUI": {"signal": 2, "current_price": 0.885, "ma200": 1.8431189999999997, "trend": "downtrend", "target_long": 0.95012, "target_short": 0.90108, "vol_surge": false, "vp_poc": 0.9595849999999999, "vp_vah": 1.034215, "vp_val": 0.928855}}}