{"okx": {"KRW-BTC": {"signal": 0, "current_price": 75412.0, "ma200": 80167.5125, "trend": "downtrend", "target_long": 76903.56, "target_short": 74980.44, "vol_surge": false, "vp_poc": 76969.55000000002, "vp_vah": 79926.95000000001, "vp_val": 74833.65}, "KRW-ETH": {"signal": 0, "current_price": 2075.32, "ma200": 2528.4524499999998, "trend": "downtrend", "target_long": 2108.098, "target_short": 2040.0020000000002, "vol_surge": false, "vp_poc": 2109.4955, "vp_vah": 2274.3414999999995, "vp_val": 2057.0445}, "KRW-BNB": {"signal": 0, "current_price": 658.3, "ma200": 741.3525, "trend": "downtrend", "target_long": 662.48, "target_short": 650.72, "vol_surge": false, "vp_poc": 651.4670000000001, "vp_vah": 672.633, "vp_val": 645.897}, "KRW-SOL": {"signal": 0, "current_price": 84.48, "ma200": 106.04255, "trend": "downtrend", "target_long": 84.92, "target_short": 82.52, "vol_surge": false, "vp_poc": 85.63, "vp_vah": 92.42999999999999, "vp_val": 83.25}, "KRW-XRP": {"signal": 0, "current_price": 1.338, "ma200": 1.669599, "trend": "downtrend", "target_long": 1.34442, "target_short": 1.31378, "vol_surge": false, "vp_poc": 1.353648, "vp_vah": 1.453168, "vp_val": 1.3337439999999998}, "KRW-DOGE": {"signal": 0, "current_price": 0.10259, "ma200": 0.1157072, "trend": "downtrend", "target_long": 0.10249599999999999, "target_short": 0.099624, "vol_surge": false, "vp_poc": 0.10372600000000001, "vp_vah": 0.111934, "vp_val": 0.101998}, "KRW-LINK": {"signal": 0, "current_price": 9.446, "ma200": 10.822555, "trend": "downtrend", "target_long": 9.525799999999998, "target_short": 9.2522, "vol_surge": false, "vp_poc": 9.54705, "vp_vah": 10.30935, "vp_val": 9.292950000000001}, "KRW-SUI": {"signal": 0, "current_price": 1.006, "ma200": 1.2313165000000001, "trend": "downtrend", "target_long": 1.0248, "target_short": 0.9771999999999998, "vol_surge": false, "vp_poc": 1.053323, "vp_vah": 1.2267169999999998, "vp_val": 0.989441}}}