{"okx": {"KRW-BTC": {"signal": 2, "current_price": 71621.7, "ma200": 79418.3775, "trend": "downtrend", "target_long": 74031.5, "target_short": 73331.9, "vol_surge": false, "vp_poc": 76936.055, "vp_vah": 81480.095, "vp_val": 75572.843}, "KRW-ETH": {"signal": 2, "current_price": 1993.68, "ma200": 2492.359, "trend": "downtrend", "target_long": 2024.916, "target_short": 1989.8039999999999, "vol_surge": false, "vp_poc": 2107.0047999999997, "vp_vah": 2151.0784, "vp_val": 1996.8208}, "KRW-BNB": {"signal": 0, "current_price": 695.3, "ma200": 734.2064999999999, "trend": "downtrend", "target_long": 727.76, "target_short": 693.44, "vol_surge": true, "vp_poc": 657.675, "vp_vah": 704.675, "vp_val": 636.5249999999999}, "KRW-SOL": {"signal": 2, "current_price": 81.13, "ma200": 104.16165000000001, "trend": "downtrend", "target_long": 83.274, "target_short": 81.626, "vol_surge": false, "vp_poc": 85.6993, "vp_vah": 87.3863, "vp_val": 81.3131}, "KRW-XRP": {"signal": 2, "current_price": 1.3013, "ma200": 1.642582, "trend": "downtrend", "target_long": 1.34564, "target_short": 1.32076, "vol_surge": false, "vp_poc": 1.3327520000000002, "vp_vah": 1.417472, "vp_val": 1.298864}, "KRW-DOGE": {"signal": 0, "current_price": 0.10035, "ma200": 0.11386405, "trend": "downtrend", "target_long": 0.10139200000000001, "target_short": 0.099488, "vol_surge": false, "vp_poc": 0.10292480000000001, "vp_vah": 0.1104456, "vp_val": 0.0971736}, "KRW-LINK": {"signal": 2, "current_price": 9.075, "ma200": 10.661789999999998, "trend": "downtrend", "target_long": 9.271799999999999, "target_short": 9.0262, "vol_surge": false, "vp_poc": 9.52032, "vp_vah": 9.84608, "vp_val": 9.03168}, "KRW-SUI": {"signal": 2, "current_price": 0.8807, "ma200": 1.202902, "trend": "downtrend", "target_long": 0.92624, "target_short": 0.86456, "vol_surge": false, "vp_poc": 1.052771, "vp_vah": 1.161425, "vp_val": 0.919043}}}