{"okx": {"KRW-BTC": {"signal": 0, "current_price": 61933.9, "ma200": 74992.98849999999, "trend": "downtrend", "target_long": 62609.74, "target_short": 60508.46, "vol_surge": false, "vp_poc": 59992.238, "vp_vah": 63788.478, "vp_val": 58283.93000000001}, "KRW-ETH": {"signal": 0, "current_price": 1733.79, "ma200": 2275.2837, "trend": "downtrend", "target_long": 1751.652, "target_short": 1649.5479999999998, "vol_surge": false, "vp_poc": 1711.0824000000002, "vp_vah": 1778.5544, "vp_val": 1609.8744000000002}, "KRW-BNB": {"signal": 0, "current_price": 565.4, "ma200": 686.3615000000001, "trend": "downtrend", "target_long": 567.34, "target_short": 550.4599999999999, "vol_surge": false, "vp_poc": 557.486, "vp_vah": 596.126, "vp_val": 542.0300000000001}, "KRW-SOL": {"signal": 0, "current_price": 81.34, "ma200": 93.83274999999999, "trend": "downtrend", "target_long": 83.08200000000001, "target_short": 78.378, "vol_surge": false, "vp_poc": 72.4785, "vp_vah": 75.10069999999999, "vp_val": 68.3579}, "KRW-XRP": {"signal": 0, "current_price": 1.105, "ma200": 1.4861415, "trend": "downtrend", "target_long": 1.11518, "target_short": 1.06102, "vol_surge": false, "vp_poc": 1.05183, "vp_vah": 1.154142, "vp_val": 1.012042}, "KRW-DOGE": {"signal": 0, "current_price": 0.07579, "ma200": 0.10352605000000001, "trend": "downtrend", "target_long": 0.07574600000000001, "target_short": 0.072634, "vol_surge": false, "vp_poc": 0.0731397, "vp_vah": 0.0838447, "vp_val": 0.0697141}, "KRW-LINK": {"signal": 0, "current_price": 7.848, "ma200": 9.758315, "trend": "downtrend", "target_long": 8.0014, "target_short": 7.4925999999999995, "vol_surge": false, "vp_poc": 7.31433, "vp_vah": 7.92499, "vp_val": 7.02507}, "KRW-SUI": {"signal": 0, "current_price": 0.7507, "ma200": 1.0702159999999998, "trend": "downtrend", "target_long": 0.75268, "target_short": 0.7181200000000001, "vol_surge": false, "vp_poc": 0.702704, "vp_vah": 0.745328, "vp_val": 0.66008}}}