{"okx": {"KRW-BTC": {"signal": 0, "current_price": 82771.4, "ma200": 83321.24900000001, "trend": "downtrend", "target_long": 81708.68, "target_short": 80113.32, "vol_surge": false, "vp_poc": 77458.78099999999, "vp_vah": 78918.63699999999, "vp_val": 75633.961}, "KRW-ETH": {"signal": 0, "current_price": 2418.75, "ma200": 2695.834, "trend": "downtrend", "target_long": 2382.848, "target_short": 2339.152, "vol_surge": false, "vp_poc": 2321.0546999999997, "vp_vah": 2384.9289, "vp_val": 2286.6609}, "KRW-BNB": {"signal": 0, "current_price": 650.6, "ma200": 784.13, "trend": "downtrend", "target_long": 635.38, "target_short": 625.62, "vol_surge": false, "vp_poc": 632.489, "vp_vah": 640.3910000000001, "vp_val": 620.197}, "KRW-SOL": {"signal": 0, "current_price": 89.91, "ma200": 115.8238, "trend": "downtrend", "target_long": 87.47000000000001, "target_short": 85.11, "vol_surge": false, "vp_poc": 84.6755, "vp_vah": 86.9147, "vp_val": 83.3693}, "KRW-XRP": {"signal": 0, "current_price": 1.4568, "ma200": 1.7794195, "trend": "downtrend", "target_long": 1.4254, "target_short": 1.3998000000000002, "vol_surge": false, "vp_poc": 1.4294890000000002, "vp_vah": 1.4458790000000001, "vp_val": 1.386875}, "KRW-DOGE": {"signal": 0, "current_price": 0.11689, "ma200": 0.1240622, "trend": "downtrend", "target_long": 0.11745399999999999, "target_short": 0.112246, "vol_surge": false, "vp_poc": 0.09818959999999999, "vp_vah": 0.1075072, "vp_val": 0.0927952}, "KRW-LINK": {"signal": 0, "current_price": 10.224, "ma200": 11.569935000000001, "trend": "downtrend", "target_long": 9.963, "target_short": 9.571, "vol_surge": false, "vp_poc": 9.37865, "vp_vah": 9.48577, "vp_val": 9.08407}, "KRW-SUI": {"signal": 0, "current_price": 1.0283, "ma200": 1.3638765000000002, "trend": "downtrend", "target_long": 0.98812, "target_short": 0.9446800000000001, "vol_surge": false, "vp_poc": 0.9446019999999999, "vp_vah": 0.9640179999999999, "vp_val": 0.9154779999999999}}}