{"okx": {"KRW-BTC": {"signal": 2, "current_price": 59925.0, "ma200": 75720.7905, "trend": "downtrend", "target_long": 60463.98, "target_short": 59591.82, "vol_surge": false, "vp_poc": 63348.3, "vp_vah": 64634.9, "vp_val": 60775.1}, "KRW-ETH": {"signal": 0, "current_price": 1580.08, "ma200": 2311.50195, "trend": "downtrend", "target_long": 1593.322, "target_short": 1554.6580000000001, "vol_surge": false, "vp_poc": 1711.0824000000002, "vp_vah": 1778.5544, "vp_val": 1643.6104}, "KRW-BNB": {"signal": 2, "current_price": 554.5, "ma200": 694.477, "trend": "downtrend", "target_long": 563.02, "target_short": 551.5799999999999, "vol_surge": false, "vp_poc": 588.1320000000001, "vp_vah": 616.092, "vp_val": 571.356}, "KRW-SOL": {"signal": 0, "current_price": 71.79, "ma200": 95.18830000000001, "trend": "downtrend", "target_long": 71.682, "target_short": 69.33800000000001, "vol_surge": false, "vp_poc": 72.3802, "vp_vah": 74.02900000000001, "vp_val": 66.60940000000001}, "KRW-XRP": {"signal": 0, "current_price": 1.052, "ma200": 1.5091390000000002, "trend": "downtrend", "target_long": 1.0610400000000002, "target_short": 1.03416, "vol_surge": false, "vp_poc": 1.1370900000000002, "vp_vah": 1.22235, "vp_val": 1.0859340000000002}, "KRW-DOGE": {"signal": 2, "current_price": 0.07352, "ma200": 0.1050896, "trend": "downtrend", "target_long": 0.07544200000000001, "target_short": 0.073578, "vol_surge": false, "vp_poc": 0.0863652, "vp_vah": 0.0922788, "vp_val": 0.08129639999999999}, "KRW-LINK": {"signal": 2, "current_price": 7.291, "ma200": 9.90861, "trend": "downtrend", "target_long": 7.3873999999999995, "target_short": 7.2066, "vol_surge": false, "vp_poc": 7.86071, "vp_vah": 8.182110000000002, "vp_val": 7.37861}, "KRW-SUI": {"signal": 0, "current_price": 0.6855, "ma200": 1.0912605, "trend": "downtrend", "target_long": 0.70044, "target_short": 0.66876, "vol_surge": false, "vp_poc": 0.759536, "vp_vah": 0.770192, "vp_val": 0.681392}}}