{"upbit": {"KRW-BTC": {"signal": 0, "current_price": 105634000.0, "ma200": 136767535.0, "trend": "downtrend", "target_long": 108034800.0, "target_short": 103965200.0, "vol_surge": false, "vp_poc": 101153740.0, "vp_vah": 107099140.0, "vp_val": 97586500.0}, "KRW-ETH": {"signal": 0, "current_price": 3269000.0, "ma200": 4680830.0, "trend": "downtrend", "target_long": 3383600.0, "target_short": 3176400.0, "vol_surge": false, "vp_poc": 2967960.0, "vp_vah": 3211560.0, "vp_val": 2854280.0}}, "okx": {"KRW-BTC": {"signal": 2, "current_price": 71222.7, "ma200": 93216.842, "trend": "downtrend", "target_long": 72920.54000000001, "target_short": 69585.66, "vol_surge": false, "vp_poc": 70685.203, "vp_vah": 71984.373, "vp_val": 66008.19099999999}, "KRW-ETH": {"signal": 2, "current_price": 2202.13, "ma200": 3193.8357999999994, "trend": "downtrend", "target_long": 2282.3979999999997, "target_short": 2124.462, "vol_surge": false, "vp_poc": 2083.7619999999997, "vp_vah": 2161.0083999999997, "vp_val": 1929.2692000000002}, "KRW-BNB": {"signal": 2, "current_price": 652.1, "ma200": 882.445, "trend": "downtrend", "target_long": 665.12, "target_short": 639.2800000000001, "vol_surge": false, "vp_poc": 651.033, "vp_vah": 664.907, "vp_val": 617.339}, "KRW-SOL": {"signal": 0, "current_price": 90.34, "ma200": 147.27835, "trend": "downtrend", "target_long": 92.898, "target_short": 87.202, "vol_surge": false, "vp_poc": 86.77850000000001, "vp_vah": 91.2995, "vp_val": 82.66850000000001}, "KRW-XRP": {"signal": 2, "current_price": 1.4627, "ma200": 2.1268019999999996, "trend": "downtrend", "target_long": 1.50728, "target_short": 1.4219199999999999, "vol_surge": false, "vp_poc": 1.388115, "vp_vah": 1.448757, "vp_val": 1.340949}, "KRW-DOGE": {"signal": 2, "current_price": 0.09491, "ma200": 0.15789865, "trend": "downtrend", "target_long": 0.09869, "target_short": 0.09184999999999999, "vol_surge": false, "vp_poc": 0.094623, "vp_vah": 0.0989286, "vp_val": 0.09031739999999999}, "KRW-ADA": {"signal": 2, "current_price": 0.2727, "ma200": 0.4943515, "trend": "downtrend", "target_long": 0.28465999999999997, "target_short": 0.26394, "vol_surge": false, "vp_poc": 0.265266, "vp_vah": 0.28305, "vp_val": 0.259338}, "KRW-AVAX": {"signal": 2, "current_price": 9.653, "ma200": 16.486775, "trend": "downtrend", "target_long": 10.0362, "target_short": 9.3298, "vol_surge": false, "vp_poc": 9.29715, "vp_vah": 9.80475, "vp_val": 8.87415}, "KRW-LINK": {"signal": 2, "current_price": 9.217, "ma200": 14.622524999999998, "trend": "downtrend", "target_long": 9.5668, "target_short": 8.8932, "vol_surge": false, "vp_poc": 9.090489999999999, "vp_vah": 9.38921, "vp_val": 8.60507}, "KRW-DOT": {"signal": 2, "current_price": 1.556, "ma200": 2.493145, "trend": "downtrend", "target_long": 1.6245999999999998, "target_short": 1.5334, "vol_surge": false, "vp_poc": 1.51167, "vp_vah": 1.56907, "vp_val": 1.43705}, "KRW-TON": {"signal": 2, "current_price": 1.295, "ma200": 1.9107349999999999, "trend": "downtrend", "target_long": 1.3297999999999999, "target_short": 1.2722, "vol_surge": false, "vp_poc": 1.3034999999999999, "vp_vah": 1.3538999999999999, "vp_val": 1.2867}, "KRW-MATIC": {"signal": 2, "current_price": 0.0963, "ma200": 0.1559338, "trend": "downtrend", "target_long": 0.09879600000000001, "target_short": 0.094844, "vol_surge": false, "vp_poc": 0.0973993, "vp_vah": 0.10242510000000002, "vp_val": 0.09585290000000002}, "KRW-UNI": {"signal": 0, "current_price": 3.684, "ma200": 5.942045, "trend": "downtrend", "target_long": 3.8428, "target_short": 3.5172000000000003, "vol_surge": false, "vp_poc": 3.9480899999999997, "vp_vah": 4.08189, "vp_val": 3.78753}, "KRW-LTC": {"signal": 2, "current_price": 55.9, "ma200": 83.21875, "trend": "downtrend", "target_long": 57.372, "target_short": 54.788, "vol_surge": false, "vp_poc": 54.8311, "vp_vah": 56.6959, "vp_val": 53.121700000000004}, "KRW-BCH": {"signal": 2, "current_price": 456.3, "ma200": 547.761, "trend": "downtrend", "target_long": 467.24, "target_short": 446.36, "vol_surge": false, "vp_poc": 454.36, "vp_vah": 465.79999999999995, "vp_val": 442.91999999999996}, "KRW-APT": {"signal": 2, "current_price": 0.9772, "ma200": 2.436146, "trend": "downtrend", "target_long": 1.0213, "target_short": 0.9584999999999999, "vol_surge": false, "vp_poc": 0.932895, "vp_vah": 0.9976849999999999, "vp_val": 0.9192549999999999}, "KRW-NEAR": {"signal": 0, "current_price": 1.383, "ma200": 1.89612, "trend": "downtrend", "target_long": 1.425, "target_short": 1.349, "vol_surge": false, "vp_poc": 1.3226299999999998, "vp_vah": 1.40957, "vp_val": 1.21637}, "KRW-OP": {"signal": 2, "current_price": 0.1257, "ma200": 0.376128, "trend": "downtrend", "target_long": 0.13116, "target_short": 0.12164000000000001, "vol_surge": false, "vp_poc": 0.12587500000000001, "vp_vah": 0.129535, "vp_val": 0.117335}, "KRW-ARB": {"signal": 2, "current_price": 0.10245, "ma200": 0.24991615000000003, "trend": "downtrend", "target_long": 0.10662, "target_short": 0.09934, "vol_surge": false, "vp_poc": 0.1010546, "vp_vah": 0.10557340000000001, "vp_val": 0.0969466}, "KRW-SUI": {"signal": 2, "current_price": 0.982, "ma200": 1.9397745, "trend": "downtrend", "target_long": 1.0216399999999999, "target_short": 0.9551599999999999, "vol_surge": false, "vp_poc": 0.8962140000000001, "vp_vah": 1.004658, "vp_val": 0.880722}}}