{"okx": {"KRW-BTC": {"signal": 0, "current_price": 64043.7, "ma200": 73912.2045, "trend": "downtrend", "target_long": 64098.5, "target_short": 63536.100000000006, "vol_surge": false, "vp_poc": 59947.439, "vp_vah": 62706.19900000001, "vp_val": 58292.183000000005}, "KRW-ETH": {"signal": 0, "current_price": 1817.11, "ma200": 2223.0094999999997, "trend": "downtrend", "target_long": 1805.1019999999999, "target_short": 1770.438, "vol_surge": false, "vp_poc": 1759.9492, "vp_vah": 1830.7804, "vp_val": 1637.6044000000002}, "KRW-BNB": {"signal": 0, "current_price": 579.1, "ma200": 674.045, "trend": "downtrend", "target_long": 578.74, "target_short": 570.6600000000001, "vol_surge": false, "vp_poc": 575.978, "vp_vah": 583.846, "vp_val": 554.6220000000001}, "KRW-SOL": {"signal": 0, "current_price": 77.33, "ma200": 91.7948, "trend": "downtrend", "target_long": 77.624, "target_short": 75.936, "vol_surge": false, "vp_poc": 77.4031, "vp_vah": 82.98349999999999, "vp_val": 71.42410000000001}, "KRW-XRP": {"signal": 0, "current_price": 1.0981, "ma200": 1.4515459999999998, "trend": "downtrend", "target_long": 1.10596, "target_short": 1.08764, "vol_surge": false, "vp_poc": 1.098399, "vp_vah": 1.150869, "vp_val": 1.052925}, "KRW-DOGE": {"signal": 0, "current_price": 0.07346, "ma200": 0.10106765, "trend": "downtrend", "target_long": 0.074152, "target_short": 0.072248, "vol_surge": false, "vp_poc": 0.0733338, "vp_vah": 0.076771, "vp_val": 0.0720118}, "KRW-LINK": {"signal": 0, "current_price": 8.031, "ma200": 9.555575, "trend": "downtrend", "target_long": 7.9967999999999995, "target_short": 7.8272, "vol_surge": false, "vp_poc": 7.88425, "vp_vah": 8.09431, "vp_val": 7.32409}, "KRW-SUI": {"signal": 0, "current_price": 0.7373, "ma200": 1.0385655, "trend": "downtrend", "target_long": 0.7394000000000001, "target_short": 0.7182, "vol_surge": false, "vp_poc": 0.728667, "vp_vah": 0.752301, "vp_val": 0.684025}}}