{"okx": {"KRW-BTC": {"signal": 0, "current_price": 58955.9, "ma200": 75243.102, "trend": "downtrend", "target_long": 59458.979999999996, "target_short": 57797.22, "vol_surge": false, "vp_poc": 63978.29, "vp_vah": 67205.094, "vp_val": 60182.05}, "KRW-ETH": {"signal": 0, "current_price": 1581.01, "ma200": 2288.1101, "trend": "downtrend", "target_long": 1597.7520000000002, "target_short": 1546.528, "vol_surge": false, "vp_poc": 1711.0824000000002, "vp_vah": 1805.5432, "vp_val": 1630.116}, "KRW-BNB": {"signal": 0, "current_price": 547.1, "ma200": 689.4035, "trend": "downtrend", "target_long": 553.32, "target_short": 539.88, "vol_surge": false, "vp_poc": 555.6970000000001, "vp_vah": 604.6289999999999, "vp_val": 544.405}, "KRW-SOL": {"signal": 0, "current_price": 75.49, "ma200": 94.29880000000001, "trend": "downtrend", "target_long": 75.00800000000001, "target_short": 72.352, "vol_surge": false, "vp_poc": 72.37809999999999, "vp_vah": 74.6155, "vp_val": 68.6491}, "KRW-XRP": {"signal": 0, "current_price": 1.0454, "ma200": 1.4945220000000001, "trend": "downtrend", "target_long": 1.05278, "target_short": 1.02742, "vol_surge": false, "vp_poc": 1.1370900000000002, "vp_vah": 1.2507700000000002, "vp_val": 1.057514}, "KRW-DOGE": {"signal": 2, "current_price": 0.07146, "ma200": 0.10409155, "trend": "downtrend", "target_long": 0.073734, "target_short": 0.07044600000000001, "vol_surge": false, "vp_poc": 0.0881219, "vp_vah": 0.09226010000000001, "vp_val": 0.0752475}, "KRW-LINK": {"signal": 0, "current_price": 7.24, "ma200": 9.81044, "trend": "downtrend", "target_long": 7.313400000000001, "target_short": 7.0926, "vol_surge": false, "vp_poc": 7.86071, "vp_vah": 8.47137, "vp_val": 7.34647}, "KRW-SUI": {"signal": 0, "current_price": 0.6996, "ma200": 1.077826, "trend": "downtrend", "target_long": 0.70102, "target_short": 0.68038, "vol_surge": false, "vp_poc": 0.702704, "vp_vah": 0.759536, "vp_val": 0.652976}}}