{"okx": {"KRW-BTC": {"signal": 0, "current_price": 63812.4, "ma200": 76766.544, "trend": "downtrend", "target_long": 64773.9, "target_short": 63826.299999999996, "vol_surge": false, "vp_poc": 63418.369999999995, "vp_vah": 64648.98999999999, "vp_val": 60957.13}, "KRW-ETH": {"signal": 0, "current_price": 1718.13, "ma200": 2365.0622, "trend": "downtrend", "target_long": 1759.1119999999999, "target_short": 1722.448, "vol_surge": true, "vp_poc": 1710.4209, "vp_vah": 1800.8691, "vp_val": 1630.0225}, "KRW-BNB": {"signal": 0, "current_price": 587.7, "ma200": 705.9125, "trend": "downtrend", "target_long": 592.0400000000001, "target_short": 584.36, "vol_surge": false, "vp_poc": 605.25, "vp_vah": 621.9300000000001, "vp_val": 574.6700000000001}, "KRW-SOL": {"signal": 0, "current_price": 73.17, "ma200": 97.4545, "trend": "downtrend", "target_long": 75.148, "target_short": 71.292, "vol_surge": false, "vp_poc": 67.1027, "vp_vah": 72.1883, "vp_val": 62.4409}, "KRW-XRP": {"signal": 0, "current_price": 1.1357, "ma200": 1.543792, "trend": "downtrend", "target_long": 1.1587399999999999, "target_short": 1.14146, "vol_surge": false, "vp_poc": 1.136295, "vp_vah": 1.210605, "vp_val": 1.101617}, "KRW-DOGE": {"signal": 0, "current_price": 0.08287, "ma200": 0.1074084, "trend": "downtrend", "target_long": 0.08439200000000001, "target_short": 0.083048, "vol_surge": false, "vp_poc": 0.0863594, "vp_vah": 0.0896662, "vp_val": 0.0821078}, "KRW-LINK": {"signal": 0, "current_price": 7.851, "ma200": 10.136805, "trend": "downtrend", "target_long": 8.0652, "target_short": 7.9148000000000005, "vol_surge": false, "vp_poc": 7.888109999999999, "vp_vah": 8.42813, "vp_val": 7.68041}, "KRW-SUI": {"signal": 2, "current_price": 0.7014, "ma200": 1.12322, "trend": "downtrend", "target_long": 0.7238399999999999, "target_short": 0.70456, "vol_surge": false, "vp_poc": 0.760005, "vp_vah": 0.795029, "vp_val": 0.6987129999999999}}}