{"okx": {"KRW-BTC": {"signal": 2, "current_price": 66447.7, "ma200": 90121.28, "trend": "downtrend", "target_long": 68805.45999999999, "target_short": 67418.34, "vol_surge": false, "vp_poc": 71056.49, "vp_vah": 71496.962, "vp_val": 66431.534}, "KRW-ETH": {"signal": 0, "current_price": 2046.4, "ma200": 3030.6577, "trend": "downtrend", "target_long": 2174.6820000000002, "target_short": 2105.538, "vol_surge": false, "vp_poc": 2167.2837, "vp_vah": 2194.2159, "vp_val": 2005.6905}, "KRW-BNB": {"signal": 2, "current_price": 586.8, "ma200": 864.2959999999999, "trend": "downtrend", "target_long": 616.0600000000001, "target_short": 606.14, "vol_surge": false, "vp_poc": 645.634, "vp_vah": 655.894, "vp_val": 606.646}, "KRW-SOL": {"signal": 2, "current_price": 79.29, "ma200": 138.06385, "trend": "downtrend", "target_long": 83.532, "target_short": 78.86800000000001, "vol_surge": false, "vp_poc": 88.57079999999999, "vp_vah": 96.702, "vp_val": 84.6988}, "KRW-XRP": {"signal": 0, "current_price": 1.3118, "ma200": 2.0178269999999996, "trend": "downtrend", "target_long": 1.36274, "target_short": 1.3330600000000001, "vol_surge": false, "vp_poc": 1.341815, "vp_vah": 1.460413, "vp_val": 1.323089}, "KRW-DOGE": {"signal": 2, "current_price": 0.0905, "ma200": 0.14760795, "trend": "downtrend", "target_long": 0.09333799999999999, "target_short": 0.091042, "vol_surge": false, "vp_poc": 0.092704, "vp_vah": 0.096356, "vp_val": 0.08938399999999999}, "KRW-LINK": {"signal": 0, "current_price": 8.516, "ma200": 13.603340000000001, "trend": "downtrend", "target_long": 9.128, "target_short": 8.760000000000002, "vol_surge": false, "vp_poc": 9.118649999999999, "vp_vah": 9.42025, "vp_val": 8.515450000000001}, "KRW-SUI": {"signal": 0, "current_price": 0.8576, "ma200": 1.7591560000000002, "trend": "downtrend", "target_long": 0.8992, "target_short": 0.8648, "vol_surge": false, "vp_poc": 0.9494990000000001, "vp_vah": 1.002519, "vp_val": 0.848761}}}