{"okx": {"KRW-BTC": {"signal": 0, "current_price": 72230.8, "ma200": 88499.127, "trend": "downtrend", "target_long": 71934.64, "target_short": 70211.36, "vol_surge": false, "vp_poc": 68378.94, "vp_vah": 70422.02, "vp_val": 66021.54000000001}, "KRW-ETH": {"signal": 0, "current_price": 2210.09, "ma200": 2947.6107500000003, "trend": "downtrend", "target_long": 2226.434, "target_short": 2153.946, "vol_surge": false, "vp_poc": 2109.2508, "vp_vah": 2169.5652, "vp_val": 2028.8316}, "KRW-BNB": {"signal": 0, "current_price": 608.3, "ma200": 850.7209999999999, "trend": "downtrend", "target_long": 609.8599999999999, "target_short": 592.74, "vol_surge": false, "vp_poc": 611.127, "vp_vah": 634.171, "vp_val": 593.021}, "KRW-SOL": {"signal": 0, "current_price": 84.26, "ma200": 132.55015, "trend": "downtrend", "target_long": 84.026, "target_short": 81.11399999999999, "vol_surge": false, "vp_poc": 82.57300000000001, "vp_vah": 86.6002, "vp_val": 78.8814}, "KRW-XRP": {"signal": 0, "current_price": 1.354, "ma200": 1.959009, "trend": "downtrend", "target_long": 1.3632, "target_short": 1.3224, "vol_surge": false, "vp_poc": 1.340609, "vp_vah": 1.389307, "vp_val": 1.306895}, "KRW-DOGE": {"signal": 0, "current_price": 0.09393, "ma200": 0.1413812, "trend": "downtrend", "target_long": 0.093798, "target_short": 0.091022, "vol_surge": false, "vp_poc": 0.0922115, "vp_vah": 0.0938195, "vp_val": 0.0900005}, "KRW-LINK": {"signal": 0, "current_price": 9.023, "ma200": 13.087465, "trend": "downtrend", "target_long": 9.0586, "target_short": 8.6594, "vol_surge": false, "vp_poc": 8.85953, "vp_vah": 9.14619, "vp_val": 8.57287}, "KRW-SUI": {"signal": 0, "current_price": 0.9434, "ma200": 1.6622625, "trend": "downtrend", "target_long": 0.9407, "target_short": 0.8866999999999999, "vol_surge": false, "vp_poc": 0.872004, "vp_vah": 0.945052, "vp_val": 0.8593}}}