{"okx": {"KRW-BTC": {"signal": 0, "current_price": 73974.8, "ma200": 79699.0525, "trend": "downtrend", "target_long": 74199.3, "target_short": 72737.7, "vol_surge": false, "vp_poc": 76952.425, "vp_vah": 80903.025, "vp_val": 75372.185}, "KRW-ETH": {"signal": 0, "current_price": 2029.21, "ma200": 2505.6203, "trend": "downtrend", "target_long": 2042.61, "target_short": 1986.3300000000002, "vol_surge": false, "vp_poc": 2110.2615, "vp_vah": 2208.0110999999997, "vp_val": 1971.7829000000002}, "KRW-BNB": {"signal": 0, "current_price": 719.8, "ma200": 736.5825, "trend": "downtrend", "target_long": 649.08, "target_short": 637.7199999999999, "vol_surge": true, "vp_poc": 656.285, "vp_vah": 671.7249999999999, "vp_val": 638.915}, "KRW-SOL": {"signal": 0, "current_price": 83.05, "ma200": 104.83605, "trend": "downtrend", "target_long": 83.198, "target_short": 80.902, "vol_surge": false, "vp_poc": 85.71159999999999, "vp_vah": 89.3836, "vp_val": 80.2036}, "KRW-XRP": {"signal": 0, "current_price": 1.3489, "ma200": 1.6530005, "trend": "downtrend", "target_long": 1.3456800000000002, "target_short": 1.31432, "vol_surge": false, "vp_poc": 1.355344, "vp_vah": 1.440064, "vp_val": 1.304512}, "KRW-DOGE": {"signal": 0, "current_price": 0.10152, "ma200": 0.11453490000000001, "trend": "downtrend", "target_long": 0.101196, "target_short": 0.098204, "vol_surge": false, "vp_poc": 0.10292480000000001, "vp_vah": 0.110888, "vp_val": 0.0971736}, "KRW-LINK": {"signal": 0, "current_price": 9.265, "ma200": 10.719545, "trend": "downtrend", "target_long": 9.160599999999999, "target_short": 8.8854, "vol_surge": false, "vp_poc": 9.52032, "vp_vah": 9.84608, "vp_val": 8.82808}, "KRW-SUI": {"signal": 0, "current_price": 0.9116, "ma200": 1.2132405, "trend": "downtrend", "target_long": 0.92332, "target_short": 0.88668, "vol_surge": false, "vp_poc": 1.05328, "vp_vah": 1.1915200000000001, "vp_val": 0.8966080000000001}}}