{"okx": {"KRW-BTC": {"signal": 0, "current_price": 80986.5, "ma200": 83443.64600000001, "trend": "downtrend", "target_long": 80894.0, "target_short": 78836.0, "vol_surge": false, "vp_poc": 77396.417, "vp_vah": 78841.223, "vp_val": 75630.543}, "KRW-ETH": {"signal": 0, "current_price": 2378.47, "ma200": 2703.2723499999997, "trend": "downtrend", "target_long": 2383.158, "target_short": 2311.342, "vol_surge": false, "vp_poc": 2321.0546999999997, "vp_vah": 2380.0155, "vp_val": 2286.6609}, "KRW-BNB": {"signal": 0, "current_price": 628.4, "ma200": 786.331, "trend": "downtrend", "target_long": 632.16, "target_short": 613.4399999999999, "vol_surge": false, "vp_poc": 619.319, "vp_vah": 635.123, "vp_val": 615.807}, "KRW-SOL": {"signal": 0, "current_price": 84.94, "ma200": 116.30525000000002, "trend": "downtrend", "target_long": 85.15599999999999, "target_short": 83.044, "vol_surge": false, "vp_poc": 84.6755, "vp_vah": 87.1013, "vp_val": 83.3693}, "KRW-XRP": {"signal": 0, "current_price": 1.4073, "ma200": 1.7839064999999998, "trend": "downtrend", "target_long": 1.40682, "target_short": 1.37658, "vol_surge": false, "vp_poc": 1.4294890000000002, "vp_vah": 1.4458790000000001, "vp_val": 1.386875}, "KRW-DOGE": {"signal": 0, "current_price": 0.11184, "ma200": 0.1244107, "trend": "downtrend", "target_long": 0.11256200000000001, "target_short": 0.107698, "vol_surge": false, "vp_poc": 0.0982767, "vp_vah": 0.1054881, "vp_val": 0.09276209999999999}, "KRW-LINK": {"signal": 0, "current_price": 9.748, "ma200": 11.602795, "trend": "downtrend", "target_long": 9.587800000000001, "target_short": 9.1342, "vol_surge": false, "vp_poc": 9.36026, "vp_vah": 9.45606, "vp_val": 9.09202}, "KRW-SUI": {"signal": 0, "current_price": 0.9554, "ma200": 1.3711859999999998, "trend": "downtrend", "target_long": 0.94754, "target_short": 0.91066, "vol_surge": false, "vp_poc": 0.9543099999999999, "vp_vah": 0.9640179999999999, "vp_val": 0.9154779999999999}}}