{"okx": {"KRW-BTC": {"signal": 0, "current_price": 68518.0, "ma200": 92374.968, "trend": "downtrend", "target_long": 68749.98000000001, "target_short": 66970.22, "vol_surge": false, "vp_poc": 70710.095, "vp_vah": 72373.375, "vp_val": 67591.445}, "KRW-ETH": {"signal": 2, "current_price": 2048.23, "ma200": 3148.23415, "trend": "downtrend", "target_long": 2094.362, "target_short": 2013.4579999999999, "vol_surge": false, "vp_poc": 2077.0305, "vp_vah": 2201.1103000000003, "vp_val": 1972.0399}, "KRW-BNB": {"signal": 0, "current_price": 626.5, "ma200": 878.0284999999999, "trend": "downtrend", "target_long": 632.96, "target_short": 620.24, "vol_surge": false, "vp_poc": 651.745, "vp_vah": 674.117, "vp_val": 634.1669999999999}, "KRW-SOL": {"signal": 2, "current_price": 86.03, "ma200": 144.91935, "trend": "downtrend", "target_long": 87.852, "target_short": 84.588, "vol_surge": false, "vp_poc": 87.0377, "vp_vah": 92.2667, "vp_val": 84.9461}, "KRW-XRP": {"signal": 2, "current_price": 1.3733, "ma200": 2.098489, "trend": "downtrend", "target_long": 1.40692, "target_short": 1.36308, "vol_surge": false, "vp_poc": 1.387342, "vp_vah": 1.461546, "vp_val": 1.353094}, "KRW-DOGE": {"signal": 2, "current_price": 0.09001, "ma200": 0.1554288, "trend": "downtrend", "target_long": 0.091654, "target_short": 0.088686, "vol_surge": false, "vp_poc": 0.094623, "vp_vah": 0.0989286, "vp_val": 0.09031739999999999}, "KRW-ADA": {"signal": 2, "current_price": 0.2505, "ma200": 0.483039, "trend": "downtrend", "target_long": 0.25561999999999996, "target_short": 0.24578, "vol_surge": false, "vp_poc": 0.265266, "vp_vah": 0.277122, "vp_val": 0.252422}, "KRW-AVAX": {"signal": 2, "current_price": 9.008, "ma200": 16.18451, "trend": "downtrend", "target_long": 9.216, "target_short": 8.836, "vol_surge": false, "vp_poc": 9.51925, "vp_vah": 10.041450000000001, "vp_val": 9.146249999999998}, "KRW-LINK": {"signal": 2, "current_price": 8.653, "ma200": 14.337915, "trend": "downtrend", "target_long": 8.8468, "target_short": 8.529200000000001, "vol_surge": false, "vp_poc": 9.08349, "vp_vah": 9.45507, "vp_val": 8.67813}, "KRW-DOT": {"signal": 0, "current_price": 1.416, "ma200": 2.446235, "trend": "downtrend", "target_long": 1.4494, "target_short": 1.3766, "vol_surge": false, "vp_poc": 1.50824, "vp_vah": 1.55112, "vp_val": 1.4332}, "KRW-TON": {"signal": 0, "current_price": 1.27, "ma200": 1.8727849999999997, "trend": "downtrend", "target_long": 1.263, "target_short": 1.2389999999999999, "vol_surge": false, "vp_poc": 1.30588, "vp_vah": 1.35292, "vp_val": 1.2902}, "KRW-MATIC": {"signal": 2, "current_price": 0.09183, "ma200": 0.1521992, "trend": "downtrend", "target_long": 0.093732, "target_short": 0.090628, "vol_surge": false, "vp_poc": 0.0966332, "vp_vah": 0.1006268, "vp_val": 0.0954044}, "KRW-UNI": {"signal": 0, "current_price": 3.481, "ma200": 5.822255, "trend": "downtrend", "target_long": 3.5236, "target_short": 3.4204, "vol_surge": false, "vp_poc": 3.97729, "vp_vah": 4.15307, "vp_val": 3.81749}, "KRW-LTC": {"signal": 0, "current_price": 53.84, "ma200": 82.08605, "trend": "downtrend", "target_long": 54.328, "target_short": 52.712, "vol_surge": false, "vp_poc": 54.745999999999995, "vp_vah": 56.67, "vp_val": 53.414}, "KRW-BCH": {"signal": 0, "current_price": 468.9, "ma200": 545.525, "trend": "downtrend", "target_long": 472.96, "target_short": 461.84, "vol_surge": false, "vp_poc": 460.256, "vp_vah": 471.00800000000004, "vp_val": 449.504}, "KRW-APT": {"signal": 2, "current_price": 0.916, "ma200": 2.3692465, "trend": "downtrend", "target_long": 0.9584199999999999, "target_short": 0.89858, "vol_surge": false, "vp_poc": 0.9876240000000001, "vp_vah": 1.0181520000000002, "vp_val": 0.941832}, "KRW-NEAR": {"signal": 0, "current_price": 1.263, "ma200": 1.87343, "trend": "downtrend", "target_long": 1.292, "target_short": 1.256, "vol_surge": false, "vp_poc": 1.32746, "vp_vah": 1.3661, "vp_val": 1.21798}, "KRW-OP": {"signal": 2, "current_price": 0.1139, "ma200": 0.3644965, "trend": "downtrend", "target_long": 0.11782000000000001, "target_short": 0.11198, "vol_surge": false, "vp_poc": 0.125728, "vp_vah": 0.128992, "vp_val": 0.11593600000000001}, "KRW-ARB": {"signal": 2, "current_price": 0.09252, "ma200": 0.24194675, "trend": "downtrend", "target_long": 0.09499, "target_short": 0.09007, "vol_surge": false, "vp_poc": 0.1010903, "vp_vah": 0.10559370000000001, "vp_val": 0.0961775}, "KRW-SUI": {"signal": 2, "current_price": 0.9021, "ma200": 1.8922315, "trend": "downtrend", "target_long": 0.92664, "target_short": 0.88416, "vol_surge": false, "vp_poc": 0.9683649999999999, "vp_vah": 1.034215, "vp_val": 0.9244649999999999}}}