{"okx": {"KRW-ETH": {"signal": 2, "current_price": 1622.39, "ma200": 2433.98745, "trend": "downtrend", "target_long": 1672.5819999999999, "target_short": 1606.478, "vol_surge": false, "vp_poc": 2014.4161, "vp_vah": 2130.6223, "vp_val": 1678.7093}, "KRW-BNB": {"signal": 2, "current_price": 583.6, "ma200": 721.0025, "trend": "downtrend", "target_long": 602.58, "target_short": 584.82, "vol_surge": false, "vp_poc": 656.876, "vp_vah": 743.9079999999999, "vp_val": 619.0360000000001}, "KRW-SOL": {"signal": 2, "current_price": 63.56, "ma200": 101.1024, "trend": "downtrend", "target_long": 66.538, "target_short": 63.402, "vol_surge": false, "vp_poc": 67.0475, "vp_vah": 81.47749999999999, "vp_val": 60.3875}, "KRW-XRP": {"signal": 2, "current_price": 1.1061, "ma200": 1.598818, "trend": "downtrend", "target_long": 1.16056, "target_short": 1.11424, "vol_surge": false, "vp_poc": 1.333742, "vp_vah": 1.372934, "vp_val": 1.150846}, "KRW-DOGE": {"signal": 2, "current_price": 0.08336, "ma200": 0.11086525, "trend": "downtrend", "target_long": 0.086238, "target_short": 0.083382, "vol_surge": false, "vp_poc": 0.10065640000000001, "vp_vah": 0.10473879999999999, "vp_val": 0.0860764}, "KRW-LINK": {"signal": 2, "current_price": 7.657, "ma200": 10.418354999999998, "trend": "downtrend", "target_long": 7.9896, "target_short": 7.6903999999999995, "vol_surge": false, "vp_poc": 9.03247, "vp_vah": 9.76231, "vp_val": 7.93771}, "KRW-SUI": {"signal": 2, "current_price": 0.7395, "ma200": 1.165439, "trend": "downtrend", "target_long": 0.7624399999999999, "target_short": 0.73636, "vol_surge": false, "vp_poc": 0.751047, "vp_vah": 0.920715, "vp_val": 0.6662129999999999}}}