{"okx": {"KRW-BTC": {"signal": 0, "current_price": 66744.2, "ma200": 91090.23150000001, "trend": "downtrend", "target_long": 66915.72, "target_short": 65822.28, "vol_surge": false, "vp_poc": 70681.17800000001, "vp_vah": 71935.44200000001, "vp_val": 67545.51800000001}, "KRW-ETH": {"signal": 0, "current_price": 2005.55, "ma200": 3081.3804499999997, "trend": "downtrend", "target_long": 2020.2240000000002, "target_short": 1969.096, "vol_surge": false, "vp_poc": 2071.9675, "vp_vah": 2198.0725, "vp_val": 2021.5255000000002}, "KRW-BNB": {"signal": 0, "current_price": 614.3, "ma200": 870.653, "trend": "downtrend", "target_long": 614.58, "target_short": 607.2199999999999, "vol_surge": false, "vp_poc": 644.399, "vp_vah": 665.6410000000001, "vp_val": 623.157}, "KRW-SOL": {"signal": 0, "current_price": 82.54, "ma200": 141.2036, "trend": "downtrend", "target_long": 83.13000000000001, "target_short": 81.05, "vol_surge": false, "vp_poc": 88.56139999999999, "vp_vah": 92.3966, "vp_val": 85.3654}, "KRW-XRP": {"signal": 0, "current_price": 1.3384, "ma200": 2.0527205, "trend": "downtrend", "target_long": 1.34918, "target_short": 1.3178199999999998, "vol_surge": false, "vp_poc": 1.407759, "vp_vah": 1.4655390000000001, "vp_val": 1.355757}, "KRW-DOGE": {"signal": 0, "current_price": 0.09127, "ma200": 0.15127725, "trend": "downtrend", "target_long": 0.09325, "target_short": 0.08873, "vol_surge": false, "vp_poc": 0.09483839999999999, "vp_vah": 0.0982088, "vp_val": 0.0905488}, "KRW-LINK": {"signal": 0, "current_price": 8.523, "ma200": 13.9224, "trend": "downtrend", "target_long": 8.565399999999999, "target_short": 8.3086, "vol_surge": false, "vp_poc": 9.14225, "vp_vah": 9.551449999999999, "vp_val": 8.76715}, "KRW-SUI": {"signal": 0, "current_price": 0.8638, "ma200": 1.8162719999999999, "trend": "downtrend", "target_long": 0.8851, "target_short": 0.8339000000000001, "vol_surge": false, "vp_poc": 0.967435, "vp_vah": 1.0372949999999999, "vp_val": 0.932505}}}