{"okx": {"KRW-BTC": {"signal": 0, "current_price": 73458.3, "ma200": 88105.68299999999, "trend": "downtrend", "target_long": 73765.70000000001, "target_short": 72152.5, "vol_surge": false, "vp_poc": 68434.808, "vp_vah": 70900.824, "vp_val": 65968.792}, "KRW-ETH": {"signal": 0, "current_price": 2301.54, "ma200": 2928.4292, "trend": "downtrend", "target_long": 2278.0240000000003, "target_short": 2212.496, "vol_surge": false, "vp_poc": 2161.7886, "vp_vah": 2193.147, "vp_val": 2028.5153999999998}, "KRW-BNB": {"signal": 0, "current_price": 611.3, "ma200": 846.7325, "trend": "downtrend", "target_long": 610.98, "target_short": 600.4200000000001, "vol_surge": false, "vp_poc": 611.127, "vp_vah": 621.0029999999999, "vp_val": 584.7909999999999}, "KRW-SOL": {"signal": 0, "current_price": 85.36, "ma200": 131.22805, "trend": "downtrend", "target_long": 86.032, "target_short": 83.60799999999999, "vol_surge": false, "vp_poc": 82.9086, "vp_vah": 85.929, "vp_val": 79.217}, "KRW-XRP": {"signal": 0, "current_price": 1.363, "ma200": 1.9441675, "trend": "downtrend", "target_long": 1.3684800000000001, "target_short": 1.34352, "vol_surge": false, "vp_poc": 1.340609, "vp_vah": 1.374323, "vp_val": 1.306895}, "KRW-DOGE": {"signal": 0, "current_price": 0.0939, "ma200": 0.13992084999999999, "trend": "downtrend", "target_long": 0.09501799999999999, "target_short": 0.092362, "vol_surge": false, "vp_poc": 0.0924125, "vp_vah": 0.0940205, "vp_val": 0.09020149999999999}, "KRW-LINK": {"signal": 0, "current_price": 9.178, "ma200": 12.962549999999998, "trend": "downtrend", "target_long": 9.2018, "target_short": 8.968200000000001, "vol_surge": false, "vp_poc": 8.755289999999999, "vp_vah": 9.19831, "vp_val": 8.59893}, "KRW-SUI": {"signal": 0, "current_price": 0.9538, "ma200": 1.6382695, "trend": "downtrend", "target_long": 0.96048, "target_short": 0.9279200000000001, "vol_surge": false, "vp_poc": 0.872004, "vp_vah": 0.945052, "vp_val": 0.852948}}}