{"okx": {"KRW-BTC": {"signal": 2, "current_price": 66432.7, "ma200": 89878.9415, "trend": "downtrend", "target_long": 68078.8, "target_short": 65717.2, "vol_surge": false, "vp_poc": 71056.49, "vp_vah": 71496.962, "vp_val": 66431.534}, "KRW-ETH": {"signal": 2, "current_price": 2046.42, "ma200": 3018.3272500000003, "trend": "downtrend", "target_long": 2113.892, "target_short": 2000.3079999999998, "vol_surge": false, "vp_poc": 2167.2837, "vp_vah": 2194.2159, "vp_val": 2014.6679}, "KRW-BNB": {"signal": 2, "current_price": 583.2, "ma200": 862.5965000000001, "trend": "downtrend", "target_long": 600.94, "target_short": 566.46, "vol_surge": false, "vp_poc": 644.447, "vp_vah": 656.1370000000001, "vp_val": 600.025}, "KRW-SOL": {"signal": 0, "current_price": 79.12, "ma200": 137.286, "trend": "downtrend", "target_long": 80.98799999999999, "target_short": 76.932, "vol_surge": false, "vp_poc": 88.6529, "vp_vah": 95.36330000000001, "vp_val": 83.20070000000001}, "KRW-XRP": {"signal": 2, "current_price": 1.3064, "ma200": 2.0094135, "trend": "downtrend", "target_long": 1.3505800000000001, "target_short": 1.28922, "vol_surge": false, "vp_poc": 1.342392, "vp_vah": 1.46004, "vp_val": 1.309712}, "KRW-DOGE": {"signal": 2, "current_price": 0.09024, "ma200": 0.14671710000000002, "trend": "downtrend", "target_long": 0.091908, "target_short": 0.088932, "vol_surge": false, "vp_poc": 0.092704, "vp_vah": 0.096356, "vp_val": 0.08938399999999999}, "KRW-LINK": {"signal": 2, "current_price": 8.613, "ma200": 13.529140000000002, "trend": "downtrend", "target_long": 8.867, "target_short": 8.395, "vol_surge": false, "vp_poc": 9.19405, "vp_vah": 9.344850000000001, "vp_val": 8.44005}, "KRW-SUI": {"signal": 2, "current_price": 0.8599, "ma200": 1.745865, "trend": "downtrend", "target_long": 0.88224, "target_short": 0.8405600000000001, "vol_surge": false, "vp_poc": 0.9494990000000001, "vp_vah": 0.9919150000000001, "vp_val": 0.838157}}}