{"okx": {"KRW-BTC": {"signal": 0, "current_price": 74671.5, "ma200": 87178.9485, "trend": "downtrend", "target_long": 75581.62, "target_short": 74043.38, "vol_surge": false, "vp_poc": 66878.177, "vp_vah": 72181.265, "vp_val": 65773.367}, "KRW-ETH": {"signal": 0, "current_price": 2354.6, "ma200": 2885.2380500000004, "trend": "downtrend", "target_long": 2390.828, "target_short": 2329.292, "vol_surge": false, "vp_poc": 2229.4154, "vp_vah": 2267.5866, "vp_val": 2029.0166}, "KRW-BNB": {"signal": 0, "current_price": 622.3, "ma200": 837.6075, "trend": "downtrend", "target_long": 629.5, "target_short": 615.9000000000001, "vol_surge": false, "vp_poc": 611.1990000000001, "vp_vah": 619.165, "vp_val": 597.543}, "KRW-SOL": {"signal": 0, "current_price": 84.75, "ma200": 128.21405, "trend": "downtrend", "target_long": 86.168, "target_short": 83.632, "vol_surge": false, "vp_poc": 83.8175, "vp_vah": 85.7885, "vp_val": 81.18950000000001}, "KRW-XRP": {"signal": 0, "current_price": 1.391, "ma200": 1.9077305000000002, "trend": "downtrend", "target_long": 1.4157600000000001, "target_short": 1.36904, "vol_surge": false, "vp_poc": 1.352843, "vp_vah": 1.3658329999999999, "vp_val": 1.313873}, "KRW-DOGE": {"signal": 0, "current_price": 0.09479, "ma200": 0.13643149999999998, "trend": "downtrend", "target_long": 0.096546, "target_short": 0.093234, "vol_surge": false, "vp_poc": 0.09243950000000001, "vp_vah": 0.0940571, "vp_val": 0.0904175}, "KRW-LINK": {"signal": 0, "current_price": 9.248, "ma200": 12.66304, "trend": "downtrend", "target_long": 9.4116, "target_short": 9.1084, "vol_surge": false, "vp_poc": 8.7539, "vp_vah": 9.15134, "vp_val": 8.580020000000001}, "KRW-SUI": {"signal": 0, "current_price": 0.9577, "ma200": 1.5810000000000002, "trend": "downtrend", "target_long": 0.9780599999999999, "target_short": 0.93974, "vol_surge": false, "vp_poc": 0.872004, "vp_vah": 0.935524, "vp_val": 0.846596}}}