{"okx": {"KRW-BTC": {"signal": 2, "current_price": 67064.7, "ma200": 79279.758, "trend": "downtrend", "target_long": 72781.14, "target_short": 70053.46, "vol_surge": true, "vp_poc": 77198.057, "vp_vah": 81578.74100000001, "vp_val": 74068.997}, "KRW-ETH": {"signal": 2, "current_price": 1894.27, "ma200": 2486.33275, "trend": "downtrend", "target_long": 2032.566, "target_short": 1980.5339999999999, "vol_surge": true, "vp_poc": 2109.6494000000002, "vp_vah": 2154.2474, "vp_val": 1993.6946}, "KRW-BNB": {"signal": 0, "current_price": 654.4, "ma200": 732.8915000000001, "trend": "downtrend", "target_long": 715.54, "target_short": 671.06, "vol_surge": true, "vp_poc": 657.675, "vp_vah": 702.325, "vp_val": 636.5249999999999}, "KRW-SOL": {"signal": 2, "current_price": 74.99, "ma200": 103.84270000000001, "trend": "downtrend", "target_long": 82.876, "target_short": 79.684, "vol_surge": true, "vp_poc": 85.7734, "vp_vah": 86.929, "vp_val": 80.7658}, "KRW-XRP": {"signal": 2, "current_price": 1.2182, "ma200": 1.6374315, "trend": "downtrend", "target_long": 1.32208, "target_short": 1.27232, "vol_surge": false, "vp_poc": 1.354405, "vp_vah": 1.4093650000000002, "vp_val": 1.285705}, "KRW-DOGE": {"signal": 0, "current_price": 0.09378, "ma200": 0.11354829999999999, "trend": "downtrend", "target_long": 0.1026, "target_short": 0.0996, "vol_surge": false, "vp_poc": 0.1006003, "vp_vah": 0.1079167, "vp_val": 0.0969421}, "KRW-LINK": {"signal": 2, "current_price": 8.472, "ma200": 10.635010000000001, "trend": "downtrend", "target_long": 9.206999999999999, "target_short": 8.911, "vol_surge": false, "vp_poc": 9.55212, "vp_vah": 9.83868, "vp_val": 9.02676}, "KRW-SUI": {"signal": 2, "current_price": 0.8185, "ma200": 1.1982865, "trend": "downtrend", "target_long": 0.8979, "target_short": 0.8615, "vol_surge": false, "vp_poc": 1.0490110000000001, "vp_vah": 1.2263769999999998, "vp_val": 0.9645509999999999}}}