{"okx": {"KRW-BTC": {"signal": 0, "current_price": 65575.9, "ma200": 72849.30900000001, "trend": "downtrend", "target_long": 66073.66, "target_short": 64445.34, "vol_surge": false, "vp_poc": 63000.96000000001, "vp_vah": 64865.520000000004, "vp_val": 62255.136}, "KRW-ETH": {"signal": 0, "current_price": 1914.99, "ma200": 2173.4688, "trend": "downtrend", "target_long": 1934.818, "target_short": 1874.4019999999998, "vol_surge": false, "vp_poc": 1761.3505, "vp_vah": 1824.1975000000002, "vp_val": 1733.4185000000002}, "KRW-BNB": {"signal": 0, "current_price": 573.7, "ma200": 661.3435000000001, "trend": "downtrend", "target_long": 576.38, "target_short": 566.2199999999999, "vol_surge": false, "vp_poc": 572.2049999999999, "vp_vah": 582.567, "vp_val": 566.553}, "KRW-SOL": {"signal": 0, "current_price": 78.15, "ma200": 89.61255000000001, "trend": "downtrend", "target_long": 79.002, "target_short": 76.698, "vol_surge": false, "vp_poc": 77.0835, "vp_vah": 80.9031, "vp_val": 74.7493}, "KRW-XRP": {"signal": 0, "current_price": 1.1164, "ma200": 1.4165629999999998, "trend": "downtrend", "target_long": 1.1274000000000002, "target_short": 1.0974, "vol_surge": false, "vp_poc": 1.09097, "vp_vah": 1.1243299999999998, "vp_val": 1.07151}, "KRW-DOGE": {"signal": 0, "current_price": 0.07229, "ma200": 0.09870564999999999, "trend": "downtrend", "target_long": 0.073186, "target_short": 0.07119400000000001, "vol_surge": false, "vp_poc": 0.07267499999999999, "vp_vah": 0.07539499999999999, "vp_val": 0.07148499999999999}, "KRW-LINK": {"signal": 0, "current_price": 8.614, "ma200": 9.37158, "trend": "downtrend", "target_long": 8.7378, "target_short": 8.4482, "vol_surge": false, "vp_poc": 7.91145, "vp_vah": 8.286929999999998, "vp_val": 7.535969999999999}, "KRW-SUI": {"signal": 0, "current_price": 0.7701, "ma200": 1.0072020000000002, "trend": "downtrend", "target_long": 0.77888, "target_short": 0.75072, "vol_surge": false, "vp_poc": 0.745477, "vp_vah": 0.759253, "vp_val": 0.723091}}}