{"okx": {"KRW-BTC": {"signal": 0, "current_price": 74904.6, "ma200": 87180.114, "trend": "downtrend", "target_long": 75581.62, "target_short": 74043.38, "vol_surge": false, "vp_poc": 66878.177, "vp_vah": 72623.189, "vp_val": 65773.367}, "KRW-ETH": {"signal": 0, "current_price": 2344.0, "ma200": 2885.18505, "trend": "downtrend", "target_long": 2390.828, "target_short": 2329.292, "vol_surge": false, "vp_poc": 2229.4154, "vp_vah": 2267.5866, "vp_val": 2009.931}, "KRW-BNB": {"signal": 0, "current_price": 632.9, "ma200": 837.6605000000001, "trend": "downtrend", "target_long": 629.5, "target_short": 615.9000000000001, "vol_surge": false, "vp_poc": 611.7919999999999, "vp_vah": 621.2, "vp_val": 598.352}, "KRW-SOL": {"signal": 0, "current_price": 89.13, "ma200": 128.23595, "trend": "downtrend", "target_long": 86.168, "target_short": 83.632, "vol_surge": false, "vp_poc": 84.01400000000001, "vp_vah": 85.946, "vp_val": 80.97800000000001}, "KRW-XRP": {"signal": 0, "current_price": 1.4498, "ma200": 1.9080245, "trend": "downtrend", "target_long": 1.4157600000000001, "target_short": 1.36904, "vol_surge": false, "vp_poc": 1.355798, "vp_vah": 1.367066, "vp_val": 1.3107259999999998}, "KRW-DOGE": {"signal": 0, "current_price": 0.09908, "ma200": 0.13645295, "trend": "downtrend", "target_long": 0.096546, "target_short": 0.093234, "vol_surge": true, "vp_poc": 0.0925622, "vp_vah": 0.09447900000000001, "vp_val": 0.0904058}, "KRW-LINK": {"signal": 0, "current_price": 9.508, "ma200": 12.664340000000003, "trend": "downtrend", "target_long": 9.4116, "target_short": 9.1084, "vol_surge": false, "vp_poc": 8.74334, "vp_vah": 9.1583, "vp_val": 8.53586}, "KRW-SUI": {"signal": 0, "current_price": 1.0048, "ma200": 1.5812355000000002, "trend": "downtrend", "target_long": 0.9780599999999999, "target_short": 0.93974, "vol_surge": true, "vp_poc": 0.87117, "vp_vah": 0.94375, "vp_val": 0.84825}}}