{"okx": {"KRW-BTC": {"signal": 2, "current_price": 68732.5, "ma200": 88921.30700000002, "trend": "downtrend", "target_long": 69659.98, "target_short": 68021.81999999999, "vol_surge": false, "vp_poc": 68576.12, "vp_vah": 70259.0, "vp_val": 66472.51999999999}, "KRW-ETH": {"signal": 0, "current_price": 2108.49, "ma200": 2969.5822000000003, "trend": "downtrend", "target_long": 2141.842, "target_short": 2072.738, "vol_surge": false, "vp_poc": 2118.7492, "vp_vah": 2166.0644, "vp_val": 2041.8619999999999}, "KRW-BNB": {"signal": 0, "current_price": 600.8, "ma200": 855.039, "trend": "downtrend", "target_long": 605.96, "target_short": 594.44, "vol_surge": false, "vp_poc": 638.187, "vp_vah": 650.129, "vp_val": 605.7729999999999}, "KRW-SOL": {"signal": 0, "current_price": 80.09, "ma200": 134.06725, "trend": "downtrend", "target_long": 81.45, "target_short": 78.57000000000001, "vol_surge": false, "vp_poc": 80.2238, "vp_vah": 88.6138, "vp_val": 78.8814}, "KRW-XRP": {"signal": 2, "current_price": 1.313, "ma200": 1.9749269999999999, "trend": "downtrend", "target_long": 1.3390199999999999, "target_short": 1.30278, "vol_surge": false, "vp_poc": 1.3214510000000002, "vp_vah": 1.4067530000000001, "vp_val": 1.297079}, "KRW-DOGE": {"signal": 0, "current_price": 0.09077, "ma200": 0.14307045, "trend": "downtrend", "target_long": 0.092068, "target_short": 0.08909199999999999, "vol_surge": false, "vp_poc": 0.09180949999999999, "vp_vah": 0.0938195, "vp_val": 0.0900005}, "KRW-LINK": {"signal": 2, "current_price": 8.791, "ma200": 13.226999999999999, "trend": "downtrend", "target_long": 8.9686, "target_short": 8.6254, "vol_surge": false, "vp_poc": 8.755289999999999, "vp_vah": 9.172249999999998, "vp_val": 8.57287}, "KRW-SUI": {"signal": 0, "current_price": 0.8746, "ma200": 1.6888805000000002, "trend": "downtrend", "target_long": 0.89234, "target_short": 0.84906, "vol_surge": false, "vp_poc": 0.870437, "vp_vah": 0.940557, "vp_val": 0.842389}}}