{"okx": {"KRW-BTC": {"signal": 2, "current_price": 64733.0, "ma200": 79123.872, "trend": "downtrend", "target_long": 68843.94, "target_short": 64671.060000000005, "vol_surge": true, "vp_poc": 77027.264, "vp_vah": 79089.68, "vp_val": 73246.168}, "KRW-ETH": {"signal": 2, "current_price": 1824.95, "ma200": 2479.44575, "trend": "downtrend", "target_long": 1927.114, "target_short": 1792.7060000000001, "vol_surge": true, "vp_poc": 2114.027, "vp_vah": 2156.6014, "vp_val": 1986.3038}, "KRW-BNB": {"signal": 0, "current_price": 626.9, "ma200": 731.3459999999999, "trend": "downtrend", "target_long": 672.0799999999999, "target_short": 629.52, "vol_surge": false, "vp_poc": 656.4449999999999, "vp_vah": 703.0649999999999, "vp_val": 635.7249999999999}, "KRW-SOL": {"signal": 2, "current_price": 71.95, "ma200": 103.50054999999999, "trend": "downtrend", "target_long": 77.662, "target_short": 70.798, "vol_surge": true, "vp_poc": 85.4726, "vp_vah": 87.215, "vp_val": 80.681}, "KRW-XRP": {"signal": 2, "current_price": 1.2029, "ma200": 1.632228, "trend": "downtrend", "target_long": 1.25302, "target_short": 1.17078, "vol_surge": false, "vp_poc": 1.365595, "vp_vah": 1.396945, "vp_val": 1.2840850000000001}, "KRW-DOGE": {"signal": 2, "current_price": 0.0918, "ma200": 0.11318635, "trend": "downtrend", "target_long": 0.09676599999999999, "target_short": 0.08873400000000001, "vol_surge": false, "vp_poc": 0.1037614, "vp_vah": 0.1069846, "vp_val": 0.0967778}, "KRW-LINK": {"signal": 2, "current_price": 8.356, "ma200": 10.605609999999999, "trend": "downtrend", "target_long": 8.706399999999999, "target_short": 8.0456, "vol_surge": false, "vp_poc": 9.55291, "vp_vah": 9.84679, "vp_val": 9.014130000000002}, "KRW-SUI": {"signal": 0, "current_price": 0.8297, "ma200": 1.1935345, "trend": "downtrend", "target_long": 0.8442799999999999, "target_short": 0.77292, "vol_surge": false, "vp_poc": 1.0479180000000001, "vp_vah": 1.195014, "vp_val": 0.9171659999999999}}}