{"okx": {"KRW-BTC": {"signal": 0, "current_price": 64119.3, "ma200": 74148.435, "trend": "downtrend", "target_long": 63949.799999999996, "target_short": 62507.4, "vol_surge": false, "vp_poc": 63361.671, "vp_vah": 64143.681, "vp_val": 59920.827000000005}, "KRW-ETH": {"signal": 0, "current_price": 1779.01, "ma200": 2234.4559, "trend": "downtrend", "target_long": 1761.636, "target_short": 1728.844, "vol_surge": false, "vp_poc": 1734.1924, "vp_vah": 1830.7804, "vp_val": 1695.5572000000002}, "KRW-BNB": {"signal": 0, "current_price": 578.1, "ma200": 676.7434999999999, "trend": "downtrend", "target_long": 573.26, "target_short": 564.1400000000001, "vol_surge": false, "vp_poc": 570.4010000000001, "vp_vah": 579.515, "vp_val": 546.965}, "KRW-SOL": {"signal": 0, "current_price": 79.29, "ma200": 92.26275, "trend": "downtrend", "target_long": 78.884, "target_short": 77.19600000000001, "vol_surge": false, "vp_poc": 72.6199, "vp_vah": 78.59890000000001, "vp_val": 65.04650000000001}, "KRW-XRP": {"signal": 0, "current_price": 1.1093, "ma200": 1.4592745, "trend": "downtrend", "target_long": 1.1015599999999999, "target_short": 1.08524, "vol_surge": false, "vp_poc": 1.049427, "vp_vah": 1.129881, "vp_val": 1.028439}, "KRW-DOGE": {"signal": 0, "current_price": 0.07419, "ma200": 0.10162385, "trend": "downtrend", "target_long": 0.07355400000000001, "target_short": 0.072266, "vol_surge": false, "vp_poc": 0.073088, "vp_vah": 0.077768, "vp_val": 0.07215200000000001}, "KRW-LINK": {"signal": 0, "current_price": 7.92, "ma200": 9.598965, "trend": "downtrend", "target_long": 7.8304, "target_short": 7.6376, "vol_surge": false, "vp_poc": 7.88425, "vp_vah": 8.04763, "vp_val": 7.32409}, "KRW-SUI": {"signal": 0, "current_price": 0.7271, "ma200": 1.0454355000000002, "trend": "downtrend", "target_long": 0.72708, "target_short": 0.70732, "vol_surge": false, "vp_poc": 0.697155, "vp_vah": 0.739171, "vp_val": 0.673521}}}