{"okx": {"KRW-BTC": {"signal": 0, "current_price": 70619.9, "ma200": 92813.677, "trend": "downtrend", "target_long": 71304.6, "target_short": 69726.6, "vol_surge": false, "vp_poc": 70751.258, "vp_vah": 72468.986, "vp_val": 67101.08600000001}, "KRW-ETH": {"signal": 0, "current_price": 2156.75, "ma200": 3171.8232000000003, "trend": "downtrend", "target_long": 2169.9220000000005, "target_short": 2122.178, "vol_surge": false, "vp_poc": 2077.0305, "vp_vah": 2162.9319, "vp_val": 1933.8615}, "KRW-BNB": {"signal": 0, "current_price": 643.3, "ma200": 880.319, "trend": "downtrend", "target_long": 646.74, "target_short": 637.8599999999999, "vol_surge": false, "vp_poc": 642.1569999999999, "vp_vah": 666.127, "vp_val": 626.1769999999999}, "KRW-SOL": {"signal": 0, "current_price": 90.19, "ma200": 146.1366, "trend": "downtrend", "target_long": 90.78399999999999, "target_short": 88.936, "vol_surge": false, "vp_poc": 87.0377, "vp_vah": 92.2667, "vp_val": 84.5975}, "KRW-XRP": {"signal": 2, "current_price": 1.4393, "ma200": 2.1130455, "trend": "downtrend", "target_long": 1.46184, "target_short": 1.42856, "vol_surge": false, "vp_poc": 1.387342, "vp_vah": 1.455838, "vp_val": 1.3473860000000002}, "KRW-DOGE": {"signal": 0, "current_price": 0.09439, "ma200": 0.15670665, "trend": "downtrend", "target_long": 0.09518, "target_short": 0.09318, "vol_surge": false, "vp_poc": 0.094623, "vp_vah": 0.0992874, "vp_val": 0.09067620000000001}, "KRW-ADA": {"signal": 2, "current_price": 0.2642, "ma200": 0.48879649999999997, "trend": "downtrend", "target_long": 0.27062, "target_short": 0.26158, "vol_surge": false, "vp_poc": 0.265266, "vp_vah": 0.280086, "vp_val": 0.257362}, "KRW-AVAX": {"signal": 0, "current_price": 9.559, "ma200": 16.343120000000003, "trend": "downtrend", "target_long": 9.6648, "target_short": 9.479199999999999, "vol_surge": false, "vp_poc": 9.51925, "vp_vah": 9.81765, "vp_val": 8.922450000000001}, "KRW-LINK": {"signal": 0, "current_price": 9.14, "ma200": 14.48286, "trend": "downtrend", "target_long": 9.2122, "target_short": 9.0138, "vol_surge": false, "vp_poc": 9.11727, "vp_vah": 9.38751, "vp_val": 8.64435}, "KRW-DOT": {"signal": 2, "current_price": 1.498, "ma200": 2.470385, "trend": "downtrend", "target_long": 1.5224, "target_short": 1.4776, "vol_surge": false, "vp_poc": 1.50881, "vp_vah": 1.55687, "vp_val": 1.4447299999999998}, "KRW-TON": {"signal": 0, "current_price": 1.257, "ma200": 1.8915950000000001, "trend": "downtrend", "target_long": 1.2812000000000001, "target_short": 1.2348, "vol_surge": false, "vp_poc": 1.3057500000000002, "vp_vah": 1.35495, "vp_val": 1.2729499999999998}, "KRW-MATIC": {"signal": 0, "current_price": 0.09639, "ma200": 0.15409905000000002, "trend": "downtrend", "target_long": 0.100938, "target_short": 0.09604199999999999, "vol_surge": false, "vp_poc": 0.0969073, "vp_vah": 0.10125010000000001, "vp_val": 0.0953563}, "KRW-UNI": {"signal": 0, "current_price": 3.601, "ma200": 5.88289, "trend": "downtrend", "target_long": 3.6486, "target_short": 3.5654000000000003, "vol_surge": false, "vp_poc": 3.9756899999999997, "vp_vah": 4.08881, "vp_val": 3.7918699999999994}, "KRW-LTC": {"signal": 0, "current_price": 56.33, "ma200": 82.67705, "trend": "downtrend", "target_long": 56.68, "target_short": 55.68, "vol_surge": false, "vp_poc": 54.745999999999995, "vp_vah": 56.67, "vp_val": 53.414}, "KRW-BCH": {"signal": 0, "current_price": 469.3, "ma200": 546.8285, "trend": "downtrend", "target_long": 482.78, "target_short": 466.62, "vol_surge": false, "vp_poc": 452.524, "vp_vah": 466.972, "vp_val": 443.236}, "KRW-APT": {"signal": 0, "current_price": 1.0203, "ma200": 2.4033239999999996, "trend": "downtrend", "target_long": 1.02274, "target_short": 0.95906, "vol_surge": false, "vp_poc": 0.9871349999999999, "vp_vah": 1.019415, "vp_val": 0.9440949999999999}, "KRW-NEAR": {"signal": 0, "current_price": 1.314, "ma200": 1.8851250000000002, "trend": "downtrend", "target_long": 1.3384, "target_short": 1.2936, "vol_surge": false, "vp_poc": 1.3296999999999999, "vp_vah": 1.4111, "vp_val": 1.2409}, "KRW-OP": {"signal": 0, "current_price": 0.1228, "ma200": 0.37042250000000004, "trend": "downtrend", "target_long": 0.12584, "target_short": 0.12216, "vol_surge": false, "vp_poc": 0.12566100000000002, "vp_vah": 0.129869, "vp_val": 0.118297}, "KRW-ARB": {"signal": 0, "current_price": 0.09985, "ma200": 0.24599995, "trend": "downtrend", "target_long": 0.10106599999999999, "target_short": 0.098634, "vol_surge": false, "vp_poc": 0.1012073, "vp_vah": 0.10591590000000001, "vp_val": 0.0983097}, "KRW-SUI": {"signal": 0, "current_price": 0.9638, "ma200": 1.9167149999999997, "trend": "downtrend", "target_long": 0.98276, "target_short": 0.9536399999999999, "vol_surge": false, "vp_poc": 0.963975, "vp_vah": 1.003485, "vp_val": 0.893735}}}