{"okx": {"KRW-BTC": {"signal": 0, "current_price": 73433.6, "ma200": 80006.26400000001, "trend": "downtrend", "target_long": 75223.56, "target_short": 73678.44, "vol_surge": false, "vp_poc": 77034.375, "vp_vah": 79605.645, "vp_val": 72682.995}, "KRW-ETH": {"signal": 2, "current_price": 2019.7, "ma200": 2520.38235, "trend": "downtrend", "target_long": 2057.656, "target_short": 1992.5439999999999, "vol_surge": false, "vp_poc": 2113.058, "vp_vah": 2254.2532, "vp_val": 1971.8627999999999}, "KRW-BNB": {"signal": 0, "current_price": 640.5, "ma200": 739.528, "trend": "downtrend", "target_long": 654.1999999999999, "target_short": 643.4, "vol_surge": false, "vp_poc": 656.02, "vp_vah": 672.036, "vp_val": 644.932}, "KRW-SOL": {"signal": 0, "current_price": 82.47, "ma200": 105.62189999999998, "trend": "downtrend", "target_long": 83.51400000000001, "target_short": 81.346, "vol_surge": false, "vp_poc": 85.71159999999999, "vp_vah": 91.954, "vp_val": 80.2036}, "KRW-XRP": {"signal": 0, "current_price": 1.3226, "ma200": 1.664231, "trend": "downtrend", "target_long": 1.32372, "target_short": 1.2914800000000002, "vol_surge": false, "vp_poc": 1.355344, "vp_vah": 1.4457119999999999, "vp_val": 1.304512}, "KRW-DOGE": {"signal": 0, "current_price": 0.09997, "ma200": 0.11530004999999999, "trend": "downtrend", "target_long": 0.102108, "target_short": 0.098852, "vol_surge": false, "vp_poc": 0.10292480000000001, "vp_vah": 0.1117728, "vp_val": 0.10027040000000001}, "KRW-LINK": {"signal": 0, "current_price": 9.021, "ma200": 10.78648, "trend": "downtrend", "target_long": 9.2858, "target_short": 8.9842, "vol_surge": false, "vp_poc": 9.54585, "vp_vah": 10.17735, "vp_val": 8.788049999999998}, "KRW-SUI": {"signal": 0, "current_price": 0.9324, "ma200": 1.2250255, "trend": "downtrend", "target_long": 0.98464, "target_short": 0.93536, "vol_surge": false, "vp_poc": 1.05099, "vp_vah": 1.25539, "vp_val": 0.9998900000000001}}}