{"okx": {"KRW-BTC": {"signal": 0, "current_price": 61292.8, "ma200": 75114.15199999999, "trend": "downtrend", "target_long": 61449.14, "target_short": 58623.06, "vol_surge": true, "vp_poc": 59992.238, "vp_vah": 63978.29, "vp_val": 58283.93000000001}, "KRW-ETH": {"signal": 0, "current_price": 1647.69, "ma200": 2281.17545, "trend": "downtrend", "target_long": 1647.124, "target_short": 1572.356, "vol_surge": false, "vp_poc": 1711.0824000000002, "vp_vah": 1778.5544, "vp_val": 1603.1272}, "KRW-BNB": {"signal": 0, "current_price": 556.6, "ma200": 687.8165000000001, "trend": "downtrend", "target_long": 559.7, "target_short": 541.7, "vol_surge": false, "vp_poc": 555.5540000000001, "vp_vah": 601.922, "vp_val": 542.0300000000001}, "KRW-SOL": {"signal": 0, "current_price": 81.94, "ma200": 94.07130000000001, "trend": "downtrend", "target_long": 80.13999999999999, "target_short": 74.78, "vol_surge": false, "vp_poc": 72.57579999999999, "vp_vah": 74.7526, "vp_val": 68.58500000000001}, "KRW-XRP": {"signal": 0, "current_price": 1.0788, "ma200": 1.490062, "trend": "downtrend", "target_long": 1.07376, "target_short": 1.0322399999999998, "vol_surge": false, "vp_poc": 1.05183, "vp_vah": 1.154142, "vp_val": 1.012042}, "KRW-DOGE": {"signal": 0, "current_price": 0.07395, "ma200": 0.10379469999999999, "trend": "downtrend", "target_long": 0.073622, "target_short": 0.070838, "vol_surge": false, "vp_poc": 0.0731397, "vp_vah": 0.0851293, "vp_val": 0.0697141}, "KRW-LINK": {"signal": 0, "current_price": 7.637, "ma200": 9.7828, "trend": "downtrend", "target_long": 7.5436, "target_short": 7.1724, "vol_surge": false, "vp_poc": 7.31433, "vp_vah": 7.95713, "vp_val": 7.02507}, "KRW-SUI": {"signal": 0, "current_price": 0.7437, "ma200": 1.0738575, "trend": "downtrend", "target_long": 0.73656, "target_short": 0.69464, "vol_surge": false, "vp_poc": 0.702704, "vp_vah": 0.74888, "vp_val": 0.652976}}}