{"okx": {"KRW-BTC": {"signal": 0, "current_price": 65388.2, "ma200": 72972.008, "trend": "downtrend", "target_long": 65009.96000000001, "target_short": 64451.64, "vol_surge": false, "vp_poc": 62923.990000000005, "vp_vah": 64655.081999999995, "vp_val": 61822.386}, "KRW-ETH": {"signal": 0, "current_price": 1896.5, "ma200": 2179.48025, "trend": "downtrend", "target_long": 1883.382, "target_short": 1860.998, "vol_surge": false, "vp_poc": 1761.408, "vp_vah": 1832.256, "vp_val": 1729.92}, "KRW-BNB": {"signal": 0, "current_price": 572.8, "ma200": 662.8889999999999, "trend": "downtrend", "target_long": 573.8000000000001, "target_short": 568.6, "vol_surge": false, "vp_poc": 572.606, "vp_vah": 584.97, "vp_val": 566.986}, "KRW-SOL": {"signal": 0, "current_price": 77.67, "ma200": 89.88235, "trend": "downtrend", "target_long": 76.916, "target_short": 75.844, "vol_surge": false, "vp_poc": 77.2996, "vp_vah": 80.8156, "vp_val": 74.72120000000001}, "KRW-XRP": {"signal": 0, "current_price": 1.1129, "ma200": 1.4210159999999998, "trend": "downtrend", "target_long": 1.10288, "target_short": 1.0927200000000001, "vol_surge": false, "vp_poc": 1.101378, "vp_vah": 1.133818, "vp_val": 1.072182}, "KRW-DOGE": {"signal": 0, "current_price": 0.07314, "ma200": 0.09905825, "trend": "downtrend", "target_long": 0.072888, "target_short": 0.071952, "vol_surge": false, "vp_poc": 0.07273, "vp_vah": 0.0752164, "vp_val": 0.0714868}, "KRW-LINK": {"signal": 0, "current_price": 8.529, "ma200": 9.394575, "trend": "downtrend", "target_long": 8.434800000000001, "target_short": 8.3332, "vol_surge": false, "vp_poc": 7.92845, "vp_vah": 8.24025, "vp_val": 7.336029999999999}, "KRW-SUI": {"signal": 0, "current_price": 0.763, "ma200": 1.011383, "trend": "downtrend", "target_long": 0.75648, "target_short": 0.74272, "vol_surge": false, "vp_poc": 0.7458899999999999, "vp_vah": 0.7605339999999999, "vp_val": 0.7228779999999999}}}