{"okx": {"KRW-BTC": {"signal": 0, "current_price": 69221.0, "ma200": 90370.929, "trend": "downtrend", "target_long": 69313.09999999999, "target_short": 67242.7, "vol_surge": false, "vp_poc": 71056.49, "vp_vah": 71937.43400000001, "vp_val": 66431.534}, "KRW-ETH": {"signal": 0, "current_price": 2154.29, "ma200": 3043.5186500000004, "trend": "downtrend", "target_long": 2150.5020000000004, "target_short": 2060.718, "vol_surge": false, "vp_poc": 2167.2837, "vp_vah": 2203.1933, "vp_val": 2014.6679}, "KRW-BNB": {"signal": 0, "current_price": 620.2, "ma200": 866.0390000000001, "trend": "downtrend", "target_long": 625.8199999999999, "target_short": 609.1800000000001, "vol_surge": false, "vp_poc": 639.364, "vp_vah": 675.844, "vp_val": 624.7719999999999}, "KRW-SOL": {"signal": 0, "current_price": 84.61, "ma200": 138.88324999999998, "trend": "downtrend", "target_long": 85.004, "target_short": 81.396, "vol_surge": false, "vp_poc": 88.4629, "vp_vah": 94.8515, "vp_val": 85.45649999999999}, "KRW-XRP": {"signal": 0, "current_price": 1.3644, "ma200": 2.0264915, "trend": "downtrend", "target_long": 1.35944, "target_short": 1.32256, "vol_surge": false, "vp_poc": 1.404235, "vp_vah": 1.460413, "vp_val": 1.3293309999999998}, "KRW-DOGE": {"signal": 0, "current_price": 0.09442, "ma200": 0.1485562, "trend": "downtrend", "target_long": 0.093712, "target_short": 0.090928, "vol_surge": false, "vp_poc": 0.094696, "vp_vah": 0.09768399999999999, "vp_val": 0.08938399999999999}, "KRW-LINK": {"signal": 0, "current_price": 9.109, "ma200": 13.682075, "trend": "downtrend", "target_long": 8.9346, "target_short": 8.627400000000002, "vol_surge": false, "vp_poc": 9.118649999999999, "vp_vah": 9.495650000000001, "vp_val": 8.59085}, "KRW-SUI": {"signal": 0, "current_price": 0.9024, "ma200": 1.7734014999999999, "trend": "downtrend", "target_long": 0.8926, "target_short": 0.8638, "vol_surge": false, "vp_poc": 0.9494990000000001, "vp_vah": 1.060841, "vp_val": 0.912385}}}