{"okx": {"KRW-BTC": {"signal": 0, "current_price": 76586.8, "ma200": 86807.827, "trend": "downtrend", "target_long": 78596.36000000002, "target_short": 75550.84, "vol_surge": false, "vp_poc": 72655.13, "vp_vah": 78217.87400000001, "vp_val": 68609.49799999999}, "KRW-ETH": {"signal": 0, "current_price": 2379.48, "ma200": 2867.3979999999997, "trend": "downtrend", "target_long": 2478.476, "target_short": 2359.284, "vol_surge": false, "vp_poc": 2082.1548, "vp_vah": 2305.6596, "vp_val": 2023.8491999999999}, "KRW-BNB": {"signal": 0, "current_price": 635.3, "ma200": 833.8725, "trend": "downtrend", "target_long": 650.84, "target_short": 635.5600000000001, "vol_surge": false, "vp_poc": 612.246, "vp_vah": 621.63, "vp_val": 593.478}, "KRW-SOL": {"signal": 2, "current_price": 87.45, "ma200": 127.0095, "trend": "downtrend", "target_long": 90.122, "target_short": 87.41799999999999, "vol_surge": false, "vp_poc": 83.8604, "vp_vah": 85.826, "vp_val": 80.21000000000001}, "KRW-XRP": {"signal": 0, "current_price": 1.4516, "ma200": 1.8940489999999999, "trend": "downtrend", "target_long": 1.51048, "target_short": 1.44072, "vol_surge": false, "vp_poc": 1.35503, "vp_vah": 1.37351, "vp_val": 1.3042099999999999}, "KRW-DOGE": {"signal": 0, "current_price": 0.09709, "ma200": 0.13509764999999999, "trend": "downtrend", "target_long": 0.10159399999999999, "target_short": 0.097226, "vol_surge": false, "vp_poc": 0.0925486, "vp_vah": 0.0951846, "vp_val": 0.0901762}, "KRW-LINK": {"signal": 0, "current_price": 9.471, "ma200": 12.545030000000002, "trend": "downtrend", "target_long": 9.8224, "target_short": 9.4016, "vol_surge": false, "vp_poc": 8.767, "vp_vah": 9.26612, "vp_val": 8.6202}, "KRW-SUI": {"signal": 2, "current_price": 0.987, "ma200": 1.5584325, "trend": "downtrend", "target_long": 1.02448, "target_short": 0.9691200000000001, "vol_surge": false, "vp_poc": 0.872071, "vp_vah": 0.9587169999999999, "vp_val": 0.855567}}}