{"okx": {"KRW-BTC": {"signal": 0, "current_price": 61514.1, "ma200": 75115.2585, "trend": "downtrend", "target_long": 61449.14, "target_short": 58623.06, "vol_surge": true, "vp_poc": 59992.238, "vp_vah": 63788.478, "vp_val": 58283.93000000001}, "KRW-ETH": {"signal": 0, "current_price": 1697.98, "ma200": 2281.4269, "trend": "downtrend", "target_long": 1647.124, "target_short": 1572.356, "vol_surge": false, "vp_poc": 1711.0824000000002, "vp_vah": 1778.5544, "vp_val": 1609.8744000000002}, "KRW-BNB": {"signal": 0, "current_price": 558.7, "ma200": 687.827, "trend": "downtrend", "target_long": 559.7, "target_short": 541.7, "vol_surge": false, "vp_poc": 555.5540000000001, "vp_vah": 599.99, "vp_val": 542.0300000000001}, "KRW-SOL": {"signal": 0, "current_price": 80.58, "ma200": 94.06450000000001, "trend": "downtrend", "target_long": 80.13999999999999, "target_short": 74.78, "vol_surge": true, "vp_poc": 72.4785, "vp_vah": 74.7261, "vp_val": 67.98329999999999}, "KRW-XRP": {"signal": 0, "current_price": 1.0865, "ma200": 1.4901005, "trend": "downtrend", "target_long": 1.07376, "target_short": 1.0322399999999998, "vol_surge": false, "vp_poc": 1.05183, "vp_vah": 1.154142, "vp_val": 1.012042}, "KRW-DOGE": {"signal": 0, "current_price": 0.0742, "ma200": 0.10379595, "trend": "downtrend", "target_long": 0.073622, "target_short": 0.070838, "vol_surge": false, "vp_poc": 0.0731397, "vp_vah": 0.0847011, "vp_val": 0.0697141}, "KRW-LINK": {"signal": 0, "current_price": 7.744, "ma200": 9.783335, "trend": "downtrend", "target_long": 7.5436, "target_short": 7.1724, "vol_surge": false, "vp_poc": 7.31433, "vp_vah": 7.92499, "vp_val": 7.02507}, "KRW-SUI": {"signal": 0, "current_price": 0.7342, "ma200": 1.07381, "trend": "downtrend", "target_long": 0.73656, "target_short": 0.69464, "vol_surge": false, "vp_poc": 0.702704, "vp_vah": 0.752432, "vp_val": 0.66008}}}