{"okx": {"KRW-ETH": {"signal": 2, "current_price": 1615.11, "ma200": 2433.95105, "trend": "downtrend", "target_long": 1672.5819999999999, "target_short": 1606.478, "vol_surge": false, "vp_poc": 1652.8857, "vp_vah": 1988.5924999999997, "vp_val": 1510.8559}, "KRW-BNB": {"signal": 2, "current_price": 583.7, "ma200": 721.003, "trend": "downtrend", "target_long": 602.58, "target_short": 584.82, "vol_surge": false, "vp_poc": 656.876, "vp_vah": 743.9079999999999, "vp_val": 611.4680000000001}, "KRW-SOL": {"signal": 2, "current_price": 62.71, "ma200": 101.09815, "trend": "downtrend", "target_long": 66.538, "target_short": 63.402, "vol_surge": false, "vp_poc": 65.3825, "vp_vah": 81.47749999999999, "vp_val": 60.3875}, "KRW-XRP": {"signal": 2, "current_price": 1.0938, "ma200": 1.5987565000000001, "trend": "downtrend", "target_long": 1.16056, "target_short": 1.11424, "vol_surge": false, "vp_poc": 1.333742, "vp_vah": 1.372934, "vp_val": 1.144314}, "KRW-DOGE": {"signal": 2, "current_price": 0.0823, "ma200": 0.11085995, "trend": "downtrend", "target_long": 0.086238, "target_short": 0.083382, "vol_surge": false, "vp_poc": 0.10065640000000001, "vp_vah": 0.10473879999999999, "vp_val": 0.08549319999999999}, "KRW-LINK": {"signal": 2, "current_price": 7.537, "ma200": 10.417755, "trend": "downtrend", "target_long": 7.9896, "target_short": 7.6903999999999995, "vol_surge": false, "vp_poc": 9.03247, "vp_vah": 9.76231, "vp_val": 7.93771}, "KRW-SUI": {"signal": 2, "current_price": 0.7194, "ma200": 1.1653384999999998, "trend": "downtrend", "target_long": 0.7624399999999999, "target_short": 0.73636, "vol_surge": false, "vp_poc": 0.751047, "vp_vah": 0.911289, "vp_val": 0.6662129999999999}}}