{"okx": {"KRW-BTC": {"signal": 0, "current_price": 75836.5, "ma200": 84423.2655, "trend": "downtrend", "target_long": 77075.95999999999, "target_short": 75608.44, "vol_surge": false, "vp_poc": 77422.117, "vp_vah": 78499.969, "vp_val": 74188.56099999999}, "KRW-ETH": {"signal": 0, "current_price": 2267.0, "ma200": 2754.9025500000002, "trend": "downtrend", "target_long": 2310.152, "target_short": 2268.3279999999995, "vol_surge": false, "vp_poc": 2317.59, "vp_vah": 2381.6099999999997, "vp_val": 2271.0299999999997}, "KRW-BNB": {"signal": 2, "current_price": 617.3, "ma200": 803.674, "trend": "downtrend", "target_long": 627.94, "target_short": 621.06, "vol_surge": false, "vp_poc": 627.432, "vp_vah": 640.392, "vp_val": 615.768}, "KRW-SOL": {"signal": 2, "current_price": 83.15, "ma200": 119.6297, "trend": "downtrend", "target_long": 84.85, "target_short": 83.28999999999999, "vol_surge": false, "vp_poc": 86.11439999999999, "vp_vah": 87.0584, "vp_val": 83.47120000000001}, "KRW-XRP": {"signal": 2, "current_price": 1.3665, "ma200": 1.8155705, "trend": "downtrend", "target_long": 1.39386, "target_short": 1.36754, "vol_surge": false, "vp_poc": 1.4278849999999998, "vp_vah": 1.4469349999999999, "vp_val": 1.359305}, "KRW-DOGE": {"signal": 0, "current_price": 0.10218, "ma200": 0.1271065, "trend": "downtrend", "target_long": 0.10051399999999999, "target_short": 0.098186, "vol_surge": true, "vp_poc": 0.09752029999999999, "vp_vah": 0.09971129999999999, "vp_val": 0.0931383}, "KRW-LINK": {"signal": 2, "current_price": 9.09, "ma200": 11.874780000000001, "trend": "downtrend", "target_long": 9.3152, "target_short": 9.168800000000001, "vol_surge": false, "vp_poc": 9.35931, "vp_vah": 9.47761, "vp_val": 9.07539}, "KRW-SUI": {"signal": 2, "current_price": 0.9024, "ma200": 1.4246205, "trend": "downtrend", "target_long": 0.9348, "target_short": 0.9164, "vol_surge": false, "vp_poc": 0.9540569999999999, "vp_vah": 0.962835, "vp_val": 0.918945}}}