{"okx": {"KRW-ETH": {"signal": 0, "current_price": 1727.97, "ma200": 2402.57475, "trend": "downtrend", "target_long": 1756.748, "target_short": 1694.5720000000001, "vol_surge": false, "vp_poc": 1664.5073000000002, "vp_vah": 1818.6846999999998, "vp_val": 1522.1897}, "KRW-BNB": {"signal": 0, "current_price": 617.3, "ma200": 714.4910000000001, "trend": "downtrend", "target_long": 622.6999999999999, "target_short": 611.1, "vol_surge": false, "vp_poc": 603.9000000000001, "vp_vah": 690.932, "vp_val": 558.492}, "KRW-SOL": {"signal": 0, "current_price": 71.47, "ma200": 99.36845, "trend": "downtrend", "target_long": 73.012, "target_short": 69.548, "vol_surge": false, "vp_poc": 67.27879999999999, "vp_vah": 71.7284, "vp_val": 61.346}, "KRW-XRP": {"signal": 0, "current_price": 1.1859, "ma200": 1.5732469999999998, "trend": "downtrend", "target_long": 1.21064, "target_short": 1.16176, "vol_surge": false, "vp_poc": 1.1350820000000001, "vp_vah": 1.236394, "vp_val": 1.071762}, "KRW-DOGE": {"signal": 0, "current_price": 0.08892, "ma200": 0.10926605, "trend": "downtrend", "target_long": 0.09027, "target_short": 0.08755, "vol_surge": false, "vp_poc": 0.08611749999999999, "vp_vah": 0.09281249999999999, "vp_val": 0.07942250000000001}, "KRW-LINK": {"signal": 0, "current_price": 8.196, "ma200": 10.2916, "trend": "downtrend", "target_long": 8.338799999999999, "target_short": 8.0212, "vol_surge": false, "vp_poc": 7.8665, "vp_vah": 8.762899999999998, "vp_val": 7.0199}, "KRW-SUI": {"signal": 0, "current_price": 0.7994, "ma200": 1.147024, "trend": "downtrend", "target_long": 0.82648, "target_short": 0.7795200000000001, "vol_surge": false, "vp_poc": 0.7501, "vp_vah": 0.82098, "vp_val": 0.672132}}}