{"okx": {"KRW-BTC": {"signal": 2, "current_price": 68150.0, "ma200": 92587.433, "trend": "downtrend", "target_long": 69939.1, "target_short": 67903.1, "vol_surge": false, "vp_poc": 70710.095, "vp_vah": 72581.285, "vp_val": 67591.445}, "KRW-ETH": {"signal": 2, "current_price": 2059.26, "ma200": 3159.5078500000004, "trend": "downtrend", "target_long": 2124.054, "target_short": 2045.326, "vol_surge": false, "vp_poc": 2077.0305, "vp_vah": 2191.5657, "vp_val": 1962.4953}, "KRW-BNB": {"signal": 2, "current_price": 627.3, "ma200": 879.1175, "trend": "downtrend", "target_long": 638.1400000000001, "target_short": 623.26, "vol_surge": false, "vp_poc": 651.745, "vp_vah": 666.127, "vp_val": 626.1769999999999}, "KRW-SOL": {"signal": 2, "current_price": 86.76, "ma200": 145.50365, "trend": "downtrend", "target_long": 89.028, "target_short": 86.092, "vol_surge": false, "vp_poc": 87.3863, "vp_vah": 92.6153, "vp_val": 84.9461}, "KRW-XRP": {"signal": 2, "current_price": 1.384, "ma200": 2.1055915, "trend": "downtrend", "target_long": 1.4298600000000001, "target_short": 1.38714, "vol_surge": false, "vp_poc": 1.387342, "vp_vah": 1.455838, "vp_val": 1.3473860000000002}, "KRW-DOGE": {"signal": 2, "current_price": 0.09038, "ma200": 0.15604189999999998, "trend": "downtrend", "target_long": 0.09310199999999999, "target_short": 0.089558, "vol_surge": false, "vp_poc": 0.094623, "vp_vah": 0.0989286, "vp_val": 0.09031739999999999}, "KRW-ADA": {"signal": 2, "current_price": 0.2512, "ma200": 0.48583550000000003, "trend": "downtrend", "target_long": 0.26214, "target_short": 0.25245999999999996, "vol_surge": false, "vp_poc": 0.265266, "vp_vah": 0.277122, "vp_val": 0.255386}, "KRW-AVAX": {"signal": 2, "current_price": 8.953, "ma200": 16.260170000000002, "trend": "downtrend", "target_long": 9.404599999999999, "target_short": 9.0214, "vol_surge": false, "vp_poc": 9.51925, "vp_vah": 9.96685, "vp_val": 9.071649999999998}, "KRW-LINK": {"signal": 2, "current_price": 8.708, "ma200": 14.406334999999999, "trend": "downtrend", "target_long": 8.9898, "target_short": 8.6562, "vol_surge": false, "vp_poc": 9.08349, "vp_vah": 9.42129, "vp_val": 8.67813}, "KRW-DOT": {"signal": 2, "current_price": 1.417, "ma200": 2.457995, "trend": "downtrend", "target_long": 1.4902, "target_short": 1.4438000000000002, "vol_surge": false, "vp_poc": 1.50881, "vp_vah": 1.55687, "vp_val": 1.4447299999999998}, "KRW-TON": {"signal": 2, "current_price": 1.249, "ma200": 1.8819249999999998, "trend": "downtrend", "target_long": 1.2637999999999998, "target_short": 1.2382, "vol_surge": false, "vp_poc": 1.30541, "vp_vah": 1.35663, "vp_val": 1.2817699999999999}, "KRW-MATIC": {"signal": 2, "current_price": 0.0926, "ma200": 0.15314175, "trend": "downtrend", "target_long": 0.09646600000000001, "target_short": 0.092514, "vol_surge": false, "vp_poc": 0.0966224, "vp_vah": 0.1005536, "vp_val": 0.0954992}, "KRW-UNI": {"signal": 2, "current_price": 3.449, "ma200": 5.85118, "trend": "downtrend", "target_long": 3.5536000000000003, "target_short": 3.4184, "vol_surge": false, "vp_poc": 3.98135, "vp_vah": 4.09125, "vp_val": 3.7615499999999997}, "KRW-LTC": {"signal": 2, "current_price": 53.74, "ma200": 82.3732, "trend": "downtrend", "target_long": 55.666000000000004, "target_short": 53.913999999999994, "vol_surge": false, "vp_poc": 54.745999999999995, "vp_vah": 56.67, "vp_val": 53.562}, "KRW-BCH": {"signal": 0, "current_price": 465.9, "ma200": 546.107, "trend": "downtrend", "target_long": 468.88, "target_short": 455.12, "vol_surge": false, "vp_poc": 460.78, "vp_vah": 469.036, "vp_val": 446.332}, "KRW-APT": {"signal": 2, "current_price": 0.9149, "ma200": 2.3858115, "trend": "downtrend", "target_long": 0.99666, "target_short": 0.94874, "vol_surge": false, "vp_poc": 0.9871349999999999, "vp_vah": 1.0221049999999998, "vp_val": 0.949475}, "KRW-NEAR": {"signal": 0, "current_price": 1.275, "ma200": 1.878995, "trend": "downtrend", "target_long": 1.307, "target_short": 1.259, "vol_surge": false, "vp_poc": 1.32746, "vp_vah": 1.4111799999999999, "vp_val": 1.25018}, "KRW-OP": {"signal": 2, "current_price": 0.1144, "ma200": 0.36737449999999994, "trend": "downtrend", "target_long": 0.12056, "target_short": 0.11463999999999999, "vol_surge": false, "vp_poc": 0.12566100000000002, "vp_vah": 0.12881700000000001, "vp_val": 0.116719}, "KRW-ARB": {"signal": 2, "current_price": 0.09232, "ma200": 0.2438936, "trend": "downtrend", "target_long": 0.098258, "target_short": 0.09428199999999999, "vol_surge": false, "vp_poc": 0.1010943, "vp_vah": 0.10581990000000001, "vp_val": 0.0971563}, "KRW-SUI": {"signal": 2, "current_price": 0.9089, "ma200": 1.904169, "trend": "downtrend", "target_long": 0.95134, "target_short": 0.91366, "vol_surge": false, "vp_poc": 0.9683649999999999, "vp_vah": 1.003485, "vp_val": 0.893735}}}