{"okx": {"KRW-BTC": {"signal": 2, "current_price": 69187.9, "ma200": 93206.668, "trend": "downtrend", "target_long": 72920.54000000001, "target_short": 69585.66, "vol_surge": false, "vp_poc": 70685.203, "vp_vah": 71984.373, "vp_val": 66008.19099999999}, "KRW-ETH": {"signal": 2, "current_price": 2113.63, "ma200": 3193.3932999999997, "trend": "downtrend", "target_long": 2282.3979999999997, "target_short": 2124.462, "vol_surge": false, "vp_poc": 2083.7619999999997, "vp_vah": 2161.0083999999997, "vp_val": 1929.2692000000002}, "KRW-BNB": {"signal": 2, "current_price": 636.9, "ma200": 882.3689999999999, "trend": "downtrend", "target_long": 665.12, "target_short": 639.2800000000001, "vol_surge": false, "vp_poc": 651.033, "vp_vah": 664.907, "vp_val": 617.339}, "KRW-SOL": {"signal": 2, "current_price": 87.66, "ma200": 147.26495, "trend": "downtrend", "target_long": 92.898, "target_short": 87.202, "vol_surge": false, "vp_poc": 86.77850000000001, "vp_vah": 91.2995, "vp_val": 82.66850000000001}, "KRW-XRP": {"signal": 2, "current_price": 1.4416, "ma200": 2.1266965, "trend": "downtrend", "target_long": 1.50728, "target_short": 1.4219199999999999, "vol_surge": false, "vp_poc": 1.388115, "vp_vah": 1.455495, "vp_val": 1.340949}, "KRW-DOGE": {"signal": 2, "current_price": 0.09263, "ma200": 0.15788725, "trend": "downtrend", "target_long": 0.09869, "target_short": 0.09184999999999999, "vol_surge": false, "vp_poc": 0.094623, "vp_vah": 0.0989286, "vp_val": 0.09031739999999999}, "KRW-ADA": {"signal": 2, "current_price": 0.2643, "ma200": 0.4943095, "trend": "downtrend", "target_long": 0.28465999999999997, "target_short": 0.26394, "vol_surge": false, "vp_poc": 0.265266, "vp_vah": 0.282062, "vp_val": 0.259338}, "KRW-AVAX": {"signal": 2, "current_price": 9.384, "ma200": 16.485429999999997, "trend": "downtrend", "target_long": 10.0362, "target_short": 9.3298, "vol_surge": false, "vp_poc": 9.67785, "vp_vah": 9.80475, "vp_val": 8.87415}, "KRW-LINK": {"signal": 2, "current_price": 8.919, "ma200": 14.621035, "trend": "downtrend", "target_long": 9.5668, "target_short": 8.8932, "vol_surge": false, "vp_poc": 9.090489999999999, "vp_vah": 9.38921, "vp_val": 8.60507}, "KRW-DOT": {"signal": 2, "current_price": 1.509, "ma200": 2.49291, "trend": "downtrend", "target_long": 1.6245999999999998, "target_short": 1.5334, "vol_surge": false, "vp_poc": 1.51167, "vp_vah": 1.56907, "vp_val": 1.43705}, "KRW-TON": {"signal": 2, "current_price": 1.237, "ma200": 1.910445, "trend": "downtrend", "target_long": 1.3297999999999999, "target_short": 1.2722, "vol_surge": false, "vp_poc": 1.3034999999999999, "vp_vah": 1.3538999999999999, "vp_val": 1.2783}, "KRW-MATIC": {"signal": 2, "current_price": 0.09455, "ma200": 0.15592504999999998, "trend": "downtrend", "target_long": 0.09879600000000001, "target_short": 0.094844, "vol_surge": false, "vp_poc": 0.0973993, "vp_vah": 0.10242510000000002, "vp_val": 0.0954663}, "KRW-UNI": {"signal": 2, "current_price": 3.537, "ma200": 5.9413100000000005, "trend": "downtrend", "target_long": 3.8428, "target_short": 3.5172000000000003, "vol_surge": false, "vp_poc": 3.9301999999999997, "vp_vah": 4.0798, "vp_val": 3.7669999999999995}, "KRW-LTC": {"signal": 2, "current_price": 54.91, "ma200": 83.2138, "trend": "downtrend", "target_long": 57.372, "target_short": 54.788, "vol_surge": false, "vp_poc": 54.8311, "vp_vah": 56.5405, "vp_val": 53.121700000000004}, "KRW-BCH": {"signal": 2, "current_price": 455.1, "ma200": 547.755, "trend": "downtrend", "target_long": 467.24, "target_short": 446.36, "vol_surge": false, "vp_poc": 454.36, "vp_vah": 465.79999999999995, "vp_val": 442.91999999999996}, "KRW-APT": {"signal": 2, "current_price": 0.9333, "ma200": 2.4359265, "trend": "downtrend", "target_long": 1.0213, "target_short": 0.9584999999999999, "vol_surge": false, "vp_poc": 0.9499449999999999, "vp_vah": 0.9976849999999999, "vp_val": 0.9192549999999999}, "KRW-NEAR": {"signal": 0, "current_price": 1.327, "ma200": 1.89584, "trend": "downtrend", "target_long": 1.425, "target_short": 1.349, "vol_surge": false, "vp_poc": 1.33229, "vp_vah": 1.40957, "vp_val": 1.21637}, "KRW-OP": {"signal": 2, "current_price": 0.1201, "ma200": 0.3761, "trend": "downtrend", "target_long": 0.13116, "target_short": 0.12164000000000001, "vol_surge": false, "vp_poc": 0.12587500000000001, "vp_vah": 0.129535, "vp_val": 0.117335}, "KRW-ARB": {"signal": 2, "current_price": 0.09845, "ma200": 0.24989615, "trend": "downtrend", "target_long": 0.10662, "target_short": 0.09934, "vol_surge": false, "vp_poc": 0.1010546, "vp_vah": 0.10557340000000001, "vp_val": 0.0969466}, "KRW-SUI": {"signal": 2, "current_price": 0.948, "ma200": 1.9396044999999997, "trend": "downtrend", "target_long": 1.0216399999999999, "target_short": 0.9551599999999999, "vol_surge": false, "vp_poc": 0.8962140000000001, "vp_vah": 0.999494, "vp_val": 0.880722}}}