{"okx": {"KRW-BTC": {"signal": 2, "current_price": 64984.9, "ma200": 72455.0195, "trend": "downtrend", "target_long": 65766.06, "target_short": 64426.14, "vol_surge": false, "vp_poc": 64305.751000000004, "vp_vah": 64869.421, "vp_val": 62163.80500000001}, "KRW-ETH": {"signal": 0, "current_price": 1876.2, "ma200": 2154.50535, "trend": "downtrend", "target_long": 1908.158, "target_short": 1848.542, "vol_surge": false, "vp_poc": 1784.1156, "vp_vah": 1832.8436, "vp_val": 1730.5148}, "KRW-BNB": {"signal": 2, "current_price": 567.1, "ma200": 656.45, "trend": "downtrend", "target_long": 570.9399999999999, "target_short": 564.0600000000001, "vol_surge": false, "vp_poc": 571.854, "vp_vah": 580.9259999999999, "vp_val": 567.318}, "KRW-SOL": {"signal": 2, "current_price": 75.77, "ma200": 88.7339, "trend": "downtrend", "target_long": 77.134, "target_short": 74.646, "vol_surge": false, "vp_poc": 77.4338, "vp_vah": 78.89260000000002, "vp_val": 74.72460000000001}, "KRW-XRP": {"signal": 0, "current_price": 1.1079, "ma200": 1.401206, "trend": "downtrend", "target_long": 1.1257000000000001, "target_short": 1.0901, "vol_surge": false, "vp_poc": 1.101083, "vp_vah": 1.138299, "vp_val": 1.084801}, "KRW-DOGE": {"signal": 2, "current_price": 0.06916, "ma200": 0.09754645, "trend": "downtrend", "target_long": 0.07114199999999998, "target_short": 0.067278, "vol_surge": false, "vp_poc": 0.0724577, "vp_vah": 0.0745437, "vp_val": 0.0714147}, "KRW-LINK": {"signal": 0, "current_price": 8.453, "ma200": 9.296725, "trend": "downtrend", "target_long": 8.58, "target_short": 8.368, "vol_surge": false, "vp_poc": 8.00516, "vp_vah": 8.378359999999999, "vp_val": 7.582199999999999}, "KRW-SUI": {"signal": 2, "current_price": 0.7427, "ma200": 0.992171, "trend": "downtrend", "target_long": 0.75882, "target_short": 0.73018, "vol_surge": false, "vp_poc": 0.7454879999999999, "vp_vah": 0.7654559999999999, "vp_val": 0.7288479999999999}}}