{"okx": {"KRW-BTC": {"signal": 2, "current_price": 68530.7, "ma200": 88920.29800000001, "trend": "downtrend", "target_long": 69659.98, "target_short": 68021.81999999999, "vol_surge": false, "vp_poc": 68576.12, "vp_vah": 70259.0, "vp_val": 66472.51999999999}, "KRW-ETH": {"signal": 2, "current_price": 2092.8, "ma200": 2969.50375, "trend": "downtrend", "target_long": 2141.842, "target_short": 2072.738, "vol_surge": false, "vp_poc": 2118.7492, "vp_vah": 2166.0644, "vp_val": 2041.8619999999999}, "KRW-BNB": {"signal": 0, "current_price": 604.2, "ma200": 855.056, "trend": "downtrend", "target_long": 605.96, "target_short": 594.44, "vol_surge": false, "vp_poc": 638.187, "vp_vah": 650.129, "vp_val": 604.067}, "KRW-SOL": {"signal": 0, "current_price": 80.65, "ma200": 134.07004999999998, "trend": "downtrend", "target_long": 81.45, "target_short": 78.57000000000001, "vol_surge": false, "vp_poc": 80.89500000000001, "vp_vah": 88.2782, "vp_val": 78.5458}, "KRW-XRP": {"signal": 2, "current_price": 1.3042, "ma200": 1.9748829999999997, "trend": "downtrend", "target_long": 1.3390199999999999, "target_short": 1.30278, "vol_surge": false, "vp_poc": 1.3214510000000002, "vp_vah": 1.4067530000000001, "vp_val": 1.297079}, "KRW-DOGE": {"signal": 0, "current_price": 0.09134, "ma200": 0.14307330000000001, "trend": "downtrend", "target_long": 0.092068, "target_short": 0.08909199999999999, "vol_surge": false, "vp_poc": 0.09180949999999999, "vp_vah": 0.0938195, "vp_val": 0.0900005}, "KRW-LINK": {"signal": 2, "current_price": 8.651, "ma200": 13.226299999999998, "trend": "downtrend", "target_long": 8.9686, "target_short": 8.6254, "vol_surge": false, "vp_poc": 8.755289999999999, "vp_vah": 9.14619, "vp_val": 8.57287}, "KRW-SUI": {"signal": 0, "current_price": 0.8764, "ma200": 1.6888895000000002, "trend": "downtrend", "target_long": 0.89234, "target_short": 0.84906, "vol_surge": false, "vp_poc": 0.870437, "vp_vah": 0.937051, "vp_val": 0.842389}}}