{"okx": {"KRW-BTC": {"signal": 0, "current_price": 74637.0, "ma200": 86583.535, "trend": "downtrend", "target_long": 76488.32, "target_short": 74909.68, "vol_surge": false, "vp_poc": 72655.13, "vp_vah": 78217.87400000001, "vp_val": 69368.054}, "KRW-ETH": {"signal": 0, "current_price": 2280.07, "ma200": 2856.9120500000004, "trend": "downtrend", "target_long": 2386.036, "target_short": 2315.044, "vol_surge": false, "vp_poc": 2343.5685000000003, "vp_vah": 2407.0515, "vp_val": 2134.9815}, "KRW-BNB": {"signal": 2, "current_price": 621.0, "ma200": 831.819, "trend": "downtrend", "target_long": 638.3199999999999, "target_short": 621.6800000000001, "vol_surge": false, "vp_poc": 612.246, "vp_vah": 624.758, "vp_val": 593.478}, "KRW-SOL": {"signal": 2, "current_price": 84.93, "ma200": 126.31739999999999, "trend": "downtrend", "target_long": 87.494, "target_short": 84.80600000000001, "vol_surge": false, "vp_poc": 84.422, "vp_vah": 86.38759999999999, "vp_val": 80.49080000000001}, "KRW-XRP": {"signal": 2, "current_price": 1.4113, "ma200": 1.8862674999999998, "trend": "downtrend", "target_long": 1.4559199999999999, "target_short": 1.40888, "vol_surge": false, "vp_poc": 1.35503, "vp_vah": 1.38737, "vp_val": 1.3042099999999999}, "KRW-DOGE": {"signal": 2, "current_price": 0.09391, "ma200": 0.13431045, "trend": "downtrend", "target_long": 0.09705000000000001, "target_short": 0.09257, "vol_surge": false, "vp_poc": 0.0925486, "vp_vah": 0.0954482, "vp_val": 0.0901762}, "KRW-LINK": {"signal": 2, "current_price": 9.122, "ma200": 12.476805000000002, "trend": "downtrend", "target_long": 9.4384, "target_short": 9.1256, "vol_surge": false, "vp_poc": 9.129010000000001, "vp_vah": 9.33187, "vp_val": 8.694310000000002}, "KRW-SUI": {"signal": 2, "current_price": 0.9373, "ma200": 1.5453595000000002, "trend": "downtrend", "target_long": 0.9800800000000001, "target_short": 0.93312, "vol_surge": false, "vp_poc": 0.954591, "vp_vah": 1.008229, "vp_val": 0.8885749999999999}}}