{"okx": {"KRW-BTC": {"signal": 0, "current_price": 59887.3, "ma200": 75247.759, "trend": "downtrend", "target_long": 59458.979999999996, "target_short": 57797.22, "vol_surge": false, "vp_poc": 63978.29, "vp_vah": 67205.094, "vp_val": 59992.238}, "KRW-ETH": {"signal": 0, "current_price": 1609.25, "ma200": 2288.2513, "trend": "downtrend", "target_long": 1597.7520000000002, "target_short": 1546.528, "vol_surge": false, "vp_poc": 1711.0824000000002, "vp_vah": 1805.5432, "vp_val": 1623.3688000000002}, "KRW-BNB": {"signal": 0, "current_price": 551.4, "ma200": 689.425, "trend": "downtrend", "target_long": 553.32, "target_short": 539.88, "vol_surge": false, "vp_poc": 551.69, "vp_vah": 603.8539999999999, "vp_val": 542.0300000000001}, "KRW-SOL": {"signal": 0, "current_price": 76.9, "ma200": 94.30585, "trend": "downtrend", "target_long": 75.00800000000001, "target_short": 72.352, "vol_surge": false, "vp_poc": 72.5235, "vp_vah": 74.9445, "vp_val": 68.7575}, "KRW-XRP": {"signal": 0, "current_price": 1.056, "ma200": 1.4945750000000002, "trend": "downtrend", "target_long": 1.05278, "target_short": 1.02742, "vol_surge": false, "vp_poc": 1.1370900000000002, "vp_vah": 1.2507700000000002, "vp_val": 1.057514}, "KRW-DOGE": {"signal": 0, "current_price": 0.07289, "ma200": 0.1040987, "trend": "downtrend", "target_long": 0.073734, "target_short": 0.07044600000000001, "vol_surge": false, "vp_poc": 0.0729485, "vp_vah": 0.0867425, "vp_val": 0.06972990000000001}, "KRW-LINK": {"signal": 0, "current_price": 7.381, "ma200": 9.811145, "trend": "downtrend", "target_long": 7.313400000000001, "target_short": 7.0926, "vol_surge": false, "vp_poc": 7.86071, "vp_vah": 8.47137, "vp_val": 7.34647}, "KRW-SUI": {"signal": 0, "current_price": 0.7141, "ma200": 1.0778985, "trend": "downtrend", "target_long": 0.70102, "target_short": 0.68038, "vol_surge": false, "vp_poc": 0.702704, "vp_vah": 0.759536, "vp_val": 0.652976}}}