{"okx": {"KRW-BTC": {"signal": 0, "current_price": 76370.6, "ma200": 84035.845, "trend": "downtrend", "target_long": 76881.01999999999, "target_short": 75808.78, "vol_surge": false, "vp_poc": 77422.117, "vp_vah": 78499.969, "vp_val": 74727.487}, "KRW-ETH": {"signal": 0, "current_price": 2258.2, "ma200": 2735.4442, "trend": "downtrend", "target_long": 2276.932, "target_short": 2239.068, "vol_surge": false, "vp_poc": 2317.59, "vp_vah": 2381.6099999999997, "vp_val": 2271.0299999999997}, "KRW-BNB": {"signal": 0, "current_price": 615.5, "ma200": 796.834, "trend": "downtrend", "target_long": 618.3, "target_short": 612.7, "vol_surge": false, "vp_poc": 627.432, "vp_vah": 639.096, "vp_val": 615.768}, "KRW-SOL": {"signal": 0, "current_price": 83.13, "ma200": 118.4317, "trend": "downtrend", "target_long": 83.83, "target_short": 82.35000000000001, "vol_surge": false, "vp_poc": 86.11439999999999, "vp_vah": 87.0584, "vp_val": 83.09360000000001}, "KRW-XRP": {"signal": 0, "current_price": 1.3684, "ma200": 1.8035995, "trend": "downtrend", "target_long": 1.37818, "target_short": 1.3576199999999998, "vol_surge": false, "vp_poc": 1.4278849999999998, "vp_vah": 1.4469349999999999, "vp_val": 1.363115}, "KRW-DOGE": {"signal": 0, "current_price": 0.1065, "ma200": 0.1260762, "trend": "downtrend", "target_long": 0.108276, "target_short": 0.104724, "vol_surge": false, "vp_poc": 0.09752029999999999, "vp_vah": 0.09971129999999999, "vp_val": 0.0927001}, "KRW-LINK": {"signal": 0, "current_price": 9.108, "ma200": 11.77179, "trend": "downtrend", "target_long": 9.1728, "target_short": 9.0392, "vol_surge": false, "vp_poc": 9.35931, "vp_vah": 9.47761, "vp_val": 9.07539}, "KRW-SUI": {"signal": 0, "current_price": 0.9089, "ma200": 1.404739, "trend": "downtrend", "target_long": 0.9162199999999999, "target_short": 0.9003800000000001, "vol_surge": false, "vp_poc": 0.9543099999999999, "vp_vah": 0.967254, "vp_val": 0.9154779999999999}}}