{"okx": {"KRW-BTC": {"signal": 0, "current_price": 64734.0, "ma200": 73559.1005, "trend": "downtrend", "target_long": 66171.28, "target_short": 63903.52, "vol_surge": false, "vp_poc": 62962.32, "vp_vah": 64605.28, "vp_val": 60124.48}, "KRW-ETH": {"signal": 0, "current_price": 1884.44, "ma200": 2206.8195499999997, "trend": "downtrend", "target_long": 1941.7, "target_short": 1842.34, "vol_surge": false, "vp_poc": 1762.615, "vp_vah": 1832.005, "vp_val": 1708.645}, "KRW-BNB": {"signal": 0, "current_price": 579.0, "ma200": 670.1139999999999, "trend": "downtrend", "target_long": 589.1600000000001, "target_short": 574.8399999999999, "vol_surge": false, "vp_poc": 575.978, "vp_vah": 583.846, "vp_val": 556.87}, "KRW-SOL": {"signal": 0, "current_price": 77.5, "ma200": 91.10924999999999, "trend": "downtrend", "target_long": 79.252, "target_short": 76.508, "vol_surge": false, "vp_poc": 77.3015, "vp_vah": 80.18950000000001, "vp_val": 70.4425}, "KRW-XRP": {"signal": 0, "current_price": 1.1085, "ma200": 1.4401730000000001, "trend": "downtrend", "target_long": 1.13586, "target_short": 1.0879400000000001, "vol_surge": false, "vp_poc": 1.101897, "vp_vah": 1.119387, "vp_val": 1.035435}, "KRW-DOGE": {"signal": 0, "current_price": 0.07385, "ma200": 0.10031469999999999, "trend": "downtrend", "target_long": 0.076058, "target_short": 0.07288199999999999, "vol_surge": false, "vp_poc": 0.0735549, "vp_vah": 0.07592850000000001, "vp_val": 0.07197250000000001}, "KRW-LINK": {"signal": 0, "current_price": 8.425, "ma200": 9.49488, "trend": "downtrend", "target_long": 8.562199999999999, "target_short": 8.1318, "vol_surge": false, "vp_poc": 7.91123, "vp_vah": 8.16701, "vp_val": 7.342829999999999}, "KRW-SUI": {"signal": 0, "current_price": 0.7544, "ma200": 1.028687, "trend": "downtrend", "target_long": 0.78176, "target_short": 0.7430399999999999, "vol_surge": false, "vp_poc": 0.729223, "vp_vah": 0.766393, "vp_val": 0.701965}}}