{"okx": {"KRW-BTC": {"signal": 2, "current_price": 59892.1, "ma200": 76344.16600000001, "trend": "downtrend", "target_long": 63670.42, "target_short": 61792.58, "vol_surge": false, "vp_poc": 63449.29, "vp_vah": 64268.590000000004, "vp_val": 60991.39}, "KRW-ETH": {"signal": 2, "current_price": 1582.86, "ma200": 2343.93445, "trend": "downtrend", "target_long": 1707.6960000000001, "target_short": 1626.704, "vol_surge": false, "vp_poc": 1707.95, "vp_vah": 1776.95, "vp_val": 1645.8500000000001}, "KRW-BNB": {"signal": 2, "current_price": 555.0, "ma200": 701.1395, "trend": "downtrend", "target_long": 587.14, "target_short": 569.0600000000001, "vol_surge": false, "vp_poc": 601.5360000000001, "vp_vah": 608.512, "vp_val": 573.6320000000001}, "KRW-SOL": {"signal": 2, "current_price": 66.17, "ma200": 96.46744999999999, "trend": "downtrend", "target_long": 71.264, "target_short": 68.13600000000001, "vol_surge": false, "vp_poc": 66.98140000000001, "vp_vah": 71.1362, "vp_val": 62.1874}, "KRW-XRP": {"signal": 2, "current_price": 1.0564, "ma200": 1.5294139999999998, "trend": "downtrend", "target_long": 1.12692, "target_short": 1.0934800000000002, "vol_surge": false, "vp_poc": 1.137664, "vp_vah": 1.177216, "vp_val": 1.093168}, "KRW-DOGE": {"signal": 2, "current_price": 0.07411, "ma200": 0.10644895, "trend": "downtrend", "target_long": 0.080668, "target_short": 0.07713199999999999, "vol_surge": false, "vp_poc": 0.08639540000000001, "vp_vah": 0.0887546, "vp_val": 0.08207020000000001}, "KRW-LINK": {"signal": 2, "current_price": 7.239, "ma200": 10.04135, "trend": "downtrend", "target_long": 7.8072, "target_short": 7.460800000000001, "vol_surge": false, "vp_poc": 7.88655, "vp_vah": 8.113489999999999, "vp_val": 7.49751}, "KRW-SUI": {"signal": 2, "current_price": 0.6742, "ma200": 1.1097835, "trend": "downtrend", "target_long": 0.72694, "target_short": 0.68166, "vol_surge": false, "vp_poc": 0.75664, "vp_vah": 0.7707200000000001, "vp_val": 0.6968000000000001}}}