{"okx": {"KRW-BTC": {"signal": 2, "current_price": 66646.9, "ma200": 79133.4415, "trend": "downtrend", "target_long": 68843.94, "target_short": 64671.060000000005, "vol_surge": false, "vp_poc": 77182.44399999999, "vp_vah": 79038.412, "vp_val": 73470.508}, "KRW-ETH": {"signal": 2, "current_price": 1855.4, "ma200": 2479.598, "trend": "downtrend", "target_long": 1927.114, "target_short": 1792.7060000000001, "vol_surge": false, "vp_poc": 2111.1119, "vp_vah": 2157.2529000000004, "vp_val": 2000.3735000000001}, "KRW-BNB": {"signal": 0, "current_price": 647.9, "ma200": 731.4509999999999, "trend": "downtrend", "target_long": 672.0799999999999, "target_short": 629.52, "vol_surge": false, "vp_poc": 655.325, "vp_vah": 704.675, "vp_val": 636.5249999999999}, "KRW-SOL": {"signal": 0, "current_price": 74.45, "ma200": 103.51304999999998, "trend": "downtrend", "target_long": 77.662, "target_short": 70.798, "vol_surge": false, "vp_poc": 85.681, "vp_vah": 87.27619999999999, "vp_val": 81.693}, "KRW-XRP": {"signal": 0, "current_price": 1.2238, "ma200": 1.6323325, "trend": "downtrend", "target_long": 1.25302, "target_short": 1.17078, "vol_surge": false, "vp_poc": 1.356627, "vp_vah": 1.393335, "vp_val": 1.2954469999999998}, "KRW-DOGE": {"signal": 2, "current_price": 0.09257, "ma200": 0.1131902, "trend": "downtrend", "target_long": 0.09676599999999999, "target_short": 0.08873400000000001, "vol_surge": false, "vp_poc": 0.103017, "vp_vah": 0.10616819999999999, "vp_val": 0.0972398}, "KRW-LINK": {"signal": 2, "current_price": 8.368, "ma200": 10.60567, "trend": "downtrend", "target_long": 8.706399999999999, "target_short": 8.0456, "vol_surge": false, "vp_poc": 9.56327, "vp_vah": 9.840589999999999, "vp_val": 9.10107}, "KRW-SUI": {"signal": 0, "current_price": 0.8125, "ma200": 1.1934485000000001, "trend": "downtrend", "target_long": 0.8442799999999999, "target_short": 0.77292, "vol_surge": false, "vp_poc": 1.048177, "vp_vah": 1.195021, "vp_val": 0.942123}}}