{"okx": {"KRW-BTC": {"signal": 2, "current_price": 59406.5, "ma200": 75553.466, "trend": "downtrend", "target_long": 60237.96000000001, "target_short": 58913.64, "vol_surge": false, "vp_poc": 63532.1, "vp_vah": 66289.1, "vp_val": 61510.3}, "KRW-ETH": {"signal": 2, "current_price": 1567.0, "ma200": 2303.109, "trend": "downtrend", "target_long": 1588.4060000000002, "target_short": 1555.5339999999999, "vol_surge": false, "vp_poc": 1711.0824000000002, "vp_vah": 1778.5544, "vp_val": 1636.8632000000002}, "KRW-BNB": {"signal": 0, "current_price": 551.6, "ma200": 692.788, "trend": "downtrend", "target_long": 556.44, "target_short": 545.96, "vol_surge": false, "vp_poc": 588.1320000000001, "vp_vah": 621.684, "vp_val": 571.356}, "KRW-SOL": {"signal": 0, "current_price": 71.31, "ma200": 94.86059999999999, "trend": "downtrend", "target_long": 72.47200000000001, "target_short": 70.328, "vol_surge": false, "vp_poc": 72.3802, "vp_vah": 74.02900000000001, "vp_val": 67.159}, "KRW-XRP": {"signal": 0, "current_price": 1.0428, "ma200": 1.5041655, "trend": "downtrend", "target_long": 1.0585799999999999, "target_short": 1.0384200000000001, "vol_surge": false, "vp_poc": 1.1370900000000002, "vp_vah": 1.159826, "vp_val": 1.0177260000000001}, "KRW-DOGE": {"signal": 2, "current_price": 0.07282, "ma200": 0.1047505, "trend": "downtrend", "target_long": 0.074216, "target_short": 0.072184, "vol_surge": false, "vp_poc": 0.08805480000000002, "vp_vah": 0.0922788, "vp_val": 0.0796068}, "KRW-LINK": {"signal": 2, "current_price": 7.248, "ma200": 9.87442, "trend": "downtrend", "target_long": 7.3468, "target_short": 7.1892, "vol_surge": false, "vp_poc": 7.86071, "vp_vah": 8.182110000000002, "vp_val": 7.34647}, "KRW-SUI": {"signal": 2, "current_price": 0.6807, "ma200": 1.086587, "trend": "downtrend", "target_long": 0.68994, "target_short": 0.67306, "vol_surge": false, "vp_poc": 0.759536, "vp_vah": 0.770192, "vp_val": 0.67784}}}