{"okx": {"KRW-BTC": {"signal": 0, "current_price": 73586.9, "ma200": 79697.11300000001, "trend": "downtrend", "target_long": 74199.3, "target_short": 72737.7, "vol_surge": false, "vp_poc": 76952.425, "vp_vah": 80705.495, "vp_val": 75372.185}, "KRW-ETH": {"signal": 0, "current_price": 2016.85, "ma200": 2505.5585, "trend": "downtrend", "target_long": 2042.61, "target_short": 1986.3300000000002, "vol_surge": false, "vp_poc": 2110.2615, "vp_vah": 2208.0110999999997, "vp_val": 1971.7829000000002}, "KRW-BNB": {"signal": 0, "current_price": 657.8, "ma200": 736.2725, "trend": "downtrend", "target_long": 649.08, "target_short": 637.7199999999999, "vol_surge": false, "vp_poc": 656.02, "vp_vah": 672.036, "vp_val": 642.468}, "KRW-SOL": {"signal": 0, "current_price": 82.82, "ma200": 104.8349, "trend": "downtrend", "target_long": 83.198, "target_short": 80.902, "vol_surge": false, "vp_poc": 85.71159999999999, "vp_vah": 89.7508, "vp_val": 80.2036}, "KRW-XRP": {"signal": 0, "current_price": 1.3545, "ma200": 1.6530285, "trend": "downtrend", "target_long": 1.3456800000000002, "target_short": 1.31432, "vol_surge": false, "vp_poc": 1.355344, "vp_vah": 1.440064, "vp_val": 1.304512}, "KRW-DOGE": {"signal": 0, "current_price": 0.10116, "ma200": 0.1145331, "trend": "downtrend", "target_long": 0.101196, "target_short": 0.098204, "vol_surge": false, "vp_poc": 0.10292480000000001, "vp_vah": 0.110888, "vp_val": 0.0971736}, "KRW-LINK": {"signal": 0, "current_price": 9.24, "ma200": 10.71942, "trend": "downtrend", "target_long": 9.160599999999999, "target_short": 8.8854, "vol_surge": false, "vp_poc": 9.52032, "vp_vah": 9.84608, "vp_val": 8.78736}, "KRW-SUI": {"signal": 0, "current_price": 0.9071, "ma200": 1.213218, "trend": "downtrend", "target_long": 0.92332, "target_short": 0.88668, "vol_surge": false, "vp_poc": 1.05354, "vp_vah": 1.1916600000000002, "vp_val": 0.8970039999999999}}}