{"okx": {"KRW-BTC": {"signal": 2, "current_price": 69777.6, "ma200": 79293.3225, "trend": "downtrend", "target_long": 72781.14, "target_short": 70053.46, "vol_surge": false, "vp_poc": 77000.139, "vp_vah": 81432.49500000001, "vp_val": 74291.477}, "KRW-ETH": {"signal": 2, "current_price": 1978.84, "ma200": 2486.7556, "trend": "downtrend", "target_long": 2032.566, "target_short": 1980.5339999999999, "vol_surge": false, "vp_poc": 2105.1844, "vp_vah": 2155.982, "vp_val": 2003.5892000000001}, "KRW-BNB": {"signal": 0, "current_price": 681.5, "ma200": 733.0270000000002, "trend": "downtrend", "target_long": 715.54, "target_short": 671.06, "vol_surge": false, "vp_poc": 657.675, "vp_vah": 704.675, "vp_val": 636.5249999999999}, "KRW-SOL": {"signal": 2, "current_price": 79.53, "ma200": 103.86540000000001, "trend": "downtrend", "target_long": 82.876, "target_short": 79.684, "vol_surge": false, "vp_poc": 85.6675, "vp_vah": 87.4135, "vp_val": 81.8845}, "KRW-XRP": {"signal": 2, "current_price": 1.2642, "ma200": 1.6376614999999999, "trend": "downtrend", "target_long": 1.32208, "target_short": 1.27232, "vol_surge": false, "vp_poc": 1.354962, "vp_vah": 1.4074140000000002, "vp_val": 1.2966820000000001}, "KRW-DOGE": {"signal": 0, "current_price": 0.09921, "ma200": 0.11357545, "trend": "downtrend", "target_long": 0.1026, "target_short": 0.0996, "vol_surge": false, "vp_poc": 0.10071279999999999, "vp_vah": 0.1077912, "vp_val": 0.0971736}, "KRW-LINK": {"signal": 2, "current_price": 8.83, "ma200": 10.636800000000001, "trend": "downtrend", "target_long": 9.206999999999999, "target_short": 8.911, "vol_surge": false, "vp_poc": 9.548169999999999, "vp_vah": 9.82859, "vp_val": 9.10751}, "KRW-SUI": {"signal": 2, "current_price": 0.8462, "ma200": 1.198425, "trend": "downtrend", "target_long": 0.8979, "target_short": 0.8615, "vol_surge": false, "vp_poc": 1.048428, "vp_vah": 1.1569559999999999, "vp_val": 0.932148}}}