{"okx": {"KRW-BTC": {"signal": 0, "current_price": 60141.0, "ma200": 75721.8705, "trend": "downtrend", "target_long": 60463.98, "target_short": 59591.82, "vol_surge": false, "vp_poc": 63348.3, "vp_vah": 64634.9, "vp_val": 60775.1}, "KRW-ETH": {"signal": 2, "current_price": 1572.77, "ma200": 2311.4654, "trend": "downtrend", "target_long": 1593.322, "target_short": 1554.6580000000001, "vol_surge": false, "vp_poc": 1711.0824000000002, "vp_vah": 1778.5544, "vp_val": 1643.6104}, "KRW-BNB": {"signal": 0, "current_price": 558.1, "ma200": 694.495, "trend": "downtrend", "target_long": 563.02, "target_short": 551.5799999999999, "vol_surge": false, "vp_poc": 588.1320000000001, "vp_vah": 616.092, "vp_val": 571.356}, "KRW-SOL": {"signal": 0, "current_price": 70.78, "ma200": 95.18325, "trend": "downtrend", "target_long": 71.682, "target_short": 69.33800000000001, "vol_surge": false, "vp_poc": 72.3802, "vp_vah": 74.57860000000001, "vp_val": 67.159}, "KRW-XRP": {"signal": 0, "current_price": 1.0487, "ma200": 1.5091225, "trend": "downtrend", "target_long": 1.0610400000000002, "target_short": 1.03416, "vol_surge": false, "vp_poc": 1.1370900000000002, "vp_vah": 1.22235, "vp_val": 1.0916180000000002}, "KRW-DOGE": {"signal": 2, "current_price": 0.07418, "ma200": 0.1050929, "trend": "downtrend", "target_long": 0.07544200000000001, "target_short": 0.073578, "vol_surge": false, "vp_poc": 0.0863652, "vp_vah": 0.0922788, "vp_val": 0.0821412}, "KRW-LINK": {"signal": 2, "current_price": 7.294, "ma200": 9.908624999999999, "trend": "downtrend", "target_long": 7.3873999999999995, "target_short": 7.2066, "vol_surge": false, "vp_poc": 7.86071, "vp_vah": 8.182110000000002, "vp_val": 7.41075}, "KRW-SUI": {"signal": 2, "current_price": 0.6831, "ma200": 1.0912484999999998, "trend": "downtrend", "target_long": 0.70044, "target_short": 0.66876, "vol_surge": false, "vp_poc": 0.759536, "vp_vah": 0.770192, "vp_val": 0.681392}}}