{"upbit": {"KRW-BTC": {"signal": 0, "current_price": 105650000.0, "ma200": 136991115.0, "trend": "downtrend", "target_long": 110990000.0, "target_short": 107040000.0, "vol_surge": false, "vp_poc": 101153740.0, "vp_vah": 107099140.0, "vp_val": 97586500.0}, "KRW-ETH": {"signal": 0, "current_price": 3258000.0, "ma200": 4694955.0, "trend": "downtrend", "target_long": 3486000.0, "target_short": 3354000.0, "vol_surge": false, "vp_poc": 2967960.0, "vp_vah": 3179080.0, "vp_val": 2821800.0}}, "okx": {"KRW-BTC": {"signal": 0, "current_price": 70985.0, "ma200": 93400.6295, "trend": "downtrend", "target_long": 75215.70000000001, "target_short": 72592.9, "vol_surge": false, "vp_poc": 70685.203, "vp_vah": 71724.539, "vp_val": 65748.357}, "KRW-ETH": {"signal": 0, "current_price": 2189.26, "ma200": 3204.7138999999997, "trend": "downtrend", "target_long": 2357.8900000000003, "target_short": 2277.21, "vol_surge": false, "vp_poc": 2028.586, "vp_vah": 2138.938, "vp_val": 1918.234}, "KRW-SOL": {"signal": 0, "current_price": 90.08, "ma200": 147.82995, "trend": "downtrend", "target_long": 96.515, "target_short": 92.705, "vol_surge": false, "vp_poc": 86.77850000000001, "vp_vah": 91.2995, "vp_val": 82.66850000000001}, "KRW-XRP": {"signal": 0, "current_price": 1.4605, "ma200": 2.1333485000000003, "trend": "downtrend", "target_long": 1.57465, "target_short": 1.4619499999999999, "vol_surge": false, "vp_poc": 1.388115, "vp_vah": 1.448757, "vp_val": 1.340949}}}