{"okx": {"KRW-BTC": {"signal": 2, "current_price": 59715.9, "ma200": 76196.7095, "trend": "downtrend", "target_long": 62734.18, "target_short": 59424.02, "vol_surge": false, "vp_poc": 63348.3, "vp_vah": 64267.3, "vp_val": 60958.9}, "KRW-ETH": {"signal": 2, "current_price": 1573.92, "ma200": 2336.7016999999996, "trend": "downtrend", "target_long": 1678.864, "target_short": 1565.9360000000001, "vol_surge": false, "vp_poc": 1707.95, "vp_vah": 1776.95, "vp_val": 1652.75}, "KRW-BNB": {"signal": 2, "current_price": 556.1, "ma200": 699.4965, "trend": "downtrend", "target_long": 579.04, "target_short": 550.56, "vol_surge": false, "vp_poc": 588.1320000000001, "vp_vah": 612.364, "vp_val": 575.0840000000001}, "KRW-SOL": {"signal": 2, "current_price": 66.65, "ma200": 96.14905, "trend": "downtrend", "target_long": 70.41600000000001, "target_short": 65.824, "vol_surge": false, "vp_poc": 66.98140000000001, "vp_vah": 71.45580000000001, "vp_val": 62.507000000000005}, "KRW-XRP": {"signal": 2, "current_price": 1.0383, "ma200": 1.5244715, "trend": "downtrend", "target_long": 1.10088, "target_short": 1.04672, "vol_surge": false, "vp_poc": 1.13863, "vp_vah": 1.189282, "vp_val": 1.0879780000000001}, "KRW-DOGE": {"signal": 2, "current_price": 0.0738, "ma200": 0.10613445, "trend": "downtrend", "target_long": 0.07893399999999999, "target_short": 0.073366, "vol_surge": false, "vp_poc": 0.0863652, "vp_vah": 0.08932200000000001, "vp_val": 0.08171880000000001}, "KRW-LINK": {"signal": 2, "current_price": 7.241, "ma200": 10.01023, "trend": "downtrend", "target_long": 7.6586, "target_short": 7.195399999999999, "vol_surge": false, "vp_poc": 7.88655, "vp_vah": 8.14591, "vp_val": 7.49751}, "KRW-SUI": {"signal": 2, "current_price": 0.6816, "ma200": 1.105333, "trend": "downtrend", "target_long": 0.70948, "target_short": 0.6625200000000001, "vol_surge": false, "vp_poc": 0.759536, "vp_vah": 0.773744, "vp_val": 0.692048}}}