{"okx": {"KRW-BTC": {"signal": 0, "current_price": 77486.0, "ma200": 80439.82149999999, "trend": "downtrend", "target_long": 77640.14, "target_short": 76504.46, "vol_surge": false, "vp_poc": 76919.454, "vp_vah": 80524.482, "vp_val": 75374.44200000001}, "KRW-ETH": {"signal": 0, "current_price": 2118.99, "ma200": 2541.9242, "trend": "downtrend", "target_long": 2127.8819999999996, "target_short": 2072.058, "vol_surge": false, "vp_poc": 2112.1775, "vp_vah": 2303.2385, "vp_val": 2062.3355}, "KRW-BNB": {"signal": 0, "current_price": 662.4, "ma200": 744.6864999999999, "trend": "downtrend", "target_long": 661.82, "target_short": 651.58, "vol_surge": false, "vp_poc": 651.5329999999999, "vp_vah": 664.931, "vp_val": 636.9169999999999}, "KRW-SOL": {"signal": 0, "current_price": 86.1, "ma200": 106.8058, "trend": "downtrend", "target_long": 86.624, "target_short": 83.936, "vol_surge": false, "vp_poc": 85.63, "vp_vah": 92.42999999999999, "vp_val": 83.92999999999999}, "KRW-XRP": {"signal": 0, "current_price": 1.3589, "ma200": 1.6793170000000002, "trend": "downtrend", "target_long": 1.3663399999999999, "target_short": 1.33546, "vol_surge": false, "vp_poc": 1.423312, "vp_vah": 1.483024, "vp_val": 1.3735519999999999}, "KRW-DOGE": {"signal": 0, "current_price": 0.10265, "ma200": 0.11646574999999998, "trend": "downtrend", "target_long": 0.10363800000000001, "target_short": 0.100942, "vol_surge": false, "vp_poc": 0.112366, "vp_vah": 0.11452599999999999, "vp_val": 0.10459000000000002}, "KRW-LINK": {"signal": 0, "current_price": 9.528, "ma200": 10.8851, "trend": "downtrend", "target_long": 9.5922, "target_short": 9.2738, "vol_surge": false, "vp_poc": 9.54705, "vp_vah": 10.30935, "vp_val": 9.32925}, "KRW-SUI": {"signal": 0, "current_price": 1.0393, "ma200": 1.2425985, "trend": "downtrend", "target_long": 1.06, "target_short": 1.0055999999999998, "vol_surge": false, "vp_poc": 1.080555, "vp_vah": 1.217505, "vp_val": 0.961865}}}