{"okx": {"KRW-BTC": {"signal": 0, "current_price": 78231.1, "ma200": 81783.14600000001, "trend": "downtrend", "target_long": 80323.98, "target_short": 77909.81999999999, "vol_surge": false, "vp_poc": 80393.527, "vp_vah": 81657.255, "vp_val": 77866.071}, "KRW-ETH": {"signal": 0, "current_price": 2175.21, "ma200": 2611.5331499999998, "trend": "downtrend", "target_long": 2262.62, "target_short": 2186.66, "vol_surge": false, "vp_poc": 2316.2946, "vp_vah": 2358.205, "vp_val": 2258.6678}, "KRW-BNB": {"signal": 0, "current_price": 657.1, "ma200": 761.829, "trend": "downtrend", "target_long": 680.7199999999999, "target_short": 664.08, "vol_surge": false, "vp_poc": 650.798, "vp_vah": 674.7379999999999, "vp_val": 625.2620000000001}, "KRW-SOL": {"signal": 0, "current_price": 86.67, "ma200": 110.84975, "trend": "downtrend", "target_long": 90.894, "target_short": 87.606, "vol_surge": false, "vp_poc": 84.29489999999998, "vp_vah": 92.44049999999999, "vp_val": 83.2767}, "KRW-XRP": {"signal": 0, "current_price": 1.4174, "ma200": 1.7258620000000002, "trend": "downtrend", "target_long": 1.46328, "target_short": 1.40512, "vol_surge": false, "vp_poc": 1.421491, "vp_vah": 1.462351, "vp_val": 1.3847170000000002}, "KRW-DOGE": {"signal": 0, "current_price": 0.10989, "ma200": 0.11975409999999999, "trend": "downtrend", "target_long": 0.11601199999999999, "target_short": 0.110668, "vol_surge": false, "vp_poc": 0.10836989999999999, "vp_vah": 0.11491889999999999, "vp_val": 0.10662350000000001}, "KRW-LINK": {"signal": 0, "current_price": 9.757, "ma200": 11.188945, "trend": "downtrend", "target_long": 10.3096, "target_short": 9.8384, "vol_surge": false, "vp_poc": 9.16506, "vp_vah": 10.30302, "vp_val": 9.04734}, "KRW-SUI": {"signal": 0, "current_price": 1.0636, "ma200": 1.2945784999999999, "trend": "downtrend", "target_long": 1.14668, "target_short": 1.05252, "vol_surge": false, "vp_poc": 0.9187609999999999, "vp_vah": 1.238141, "vp_val": 0.908115}}}