{"okx": {"KRW-BTC": {"signal": 0, "current_price": 58714.7, "ma200": 75241.89600000001, "trend": "downtrend", "target_long": 59458.979999999996, "target_short": 57797.22, "vol_surge": false, "vp_poc": 64083.5, "vp_vah": 67208.1, "vp_val": 60223.7}, "KRW-ETH": {"signal": 0, "current_price": 1573.7, "ma200": 2288.07355, "trend": "downtrend", "target_long": 1597.7520000000002, "target_short": 1546.528, "vol_surge": false, "vp_poc": 1711.0824000000002, "vp_vah": 1805.5432, "vp_val": 1636.8632000000002}, "KRW-BNB": {"signal": 0, "current_price": 546.6, "ma200": 689.4010000000001, "trend": "downtrend", "target_long": 553.32, "target_short": 539.88, "vol_surge": false, "vp_poc": 556.444, "vp_vah": 603.044, "vp_val": 545.26}, "KRW-SOL": {"signal": 0, "current_price": 73.71, "ma200": 94.2899, "trend": "downtrend", "target_long": 75.00800000000001, "target_short": 72.352, "vol_surge": false, "vp_poc": 72.37809999999999, "vp_vah": 74.6155, "vp_val": 68.6491}, "KRW-XRP": {"signal": 0, "current_price": 1.0407, "ma200": 1.4944985, "trend": "downtrend", "target_long": 1.05278, "target_short": 1.02742, "vol_surge": false, "vp_poc": 1.1370900000000002, "vp_vah": 1.2507700000000002, "vp_val": 1.063198}, "KRW-DOGE": {"signal": 0, "current_price": 0.07214, "ma200": 0.10409494999999999, "trend": "downtrend", "target_long": 0.073734, "target_short": 0.07044600000000001, "vol_surge": false, "vp_poc": 0.0881219, "vp_vah": 0.09226010000000001, "vp_val": 0.0757073}, "KRW-LINK": {"signal": 0, "current_price": 7.207, "ma200": 9.810274999999999, "trend": "downtrend", "target_long": 7.313400000000001, "target_short": 7.0926, "vol_surge": false, "vp_poc": 7.86071, "vp_vah": 8.47137, "vp_val": 7.34647}, "KRW-SUI": {"signal": 0, "current_price": 0.6913, "ma200": 1.0777845, "trend": "downtrend", "target_long": 0.70102, "target_short": 0.68038, "vol_surge": false, "vp_poc": 0.702704, "vp_vah": 0.759536, "vp_val": 0.652976}}}