{"okx": {"KRW-BTC": {"signal": 0, "current_price": 75239.8, "ma200": 87181.79, "trend": "downtrend", "target_long": 75581.62, "target_short": 74043.38, "vol_surge": false, "vp_poc": 66878.177, "vp_vah": 72623.189, "vp_val": 65773.367}, "KRW-ETH": {"signal": 0, "current_price": 2358.2, "ma200": 2885.2560500000004, "trend": "downtrend", "target_long": 2390.828, "target_short": 2329.292, "vol_surge": false, "vp_poc": 2229.4154, "vp_vah": 2267.5866, "vp_val": 2019.4737999999998}, "KRW-BNB": {"signal": 0, "current_price": 636.5, "ma200": 837.6785000000001, "trend": "downtrend", "target_long": 629.5, "target_short": 615.9000000000001, "vol_surge": false, "vp_poc": 611.487, "vp_vah": 620.825, "vp_val": 598.1469999999999}, "KRW-SOL": {"signal": 0, "current_price": 89.87, "ma200": 128.23965, "trend": "downtrend", "target_long": 86.168, "target_short": 83.632, "vol_surge": false, "vp_poc": 83.9985, "vp_vah": 85.8563, "vp_val": 80.8137}, "KRW-XRP": {"signal": 0, "current_price": 1.4623, "ma200": 1.9080869999999999, "trend": "downtrend", "target_long": 1.4157600000000001, "target_short": 1.36904, "vol_surge": false, "vp_poc": 1.35506, "vp_vah": 1.36622, "vp_val": 1.31042}, "KRW-DOGE": {"signal": 0, "current_price": 0.09941, "ma200": 0.1364546, "trend": "downtrend", "target_long": 0.096546, "target_short": 0.093234, "vol_surge": true, "vp_poc": 0.0925622, "vp_vah": 0.09447900000000001, "vp_val": 0.0904058}, "KRW-LINK": {"signal": 0, "current_price": 9.62, "ma200": 12.6649, "trend": "downtrend", "target_long": 9.4116, "target_short": 9.1084, "vol_surge": false, "vp_poc": 8.754259999999999, "vp_vah": 9.184460000000001, "vp_val": 8.5535}, "KRW-SUI": {"signal": 0, "current_price": 1.0002, "ma200": 1.5812125000000001, "trend": "downtrend", "target_long": 0.9780599999999999, "target_short": 0.93974, "vol_surge": false, "vp_poc": 0.8723799999999999, "vp_vah": 0.94154, "vp_val": 0.8469}}}