{"okx": {"KRW-BTC": {"signal": 0, "current_price": 78381.8, "ma200": 81624.4795, "trend": "downtrend", "target_long": 78770.64, "target_short": 77509.76, "vol_surge": false, "vp_poc": 80393.527, "vp_vah": 81657.255, "vp_val": 78024.03700000001}, "KRW-ETH": {"signal": 0, "current_price": 2192.25, "ma200": 2603.0057, "trend": "downtrend", "target_long": 2208.602, "target_short": 2152.898, "vol_surge": false, "vp_poc": 2316.2946, "vp_vah": 2363.4438, "vp_val": 2258.6678}, "KRW-BNB": {"signal": 0, "current_price": 655.7, "ma200": 759.5645, "trend": "downtrend", "target_long": 665.88, "target_short": 646.5200000000001, "vol_surge": false, "vp_poc": 650.798, "vp_vah": 679.526, "vp_val": 630.05}, "KRW-SOL": {"signal": 0, "current_price": 86.69, "ma200": 110.31315000000001, "trend": "downtrend", "target_long": 88.118, "target_short": 84.982, "vol_surge": false, "vp_poc": 84.29489999999998, "vp_vah": 92.1011, "vp_val": 82.2585}, "KRW-XRP": {"signal": 0, "current_price": 1.4194, "ma200": 1.7201894999999998, "trend": "downtrend", "target_long": 1.43102, "target_short": 1.39638, "vol_surge": false, "vp_poc": 1.421491, "vp_vah": 1.462351, "vp_val": 1.3847170000000002}, "KRW-DOGE": {"signal": 0, "current_price": 0.1108, "ma200": 0.1193439, "trend": "downtrend", "target_long": 0.111664, "target_short": 0.107136, "vol_surge": false, "vp_poc": 0.10814950000000001, "vp_vah": 0.11390349999999999, "vp_val": 0.1065055}, "KRW-LINK": {"signal": 0, "current_price": 9.756, "ma200": 11.146850000000002, "trend": "downtrend", "target_long": 9.910200000000001, "target_short": 9.5238, "vol_surge": false, "vp_poc": 9.16506, "vp_vah": 10.30302, "vp_val": 9.08658}, "KRW-SUI": {"signal": 0, "current_price": 1.0706, "ma200": 1.2873595, "trend": "downtrend", "target_long": 1.0895, "target_short": 1.0327, "vol_surge": false, "vp_poc": 0.9187609999999999, "vp_vah": 1.238141, "vp_val": 0.908115}}}