{"okx": {"KRW-BTC": {"signal": 0, "current_price": 75137.5, "ma200": 86352.364, "trend": "downtrend", "target_long": 74803.68, "target_short": 72812.32, "vol_surge": false, "vp_poc": 74677.946, "vp_vah": 77965.022, "vp_val": 70632.31400000001}, "KRW-ETH": {"signal": 0, "current_price": 2308.86, "ma200": 2845.9508, "trend": "downtrend", "target_long": 2305.008, "target_short": 2222.232, "vol_surge": false, "vp_poc": 2317.8597, "vp_vah": 2407.6417, "vp_val": 2165.2303}, "KRW-BNB": {"signal": 0, "current_price": 626.9, "ma200": 829.4780000000001, "trend": "downtrend", "target_long": 622.44, "target_short": 609.96, "vol_surge": false, "vp_poc": 612.246, "vp_vah": 624.758, "vp_val": 591.914}, "KRW-SOL": {"signal": 0, "current_price": 84.96, "ma200": 125.56125, "trend": "downtrend", "target_long": 85.16999999999999, "target_short": 81.81, "vol_surge": false, "vp_poc": 83.8604, "vp_vah": 86.66839999999999, "vp_val": 80.7716}, "KRW-XRP": {"signal": 0, "current_price": 1.4215, "ma200": 1.878097, "trend": "downtrend", "target_long": 1.4173600000000002, "target_short": 1.37144, "vol_surge": false, "vp_poc": 1.35503, "vp_vah": 1.3919899999999998, "vp_val": 1.3042099999999999}, "KRW-DOGE": {"signal": 0, "current_price": 0.09478, "ma200": 0.13346995, "trend": "downtrend", "target_long": 0.09464, "target_short": 0.09148, "vol_surge": false, "vp_poc": 0.0930758, "vp_vah": 0.0957118, "vp_val": 0.0904398}, "KRW-LINK": {"signal": 0, "current_price": 9.251, "ma200": 12.408875, "trend": "downtrend", "target_long": 9.2124, "target_short": 8.911599999999998, "vol_surge": false, "vp_poc": 9.129010000000001, "vp_vah": 9.36085, "vp_val": 8.75227}, "KRW-SUI": {"signal": 0, "current_price": 0.9446, "ma200": 1.5320759999999998, "trend": "downtrend", "target_long": 0.9449000000000001, "target_short": 0.9009, "vol_surge": false, "vp_poc": 0.954591, "vp_vah": 1.008229, "vp_val": 0.9009529999999999}}}