{"okx": {"KRW-BTC": {"signal": 0, "current_price": 76263.5, "ma200": 86357.994, "trend": "downtrend", "target_long": 74803.68, "target_short": 72812.32, "vol_surge": false, "vp_poc": 74677.946, "vp_vah": 77712.17000000001, "vp_val": 70632.31400000001}, "KRW-ETH": {"signal": 0, "current_price": 2332.82, "ma200": 2846.0706, "trend": "downtrend", "target_long": 2305.008, "target_short": 2222.232, "vol_surge": false, "vp_poc": 2317.8597, "vp_vah": 2407.6417, "vp_val": 2165.2303}, "KRW-BNB": {"signal": 0, "current_price": 630.6, "ma200": 829.4965000000001, "trend": "downtrend", "target_long": 622.44, "target_short": 609.96, "vol_surge": false, "vp_poc": 616.938, "vp_vah": 624.758, "vp_val": 591.914}, "KRW-SOL": {"signal": 0, "current_price": 85.79, "ma200": 125.56540000000001, "trend": "downtrend", "target_long": 85.16999999999999, "target_short": 81.81, "vol_surge": false, "vp_poc": 83.8604, "vp_vah": 86.66839999999999, "vp_val": 80.7716}, "KRW-XRP": {"signal": 0, "current_price": 1.4297, "ma200": 1.8781379999999999, "trend": "downtrend", "target_long": 1.4173600000000002, "target_short": 1.37144, "vol_surge": false, "vp_poc": 1.35503, "vp_vah": 1.39661, "vp_val": 1.3042099999999999}, "KRW-DOGE": {"signal": 0, "current_price": 0.09555, "ma200": 0.1334738, "trend": "downtrend", "target_long": 0.09464, "target_short": 0.09148, "vol_surge": false, "vp_poc": 0.0930758, "vp_vah": 0.0957118, "vp_val": 0.0904398}, "KRW-LINK": {"signal": 0, "current_price": 9.325, "ma200": 12.409245, "trend": "downtrend", "target_long": 9.2124, "target_short": 8.911599999999998, "vol_surge": false, "vp_poc": 9.129010000000001, "vp_vah": 9.36085, "vp_val": 8.78125}, "KRW-SUI": {"signal": 0, "current_price": 0.9476, "ma200": 1.5320909999999999, "trend": "downtrend", "target_long": 0.9449000000000001, "target_short": 0.9009, "vol_surge": false, "vp_poc": 0.929835, "vp_vah": 1.008229, "vp_val": 0.9009529999999999}}}