{"okx": {"KRW-BTC": {"signal": 2, "current_price": 65908.1, "ma200": 90118.58200000001, "trend": "downtrend", "target_long": 68805.45999999999, "target_short": 67418.34, "vol_surge": false, "vp_poc": 71056.49, "vp_vah": 71496.962, "vp_val": 66431.534}, "KRW-ETH": {"signal": 0, "current_price": 2021.82, "ma200": 3030.5348000000004, "trend": "downtrend", "target_long": 2174.6820000000002, "target_short": 2105.538, "vol_surge": false, "vp_poc": 2167.2837, "vp_vah": 2194.2159, "vp_val": 2014.6679}, "KRW-BNB": {"signal": 2, "current_price": 573.0, "ma200": 864.227, "trend": "downtrend", "target_long": 616.0600000000001, "target_short": 606.14, "vol_surge": false, "vp_poc": 645.113, "vp_vah": 656.623, "vp_val": 605.979}, "KRW-SOL": {"signal": 2, "current_price": 77.44, "ma200": 138.05460000000002, "trend": "downtrend", "target_long": 83.532, "target_short": 78.86800000000001, "vol_surge": false, "vp_poc": 88.517, "vp_vah": 95.4326, "vp_val": 84.0422}, "KRW-XRP": {"signal": 0, "current_price": 1.287, "ma200": 2.017703, "trend": "downtrend", "target_long": 1.36274, "target_short": 1.3330600000000001, "vol_surge": false, "vp_poc": 1.340089, "vp_vah": 1.462335, "vp_val": 1.3207870000000002}, "KRW-DOGE": {"signal": 2, "current_price": 0.08935, "ma200": 0.14760220000000002, "trend": "downtrend", "target_long": 0.09333799999999999, "target_short": 0.091042, "vol_surge": false, "vp_poc": 0.092704, "vp_vah": 0.096024, "vp_val": 0.08938399999999999}, "KRW-LINK": {"signal": 0, "current_price": 8.45, "ma200": 13.603010000000001, "trend": "downtrend", "target_long": 9.128, "target_short": 8.760000000000002, "vol_surge": false, "vp_poc": 9.118649999999999, "vp_vah": 9.344850000000001, "vp_val": 8.44005}, "KRW-SUI": {"signal": 0, "current_price": 0.8462, "ma200": 1.7590990000000002, "trend": "downtrend", "target_long": 0.8992, "target_short": 0.8648, "vol_surge": false, "vp_poc": 0.9494990000000001, "vp_vah": 1.002519, "vp_val": 0.848761}}}