{"okx": {"KRW-BTC": {"signal": 0, "current_price": 68304.9, "ma200": 90604.58049999998, "trend": "downtrend", "target_long": 67752.64, "target_short": 65847.36, "vol_surge": false, "vp_poc": 70616.018, "vp_vah": 71937.43400000001, "vp_val": 66651.77}, "KRW-ETH": {"signal": 0, "current_price": 2105.33, "ma200": 3056.0808999999995, "trend": "downtrend", "target_long": 2068.96, "target_short": 1984.6, "vol_surge": false, "vp_poc": 2167.2837, "vp_vah": 2194.2159, "vp_val": 2014.6679}, "KRW-BNB": {"signal": 0, "current_price": 617.4, "ma200": 867.6065, "trend": "downtrend", "target_long": 616.0, "target_short": 602.8, "vol_surge": false, "vp_poc": 644.836, "vp_vah": 675.844, "vp_val": 624.7719999999999}, "KRW-SOL": {"signal": 0, "current_price": 83.12, "ma200": 139.67175, "trend": "downtrend", "target_long": 84.096, "target_short": 81.024, "vol_surge": false, "vp_poc": 88.4629, "vp_vah": 94.8515, "vp_val": 85.45649999999999}, "KRW-XRP": {"signal": 0, "current_price": 1.3401, "ma200": 2.035261, "trend": "downtrend", "target_long": 1.34424, "target_short": 1.30416, "vol_surge": false, "vp_poc": 1.404235, "vp_vah": 1.460413, "vp_val": 1.3293309999999998}, "KRW-DOGE": {"signal": 0, "current_price": 0.09212, "ma200": 0.1495299, "trend": "downtrend", "target_long": 0.092306, "target_short": 0.089394, "vol_surge": false, "vp_poc": 0.094696, "vp_vah": 0.097352, "vp_val": 0.08938399999999999}, "KRW-LINK": {"signal": 0, "current_price": 8.776, "ma200": 13.760950000000001, "trend": "downtrend", "target_long": 8.8384, "target_short": 8.4176, "vol_surge": false, "vp_poc": 9.118649999999999, "vp_vah": 9.495650000000001, "vp_val": 8.59085}, "KRW-SUI": {"signal": 0, "current_price": 0.8775, "ma200": 1.787957, "trend": "downtrend", "target_long": 0.88248, "target_short": 0.8455199999999999, "vol_surge": false, "vp_poc": 0.9601029999999999, "vp_vah": 1.050237, "vp_val": 0.912385}}}