{"okx": {"KRW-ETH": {"signal": 0, "current_price": 1683.49, "ma200": 2428.3889, "trend": "downtrend", "target_long": 1647.3239999999998, "target_short": 1595.796, "vol_surge": false, "vp_poc": 1652.8857, "vp_vah": 1962.7689, "vp_val": 1510.8559}, "KRW-BNB": {"signal": 0, "current_price": 604.4, "ma200": 719.82, "trend": "downtrend", "target_long": 593.7800000000001, "target_short": 579.62, "vol_surge": false, "vp_poc": 656.876, "vp_vah": 743.9079999999999, "vp_val": 607.684}, "KRW-SOL": {"signal": 0, "current_price": 66.98, "ma200": 100.78254999999999, "trend": "downtrend", "target_long": 64.568, "target_short": 61.83200000000001, "vol_surge": false, "vp_poc": 65.3141, "vp_vah": 80.6525, "vp_val": 60.3839}, "KRW-XRP": {"signal": 0, "current_price": 1.1404, "ma200": 1.5942285, "trend": "downtrend", "target_long": 1.11806, "target_short": 1.0761399999999999, "vol_surge": false, "vp_poc": 1.333655, "vp_vah": 1.3728350000000002, "vp_val": 1.137755}, "KRW-DOGE": {"signal": 0, "current_price": 0.08646, "ma200": 0.11057025, "trend": "downtrend", "target_long": 0.084412, "target_short": 0.08150800000000001, "vol_surge": false, "vp_poc": 0.10040349999999999, "vp_vah": 0.1047955, "vp_val": 0.08558049999999999}, "KRW-LINK": {"signal": 0, "current_price": 7.927, "ma200": 10.394895000000002, "trend": "downtrend", "target_long": 7.7284, "target_short": 7.395600000000001, "vol_surge": false, "vp_poc": 7.80439, "vp_vah": 9.08825, "vp_val": 7.0229099999999995}, "KRW-SUI": {"signal": 0, "current_price": 0.7625, "ma200": 1.1623435, "trend": "downtrend", "target_long": 0.7457, "target_short": 0.7077, "vol_surge": false, "vp_poc": 0.7539419999999999, "vp_vah": 0.894806, "vp_val": 0.674706}}}