{"upbit": {"KRW-BTC": {"signal": 0, "current_price": 105589000.0, "ma200": 136990810.0, "trend": "downtrend", "target_long": 110990000.0, "target_short": 107040000.0, "vol_surge": false, "vp_poc": 101153740.0, "vp_vah": 107099140.0, "vp_val": 97586500.0}, "KRW-ETH": {"signal": 0, "current_price": 3249000.0, "ma200": 4694910.0, "trend": "downtrend", "target_long": 3486000.0, "target_short": 3354000.0, "vol_surge": false, "vp_poc": 2967960.0, "vp_vah": 3179080.0, "vp_val": 2821800.0}}, "okx": {"KRW-BTC": {"signal": 0, "current_price": 70967.5, "ma200": 93400.54199999999, "trend": "downtrend", "target_long": 75215.70000000001, "target_short": 72592.9, "vol_surge": false, "vp_poc": 67827.029, "vp_vah": 71724.539, "vp_val": 65748.357}, "KRW-ETH": {"signal": 0, "current_price": 2182.85, "ma200": 3204.68185, "trend": "downtrend", "target_long": 2357.8900000000003, "target_short": 2277.21, "vol_surge": false, "vp_poc": 2028.586, "vp_vah": 2138.938, "vp_val": 1918.234}, "KRW-SOL": {"signal": 0, "current_price": 89.75, "ma200": 147.8283, "trend": "downtrend", "target_long": 96.515, "target_short": 92.705, "vol_surge": false, "vp_poc": 86.77850000000001, "vp_vah": 90.4775, "vp_val": 81.8465}, "KRW-XRP": {"signal": 0, "current_price": 1.45, "ma200": 2.133296, "trend": "downtrend", "target_long": 1.57465, "target_short": 1.4619499999999999, "vol_surge": false, "vp_poc": 1.388115, "vp_vah": 1.448757, "vp_val": 1.340949}}}