{"okx": {"KRW-BTC": {"signal": 0, "current_price": 79638.2, "ma200": 83016.9045, "trend": "downtrend", "target_long": 80900.0, "target_short": 79136.4, "vol_surge": false, "vp_poc": 78371.19099999999, "vp_vah": 79283.601, "vp_val": 75451.47899999999}, "KRW-ETH": {"signal": 0, "current_price": 2279.14, "ma200": 2678.5393, "trend": "downtrend", "target_long": 2320.714, "target_short": 2262.3860000000004, "vol_surge": false, "vp_poc": 2316.0972, "vp_vah": 2373.15, "vp_val": 2283.4956}, "KRW-BNB": {"signal": 0, "current_price": 639.0, "ma200": 779.4454999999999, "trend": "downtrend", "target_long": 645.3399999999999, "target_short": 629.26, "vol_surge": false, "vp_poc": 634.6700000000001, "vp_vah": 640.1300000000001, "vp_val": 618.29}, "KRW-SOL": {"signal": 2, "current_price": 88.17, "ma200": 114.81514999999999, "trend": "downtrend", "target_long": 89.55199999999999, "target_short": 87.328, "vol_surge": false, "vp_poc": 84.5635, "vp_vah": 87.0863, "vp_val": 83.3021}, "KRW-XRP": {"signal": 2, "current_price": 1.3849, "ma200": 1.7686905, "trend": "downtrend", "target_long": 1.4052799999999999, "target_short": 1.3687200000000002, "vol_surge": false, "vp_poc": 1.419484, "vp_vah": 1.435836, "vp_val": 1.384444}, "KRW-DOGE": {"signal": 0, "current_price": 0.1064, "ma200": 0.12313475, "trend": "downtrend", "target_long": 0.110182, "target_short": 0.10555799999999999, "vol_surge": false, "vp_poc": 0.09818959999999999, "vp_vah": 0.108488, "vp_val": 0.0927952}, "KRW-LINK": {"signal": 0, "current_price": 9.857, "ma200": 11.487665, "trend": "downtrend", "target_long": 9.9848, "target_short": 9.7192, "vol_surge": false, "vp_poc": 9.32509, "vp_vah": 9.512550000000001, "vp_val": 9.05729}, "KRW-SUI": {"signal": 2, "current_price": 0.966, "ma200": 1.3475864999999998, "trend": "downtrend", "target_long": 0.9911800000000001, "target_short": 0.94582, "vol_surge": false, "vp_poc": 0.944107, "vp_vah": 0.962431, "vp_val": 0.913567}}}