{"okx": {"KRW-BTC": {"signal": 0, "current_price": 79791.2, "ma200": 83170.3005, "trend": "downtrend", "target_long": 82287.98, "target_short": 80592.62000000001, "vol_surge": false, "vp_poc": 78371.19099999999, "vp_vah": 79101.119, "vp_val": 75451.47899999999}, "KRW-ETH": {"signal": 0, "current_price": 2290.53, "ma200": 2687.03565, "trend": "downtrend", "target_long": 2385.654, "target_short": 2316.926, "vol_surge": false, "vp_poc": 2313.5609999999997, "vp_vah": 2379.8586000000005, "vp_val": 2288.6994}, "KRW-BNB": {"signal": 0, "current_price": 641.9, "ma200": 781.7769999999999, "trend": "downtrend", "target_long": 662.18, "target_short": 633.62, "vol_surge": false, "vp_poc": 632.4860000000001, "vp_vah": 640.1300000000001, "vp_val": 617.1980000000001}, "KRW-SOL": {"signal": 0, "current_price": 88.44, "ma200": 115.32295, "trend": "downtrend", "target_long": 90.752, "target_short": 87.568, "vol_surge": true, "vp_poc": 84.5635, "vp_vah": 87.0863, "vp_val": 83.48230000000001}, "KRW-XRP": {"signal": 0, "current_price": 1.3911, "ma200": 1.7742614999999997, "trend": "downtrend", "target_long": 1.44486, "target_short": 1.40494, "vol_surge": false, "vp_poc": 1.393675, "vp_vah": 1.437355, "vp_val": 1.385485}, "KRW-DOGE": {"signal": 0, "current_price": 0.10763, "ma200": 0.12360149999999999, "trend": "downtrend", "target_long": 0.114732, "target_short": 0.11022799999999999, "vol_surge": false, "vp_poc": 0.09818959999999999, "vp_vah": 0.108488, "vp_val": 0.0927952}, "KRW-LINK": {"signal": 0, "current_price": 9.88, "ma200": 11.531794999999999, "trend": "downtrend", "target_long": 10.193800000000001, "target_short": 9.8042, "vol_surge": false, "vp_poc": 9.32509, "vp_vah": 9.512550000000001, "vp_val": 9.08407}, "KRW-SUI": {"signal": 0, "current_price": 0.9702, "ma200": 1.3556405, "trend": "downtrend", "target_long": 1.02158, "target_short": 0.96422, "vol_surge": false, "vp_poc": 0.944107, "vp_vah": 0.9654849999999999, "vp_val": 0.913567}}}