{"okx": {"KRW-BTC": {"signal": 0, "current_price": 74444.0, "ma200": 87542.01849999999, "trend": "downtrend", "target_long": 76150.15999999999, "target_short": 72686.24, "vol_surge": false, "vp_poc": 66886.7, "vp_vah": 71454.5, "vp_val": 65695.1}, "KRW-ETH": {"signal": 0, "current_price": 2376.62, "ma200": 2902.7395, "trend": "downtrend", "target_long": 2457.12, "target_short": 2281.76, "vol_surge": false, "vp_poc": 2061.8013, "vp_vah": 2217.2459, "vp_val": 1988.6509}, "KRW-BNB": {"signal": 0, "current_price": 617.1, "ma200": 841.2055, "trend": "downtrend", "target_long": 625.3599999999999, "target_short": 604.24, "vol_surge": false, "vp_poc": 610.682, "vp_vah": 620.066, "vp_val": 596.606}, "KRW-SOL": {"signal": 0, "current_price": 85.84, "ma200": 129.44785, "trend": "downtrend", "target_long": 88.66, "target_short": 84.34, "vol_surge": false, "vp_poc": 82.9648, "vp_vah": 86.02080000000001, "vp_val": 80.82560000000001}, "KRW-XRP": {"signal": 0, "current_price": 1.3698, "ma200": 1.9222145, "trend": "downtrend", "target_long": 1.40166, "target_short": 1.34974, "vol_surge": false, "vp_poc": 1.3407200000000001, "vp_vah": 1.365488, "vp_val": 1.3187039999999999}, "KRW-DOGE": {"signal": 0, "current_price": 0.09435, "ma200": 0.137831, "trend": "downtrend", "target_long": 0.095558, "target_short": 0.092662, "vol_surge": false, "vp_poc": 0.0923367, "vp_vah": 0.0936791, "vp_val": 0.09032309999999999}, "KRW-LINK": {"signal": 0, "current_price": 9.186, "ma200": 12.78423, "trend": "downtrend", "target_long": 9.6594, "target_short": 9.0586, "vol_surge": false, "vp_poc": 8.7539, "vp_vah": 9.07682, "vp_val": 8.505500000000001}, "KRW-SUI": {"signal": 0, "current_price": 0.9497, "ma200": 1.6037805, "trend": "downtrend", "target_long": 0.9852799999999999, "target_short": 0.93472, "vol_surge": false, "vp_poc": 0.872004, "vp_vah": 0.932348, "vp_val": 0.846596}}}