{"okx": {"KRW-BTC": {"signal": 0, "current_price": 77570.1, "ma200": 85443.59850000002, "trend": "downtrend", "target_long": 78935.45999999999, "target_short": 77565.54000000001, "vol_surge": false, "vp_poc": 74962.84, "vp_vah": 78562.408, "vp_val": 72134.60800000001}, "KRW-ETH": {"signal": 0, "current_price": 2318.94, "ma200": 2801.7333499999995, "trend": "downtrend", "target_long": 2369.44, "target_short": 2291.48, "vol_surge": false, "vp_poc": 2319.3678, "vp_vah": 2408.2358000000004, "vp_val": 2221.6130000000003}, "KRW-BNB": {"signal": 0, "current_price": 637.4, "ma200": 818.549, "trend": "downtrend", "target_long": 642.52, "target_short": 634.6800000000001, "vol_surge": false, "vp_poc": 603.75, "vp_vah": 633.23, "vp_val": 598.39}, "KRW-SOL": {"signal": 0, "current_price": 86.36, "ma200": 122.6816, "trend": "downtrend", "target_long": 87.20400000000001, "target_short": 85.076, "vol_surge": false, "vp_poc": 85.178, "vp_vah": 86.9084, "vp_val": 82.2116}, "KRW-XRP": {"signal": 0, "current_price": 1.4387, "ma200": 1.8469795, "trend": "downtrend", "target_long": 1.4519, "target_short": 1.4259000000000002, "vol_surge": false, "vp_poc": 1.35503, "vp_vah": 1.42895, "vp_val": 1.32269}, "KRW-DOGE": {"signal": 0, "current_price": 0.09823, "ma200": 0.1302634, "trend": "downtrend", "target_long": 0.09825, "target_short": 0.09597, "vol_surge": false, "vp_poc": 0.0930742, "vp_vah": 0.0975598, "vp_val": 0.0920774}, "KRW-LINK": {"signal": 0, "current_price": 9.397, "ma200": 12.146745000000001, "trend": "downtrend", "target_long": 9.4514, "target_short": 9.2546, "vol_surge": false, "vp_poc": 9.35333, "vp_vah": 9.436790000000002, "vp_val": 8.936029999999999}, "KRW-SUI": {"signal": 0, "current_price": 0.9495, "ma200": 1.4790729999999999, "trend": "downtrend", "target_long": 0.9588, "target_short": 0.934, "vol_surge": false, "vp_poc": 0.9463389999999999, "vp_vah": 0.9752209999999999, "vp_val": 0.9133309999999999}}}