{"okx": {"KRW-BTC": {"signal": 0, "current_price": 75921.7, "ma200": 84227.75050000001, "trend": "downtrend", "target_long": 76963.59999999999, "target_short": 74605.2, "vol_surge": false, "vp_poc": 77422.117, "vp_vah": 78499.969, "vp_val": 74547.845}, "KRW-ETH": {"signal": 0, "current_price": 2253.6, "ma200": 2745.3404499999997, "trend": "downtrend", "target_long": 2303.7799999999997, "target_short": 2202.38, "vol_surge": false, "vp_poc": 2317.59, "vp_vah": 2381.6099999999997, "vp_val": 2276.8500000000004}, "KRW-BNB": {"signal": 0, "current_price": 617.9, "ma200": 800.2460000000001, "trend": "downtrend", "target_long": 625.16, "target_short": 609.64, "vol_surge": false, "vp_poc": 627.432, "vp_vah": 640.392, "vp_val": 617.0640000000001}, "KRW-SOL": {"signal": 0, "current_price": 83.16, "ma200": 119.05990000000001, "trend": "downtrend", "target_long": 84.72800000000001, "target_short": 81.392, "vol_surge": false, "vp_poc": 86.11439999999999, "vp_vah": 87.24719999999999, "vp_val": 83.47120000000001}, "KRW-XRP": {"signal": 0, "current_price": 1.3743, "ma200": 1.8098149999999997, "trend": "downtrend", "target_long": 1.3935199999999999, "target_short": 1.34528, "vol_surge": false, "vp_poc": 1.4278849999999998, "vp_vah": 1.4469349999999999, "vp_val": 1.359305}, "KRW-DOGE": {"signal": 0, "current_price": 0.10699, "ma200": 0.12661524999999998, "trend": "downtrend", "target_long": 0.10928399999999999, "target_short": 0.098916, "vol_surge": false, "vp_poc": 0.09752029999999999, "vp_vah": 0.09971129999999999, "vp_val": 0.0931383}, "KRW-LINK": {"signal": 0, "current_price": 9.113, "ma200": 11.825495, "trend": "downtrend", "target_long": 9.314, "target_short": 8.91, "vol_surge": false, "vp_poc": 9.35931, "vp_vah": 9.47761, "vp_val": 9.07539}, "KRW-SUI": {"signal": 0, "current_price": 0.9117, "ma200": 1.4151660000000001, "trend": "downtrend", "target_long": 0.92966, "target_short": 0.88454, "vol_surge": false, "vp_poc": 0.9543099999999999, "vp_vah": 0.967254, "vp_val": 0.9187139999999999}}}