{"okx": {"KRW-BTC": {"signal": 2, "current_price": 61923.3, "ma200": 74396.2665, "trend": "downtrend", "target_long": 64026.840000000004, "target_short": 62705.96, "vol_surge": false, "vp_poc": 59920.827000000005, "vp_vah": 62736.063, "vp_val": 58200.405}, "KRW-ETH": {"signal": 2, "current_price": 1739.58, "ma200": 2246.8755, "trend": "downtrend", "target_long": 1793.702, "target_short": 1749.238, "vol_surge": false, "vp_poc": 1734.1924, "vp_vah": 1830.7804, "vp_val": 1689.118}, "KRW-BNB": {"signal": 2, "current_price": 563.8, "ma200": 679.5690000000001, "trend": "downtrend", "target_long": 581.8799999999999, "target_short": 571.72, "vol_surge": false, "vp_poc": 584.723, "vp_vah": 591.233, "vp_val": 557.3810000000001}, "KRW-SOL": {"signal": 2, "current_price": 76.96, "ma200": 92.7315, "trend": "downtrend", "target_long": 81.534, "target_short": 79.56599999999999, "vol_surge": false, "vp_poc": 72.6199, "vp_vah": 77.80170000000001, "vp_val": 64.2493}, "KRW-XRP": {"signal": 2, "current_price": 1.0811, "ma200": 1.4673444999999998, "trend": "downtrend", "target_long": 1.12976, "target_short": 1.09424, "vol_surge": false, "vp_poc": 1.136877, "vp_vah": 1.161363, "vp_val": 1.0564230000000001}, "KRW-DOGE": {"signal": 2, "current_price": 0.07188, "ma200": 0.10220425000000001, "trend": "downtrend", "target_long": 0.075562, "target_short": 0.07281800000000001, "vol_surge": false, "vp_poc": 0.073712, "vp_vah": 0.078392, "vp_val": 0.07215200000000001}, "KRW-LINK": {"signal": 2, "current_price": 7.59, "ma200": 9.64556, "trend": "downtrend", "target_long": 7.973000000000001, "target_short": 7.753, "vol_surge": false, "vp_poc": 7.88425, "vp_vah": 8.14099, "vp_val": 7.347430000000001}, "KRW-SUI": {"signal": 2, "current_price": 0.7023, "ma200": 1.05271, "trend": "downtrend", "target_long": 0.7421, "target_short": 0.7137, "vol_surge": false, "vp_poc": 0.702407, "vp_vah": 0.739171, "vp_val": 0.673521}}}