{"okx": {"KRW-BTC": {"signal": 0, "current_price": 74251.9, "ma200": 79848.4045, "trend": "downtrend", "target_long": 74424.13999999998, "target_short": 72819.66, "vol_surge": false, "vp_poc": 76992.52, "vp_vah": 80779.448, "vp_val": 75398.024}, "KRW-ETH": {"signal": 0, "current_price": 2039.05, "ma200": 2512.6884000000005, "trend": "downtrend", "target_long": 2034.856, "target_short": 1984.704, "vol_surge": false, "vp_poc": 2113.058, "vp_vah": 2237.642, "vp_val": 1971.8627999999999}, "KRW-BNB": {"signal": 0, "current_price": 644.0, "ma200": 737.7769999999999, "trend": "downtrend", "target_long": 646.74, "target_short": 629.8599999999999, "vol_surge": false, "vp_poc": 656.02, "vp_vah": 672.036, "vp_val": 643.6999999999999}, "KRW-SOL": {"signal": 0, "current_price": 83.14, "ma200": 105.19924999999999, "trend": "downtrend", "target_long": 83.31200000000001, "target_short": 80.928, "vol_surge": false, "vp_poc": 85.71159999999999, "vp_vah": 91.2196, "vp_val": 80.2036}, "KRW-XRP": {"signal": 0, "current_price": 1.3302, "ma200": 1.6582170000000003, "trend": "downtrend", "target_long": 1.34378, "target_short": 1.2872199999999998, "vol_surge": false, "vp_poc": 1.355344, "vp_vah": 1.45136, "vp_val": 1.304512}, "KRW-DOGE": {"signal": 0, "current_price": 0.10076, "ma200": 0.114893, "trend": "downtrend", "target_long": 0.10131000000000001, "target_short": 0.09783, "vol_surge": false, "vp_poc": 0.10292480000000001, "vp_vah": 0.1117728, "vp_val": 0.09938559999999999}, "KRW-LINK": {"signal": 0, "current_price": 9.118, "ma200": 10.750130000000002, "trend": "downtrend", "target_long": 9.1588, "target_short": 8.8492, "vol_surge": false, "vp_poc": 9.54585, "vp_vah": 10.05105, "vp_val": 8.788049999999998}, "KRW-SUI": {"signal": 0, "current_price": 0.9242, "ma200": 1.2188205, "trend": "downtrend", "target_long": 0.9539, "target_short": 0.9058999999999999, "vol_surge": false, "vp_poc": 1.0540340000000001, "vp_vah": 1.262594, "vp_val": 1.001894}}}