{"okx": {"KRW-BTC": {"signal": 0, "current_price": 64271.8, "ma200": 74032.6085, "trend": "downtrend", "target_long": 64879.619999999995, "target_short": 63459.78, "vol_surge": false, "vp_poc": 59920.827000000005, "vp_vah": 62736.063, "vp_val": 58356.807}, "KRW-ETH": {"signal": 0, "current_price": 1820.28, "ma200": 2228.8239000000003, "trend": "downtrend", "target_long": 1827.178, "target_short": 1766.682, "vol_surge": false, "vp_poc": 1759.9492, "vp_vah": 1830.7804, "vp_val": 1669.8004}, "KRW-BNB": {"signal": 0, "current_price": 580.6, "ma200": 675.4125, "trend": "downtrend", "target_long": 579.62, "target_short": 571.38, "vol_surge": false, "vp_poc": 570.4010000000001, "vp_vah": 582.1189999999999, "vp_val": 552.173}, "KRW-SOL": {"signal": 0, "current_price": 78.03, "ma200": 92.02705, "trend": "downtrend", "target_long": 79.166, "target_short": 77.094, "vol_surge": false, "vp_poc": 72.22130000000001, "vp_vah": 78.59890000000001, "vp_val": 65.04650000000001}, "KRW-XRP": {"signal": 0, "current_price": 1.1149, "ma200": 1.4554585, "trend": "downtrend", "target_long": 1.11634, "target_short": 1.09306, "vol_surge": false, "vp_poc": 1.112391, "vp_vah": 1.161363, "vp_val": 1.0564230000000001}, "KRW-DOGE": {"signal": 0, "current_price": 0.07531, "ma200": 0.1013536, "trend": "downtrend", "target_long": 0.074924, "target_short": 0.073316, "vol_surge": false, "vp_poc": 0.073088, "vp_vah": 0.077456, "vp_val": 0.07215200000000001}, "KRW-LINK": {"signal": 0, "current_price": 8.071, "ma200": 9.577575000000001, "trend": "downtrend", "target_long": 8.0932, "target_short": 7.8468, "vol_surge": false, "vp_poc": 7.88425, "vp_vah": 8.117650000000001, "vp_val": 7.347430000000001}, "KRW-SUI": {"signal": 0, "current_price": 0.747, "ma200": 1.0420465, "trend": "downtrend", "target_long": 0.75432, "target_short": 0.72368, "vol_surge": false, "vp_poc": 0.697155, "vp_vah": 0.744423, "vp_val": 0.678773}}}