{"okx": {"KRW-BTC": {"signal": 2, "current_price": 62486.2, "ma200": 76357.13650000001, "trend": "downtrend", "target_long": 63670.42, "target_short": 61792.58, "vol_surge": false, "vp_poc": 63451.263999999996, "vp_vah": 64270.144, "vp_val": 61158.399999999994}, "KRW-ETH": {"signal": 2, "current_price": 1664.37, "ma200": 2344.342, "trend": "downtrend", "target_long": 1707.6960000000001, "target_short": 1626.704, "vol_surge": false, "vp_poc": 1707.95, "vp_vah": 1776.95, "vp_val": 1652.75}, "KRW-BNB": {"signal": 2, "current_price": 576.0, "ma200": 701.2445, "trend": "downtrend", "target_long": 587.14, "target_short": 569.0600000000001, "vol_surge": false, "vp_poc": 603.692, "vp_vah": 608.3240000000001, "vp_val": 574.356}, "KRW-SOL": {"signal": 2, "current_price": 69.04, "ma200": 96.48179999999998, "trend": "downtrend", "target_long": 71.264, "target_short": 68.13600000000001, "vol_surge": false, "vp_poc": 66.98140000000001, "vp_vah": 71.45580000000001, "vp_val": 62.1874}, "KRW-XRP": {"signal": 2, "current_price": 1.0872, "ma200": 1.5295679999999998, "trend": "downtrend", "target_long": 1.12692, "target_short": 1.0934800000000002, "vol_surge": false, "vp_poc": 1.1349300000000002, "vp_vah": 1.1739380000000001, "vp_val": 1.091046}, "KRW-DOGE": {"signal": 2, "current_price": 0.07868, "ma200": 0.1064718, "trend": "downtrend", "target_long": 0.080668, "target_short": 0.07713199999999999, "vol_surge": false, "vp_poc": 0.0863933, "vp_vah": 0.0884751, "vp_val": 0.0819323}, "KRW-LINK": {"signal": 2, "current_price": 7.582, "ma200": 10.043065, "trend": "downtrend", "target_long": 7.8072, "target_short": 7.460800000000001, "vol_surge": false, "vp_poc": 7.88655, "vp_vah": 8.08107, "vp_val": 7.49751}, "KRW-SUI": {"signal": 2, "current_price": 0.6972, "ma200": 1.1098985000000001, "trend": "downtrend", "target_long": 0.72694, "target_short": 0.68166, "vol_surge": false, "vp_poc": 0.756861, "vp_vah": 0.7702450000000001, "vp_val": 0.6999789999999999}}}