{"okx": {"KRW-BTC": {"signal": 0, "current_price": 81352.3, "ma200": 82750.366, "trend": "downtrend", "target_long": 81054.06, "target_short": 80297.34, "vol_surge": false, "vp_poc": 78272.652, "vp_vah": 79394.948, "vp_val": 75386.748}, "KRW-ETH": {"signal": 0, "current_price": 2350.37, "ma200": 2663.6726999999996, "trend": "downtrend", "target_long": 2341.8619999999996, "target_short": 2310.998, "vol_surge": false, "vp_poc": 2320.1724, "vp_vah": 2377.2252, "vp_val": 2287.5708}, "KRW-BNB": {"signal": 0, "current_price": 657.2, "ma200": 775.3885, "trend": "downtrend", "target_long": 653.9799999999999, "target_short": 645.82, "vol_surge": false, "vp_poc": 634.6700000000001, "vp_vah": 643.406, "vp_val": 616.106}, "KRW-SOL": {"signal": 0, "current_price": 94.86, "ma200": 113.94555, "trend": "downtrend", "target_long": 94.05799999999999, "target_short": 92.202, "vol_surge": false, "vp_poc": 84.5311, "vp_vah": 88.3307, "vp_val": 83.1741}, "KRW-XRP": {"signal": 0, "current_price": 1.4745, "ma200": 1.7593980000000002, "trend": "downtrend", "target_long": 1.43006, "target_short": 1.41094, "vol_surge": false, "vp_poc": 1.419105, "vp_vah": 1.440401, "vp_val": 1.387161}, "KRW-DOGE": {"signal": 0, "current_price": 0.10969, "ma200": 0.12232159999999999, "trend": "downtrend", "target_long": 0.110038, "target_short": 0.10742199999999999, "vol_surge": false, "vp_poc": 0.1083787, "vp_vah": 0.11636529999999999, "vp_val": 0.09992229999999999}, "KRW-LINK": {"signal": 0, "current_price": 10.712, "ma200": 11.421515, "trend": "downtrend", "target_long": 10.5064, "target_short": 10.2456, "vol_surge": false, "vp_poc": 9.36125, "vp_vah": 9.830549999999999, "vp_val": 9.036349999999999}, "KRW-SUI": {"signal": 0, "current_price": 1.2849, "ma200": 1.335289, "trend": "downtrend", "target_long": 1.10512, "target_short": 1.03568, "vol_surge": true, "vp_poc": 0.9265669999999999, "vp_vah": 1.0167009999999999, "vp_val": 0.910179}}}