{"okx": {"KRW-BTC": {"signal": 0, "current_price": 69479.7, "ma200": 91783.7235, "trend": "downtrend", "target_long": 71974.06, "target_short": 70695.73999999999, "vol_surge": false, "vp_poc": 70502.185, "vp_vah": 71749.645, "vp_val": 67383.535}, "KRW-ETH": {"signal": 0, "current_price": 2078.66, "ma200": 3116.33855, "trend": "downtrend", "target_long": 2190.808, "target_short": 2147.7520000000004, "vol_surge": false, "vp_poc": 2172.4764999999998, "vp_vah": 2210.6549, "vp_val": 1991.1291}, "KRW-BNB": {"signal": 0, "current_price": 628.9, "ma200": 874.7139999999999, "trend": "downtrend", "target_long": 654.16, "target_short": 641.84, "vol_surge": false, "vp_poc": 645.3530000000001, "vp_vah": 662.931, "vp_val": 621.383}, "KRW-SOL": {"signal": 0, "current_price": 87.84, "ma200": 143.2486, "trend": "downtrend", "target_long": 92.82199999999999, "target_short": 90.598, "vol_surge": false, "vp_poc": 87.3863, "vp_vah": 92.2667, "vp_val": 84.9461}, "KRW-XRP": {"signal": 2, "current_price": 1.3689, "ma200": 2.077273, "trend": "downtrend", "target_long": 1.4290800000000001, "target_short": 1.40012, "vol_surge": false, "vp_poc": 1.4044660000000002, "vp_vah": 1.461546, "vp_val": 1.358802}, "KRW-DOGE": {"signal": 0, "current_price": 0.09128, "ma200": 0.15354974999999998, "trend": "downtrend", "target_long": 0.097596, "target_short": 0.094764, "vol_surge": false, "vp_poc": 0.094623, "vp_vah": 0.0978522, "vp_val": 0.08959980000000001}, "KRW-LINK": {"signal": 0, "current_price": 8.956, "ma200": 14.14333, "trend": "downtrend", "target_long": 9.504, "target_short": 9.248, "vol_surge": false, "vp_poc": 9.049710000000001, "vp_vah": 9.42129, "vp_val": 8.64435}, "KRW-SUI": {"signal": 0, "current_price": 0.925, "ma200": 1.8561875, "trend": "downtrend", "target_long": 0.981, "target_short": 0.9558000000000001, "vol_surge": false, "vp_poc": 0.9595849999999999, "vp_vah": 1.034215, "vp_val": 0.928855}}}