{"okx": {"KRW-BTC": {"signal": 0, "current_price": 76450.8, "ma200": 84597.896, "trend": "downtrend", "target_long": 78586.5, "target_short": 76156.1, "vol_surge": false, "vp_poc": 77412.273, "vp_vah": 78495.261, "vp_val": 73982.811}, "KRW-ETH": {"signal": 0, "current_price": 2277.34, "ma200": 2762.24495, "trend": "downtrend", "target_long": 2359.216, "target_short": 2248.2239999999997, "vol_surge": false, "vp_poc": 2321.0002999999997, "vp_vah": 2395.0427, "vp_val": 2271.6386999999995}, "KRW-BNB": {"signal": 2, "current_price": 622.3, "ma200": 806.2554999999999, "trend": "downtrend", "target_long": 635.6800000000001, "target_short": 618.3199999999999, "vol_surge": false, "vp_poc": 632.616, "vp_vah": 640.392, "vp_val": 611.8800000000001}, "KRW-SOL": {"signal": 2, "current_price": 83.64, "ma200": 120.09989999999999, "trend": "downtrend", "target_long": 86.618, "target_short": 83.042, "vol_surge": false, "vp_poc": 86.11439999999999, "vp_vah": 87.24719999999999, "vp_val": 83.47120000000001}, "KRW-XRP": {"signal": 2, "current_price": 1.3871, "ma200": 1.82068, "trend": "downtrend", "target_long": 1.4259000000000002, "target_short": 1.3755, "vol_surge": false, "vp_poc": 1.4278849999999998, "vp_vah": 1.462175, "vp_val": 1.359305}, "KRW-DOGE": {"signal": 0, "current_price": 0.09904, "ma200": 0.12752035, "trend": "downtrend", "target_long": 0.100542, "target_short": 0.097318, "vol_surge": false, "vp_poc": 0.09753679999999999, "vp_vah": 0.09943759999999999, "vp_val": 0.09373519999999999}, "KRW-LINK": {"signal": 2, "current_price": 9.21, "ma200": 11.91514, "trend": "downtrend", "target_long": 9.496799999999999, "target_short": 9.1472, "vol_surge": false, "vp_poc": 9.35931, "vp_vah": 9.47761, "vp_val": 9.02807}, "KRW-SUI": {"signal": 2, "current_price": 0.9214, "ma200": 1.432792, "trend": "downtrend", "target_long": 0.95598, "target_short": 0.9154199999999999, "vol_surge": false, "vp_poc": 0.9540569999999999, "vp_vah": 0.962835, "vp_val": 0.921871}}}