{"okx": {"KRW-ETH": {"signal": 0, "current_price": 1723.96, "ma200": 2409.00335, "trend": "downtrend", "target_long": 1695.58, "target_short": 1667.38, "vol_surge": false, "vp_poc": 1663.3875, "vp_vah": 1841.4535, "vp_val": 1510.7595000000001}, "KRW-BNB": {"signal": 0, "current_price": 613.3, "ma200": 715.8655, "trend": "downtrend", "target_long": 614.9599999999999, "target_short": 604.64, "vol_surge": false, "vp_poc": 603.9000000000001, "vp_vah": 687.1479999999999, "vp_val": 558.492}, "KRW-SOL": {"signal": 0, "current_price": 70.44, "ma200": 99.71115, "trend": "downtrend", "target_long": 70.13400000000001, "target_short": 67.726, "vol_surge": false, "vp_poc": 67.14080000000001, "vp_vah": 72.86959999999999, "vp_val": 60.370400000000004}, "KRW-XRP": {"signal": 0, "current_price": 1.174, "ma200": 1.5782565, "trend": "downtrend", "target_long": 1.16318, "target_short": 1.13822, "vol_surge": false, "vp_poc": 1.1350820000000001, "vp_vah": 1.249058, "vp_val": 1.06543}, "KRW-DOGE": {"signal": 0, "current_price": 0.08846, "ma200": 0.1095825, "trend": "downtrend", "target_long": 0.08908, "target_short": 0.08668, "vol_surge": false, "vp_poc": 0.0862792, "vp_vah": 0.09415119999999999, "vp_val": 0.0794568}, "KRW-LINK": {"signal": 0, "current_price": 8.109, "ma200": 10.316965, "trend": "downtrend", "target_long": 8.065, "target_short": 7.909, "vol_surge": false, "vp_poc": 7.88237, "vp_vah": 8.85041, "vp_val": 7.02189}, "KRW-SUI": {"signal": 0, "current_price": 0.787, "ma200": 1.150664, "trend": "downtrend", "target_long": 0.77988, "target_short": 0.75652, "vol_surge": false, "vp_poc": 0.752672, "vp_vah": 0.831952, "vp_val": 0.673392}}}