{"okx": {"KRW-BTC": {"signal": 0, "current_price": 59380.9, "ma200": 75245.227, "trend": "downtrend", "target_long": 59458.979999999996, "target_short": 57797.22, "vol_surge": false, "vp_poc": 63978.29, "vp_vah": 67205.094, "vp_val": 60182.05}, "KRW-ETH": {"signal": 0, "current_price": 1600.0, "ma200": 2288.20505, "trend": "downtrend", "target_long": 1597.7520000000002, "target_short": 1546.528, "vol_surge": false, "vp_poc": 1711.0824000000002, "vp_vah": 1805.5432, "vp_val": 1636.8632000000002}, "KRW-BNB": {"signal": 0, "current_price": 551.5, "ma200": 689.4255, "trend": "downtrend", "target_long": 553.32, "target_short": 539.88, "vol_surge": false, "vp_poc": 555.6970000000001, "vp_vah": 604.6289999999999, "vp_val": 544.405}, "KRW-SOL": {"signal": 0, "current_price": 75.76, "ma200": 94.30015000000002, "trend": "downtrend", "target_long": 75.00800000000001, "target_short": 72.352, "vol_surge": false, "vp_poc": 72.37809999999999, "vp_vah": 74.6155, "vp_val": 68.6491}, "KRW-XRP": {"signal": 0, "current_price": 1.0528, "ma200": 1.4945590000000002, "trend": "downtrend", "target_long": 1.05278, "target_short": 1.02742, "vol_surge": false, "vp_poc": 1.1370900000000002, "vp_vah": 1.2507700000000002, "vp_val": 1.063198}, "KRW-DOGE": {"signal": 0, "current_price": 0.07256, "ma200": 0.10409705000000001, "trend": "downtrend", "target_long": 0.073734, "target_short": 0.07044600000000001, "vol_surge": false, "vp_poc": 0.0881219, "vp_vah": 0.09226010000000001, "vp_val": 0.0752475}, "KRW-LINK": {"signal": 0, "current_price": 7.319, "ma200": 9.810834999999999, "trend": "downtrend", "target_long": 7.313400000000001, "target_short": 7.0926, "vol_surge": false, "vp_poc": 7.86071, "vp_vah": 8.47137, "vp_val": 7.34647}, "KRW-SUI": {"signal": 0, "current_price": 0.7076, "ma200": 1.077866, "trend": "downtrend", "target_long": 0.70102, "target_short": 0.68038, "vol_surge": false, "vp_poc": 0.702704, "vp_vah": 0.759536, "vp_val": 0.652976}}}