{"okx": {"KRW-BTC": {"signal": 0, "current_price": 76831.4, "ma200": 81299.46399999999, "trend": "downtrend", "target_long": 77706.3, "target_short": 76308.7, "vol_surge": false, "vp_poc": 80510.087, "vp_vah": 81713.655, "vp_val": 77802.059}, "KRW-ETH": {"signal": 0, "current_price": 2133.75, "ma200": 2585.7548, "trend": "downtrend", "target_long": 2161.932, "target_short": 2098.228, "vol_surge": false, "vp_poc": 2316.4734, "vp_vah": 2378.7282, "vp_val": 2247.3014000000003}, "KRW-BNB": {"signal": 0, "current_price": 644.4, "ma200": 755.1335, "trend": "downtrend", "target_long": 649.7, "target_short": 637.3, "vol_surge": false, "vp_poc": 650.885, "vp_vah": 673.835, "vp_val": 632.525}, "KRW-SOL": {"signal": 0, "current_price": 85.19, "ma200": 109.29945000000002, "trend": "downtrend", "target_long": 86.306, "target_short": 84.474, "vol_surge": false, "vp_poc": 84.2773, "vp_vah": 92.0581, "vp_val": 83.3047}, "KRW-XRP": {"signal": 2, "current_price": 1.3841, "ma200": 1.7092265, "trend": "downtrend", "target_long": 1.4056, "target_short": 1.3743999999999998, "vol_surge": false, "vp_poc": 1.418272, "vp_vah": 1.4603359999999999, "vp_val": 1.383856}, "KRW-DOGE": {"signal": 0, "current_price": 0.10451, "ma200": 0.11853585000000001, "trend": "downtrend", "target_long": 0.107444, "target_short": 0.10215600000000001, "vol_surge": false, "vp_poc": 0.108152, "vp_vah": 0.1133104, "vp_val": 0.1068624}, "KRW-LINK": {"signal": 0, "current_price": 9.724, "ma200": 11.072335, "trend": "downtrend", "target_long": 9.7298, "target_short": 9.4842, "vol_surge": false, "vp_poc": 9.11355, "vp_vah": 10.26117, "vp_val": 9.076530000000002}, "KRW-SUI": {"signal": 0, "current_price": 1.0619, "ma200": 1.274586, "trend": "downtrend", "target_long": 1.0819400000000001, "target_short": 1.0474599999999998, "vol_surge": false, "vp_poc": 0.924455, "vp_vah": 1.243817, "vp_val": 0.914153}}}