{"okx": {"KRW-BTC": {"signal": 0, "current_price": 74662.2, "ma200": 80163.7635, "trend": "downtrend", "target_long": 76903.56, "target_short": 74980.44, "vol_surge": false, "vp_poc": 76969.55000000002, "vp_vah": 79926.95000000001, "vp_val": 74340.75}, "KRW-ETH": {"signal": 2, "current_price": 2033.08, "ma200": 2528.24125, "trend": "downtrend", "target_long": 2108.098, "target_short": 2040.0020000000002, "vol_surge": false, "vp_poc": 2109.4955, "vp_vah": 2266.8485, "vp_val": 2019.5794999999998}, "KRW-BNB": {"signal": 0, "current_price": 649.6, "ma200": 741.3090000000001, "trend": "downtrend", "target_long": 662.48, "target_short": 650.72, "vol_surge": false, "vp_poc": 651.4670000000001, "vp_vah": 672.633, "vp_val": 647.011}, "KRW-SOL": {"signal": 2, "current_price": 82.75, "ma200": 106.03389999999999, "trend": "downtrend", "target_long": 84.92, "target_short": 82.52, "vol_surge": false, "vp_poc": 85.63, "vp_vah": 92.42999999999999, "vp_val": 83.25}, "KRW-XRP": {"signal": 2, "current_price": 1.3152, "ma200": 1.6694849999999999, "trend": "downtrend", "target_long": 1.34442, "target_short": 1.31378, "vol_surge": false, "vp_poc": 1.353648, "vp_vah": 1.453168, "vp_val": 1.3337439999999998}, "KRW-DOGE": {"signal": 0, "current_price": 0.10087, "ma200": 0.11569859999999998, "trend": "downtrend", "target_long": 0.10249599999999999, "target_short": 0.099624, "vol_surge": false, "vp_poc": 0.10372600000000001, "vp_vah": 0.112366, "vp_val": 0.101998}, "KRW-LINK": {"signal": 0, "current_price": 9.194, "ma200": 10.821295, "trend": "downtrend", "target_long": 9.525799999999998, "target_short": 9.2522, "vol_surge": false, "vp_poc": 9.54705, "vp_vah": 10.30935, "vp_val": 9.25665}, "KRW-SUI": {"signal": 0, "current_price": 0.9657, "ma200": 1.231115, "trend": "downtrend", "target_long": 1.0248, "target_short": 0.9771999999999998, "vol_surge": false, "vp_poc": 1.05198, "vp_vah": 1.2260199999999999, "vp_val": 0.98786}}}