{"okx": {"KRW-BTC": {"signal": 0, "current_price": 80773.8, "ma200": 82608.174, "trend": "downtrend", "target_long": 83091.29999999999, "target_short": 81336.5, "vol_surge": false, "vp_poc": 78339.96900000001, "vp_vah": 80235.56099999999, "vp_val": 76286.411}, "KRW-ETH": {"signal": 0, "current_price": 2332.21, "ma200": 2656.152, "trend": "downtrend", "target_long": 2400.012, "target_short": 2342.788, "vol_surge": false, "vp_poc": 2320.1724, "vp_vah": 2381.3004, "vp_val": 2291.6459999999997}, "KRW-BNB": {"signal": 0, "current_price": 650.5, "ma200": 773.039, "trend": "downtrend", "target_long": 672.4, "target_short": 654.8000000000001, "vol_surge": false, "vp_poc": 634.524, "vp_vah": 647.02, "vp_val": 615.212}, "KRW-SOL": {"signal": 0, "current_price": 95.37, "ma200": 113.47364999999999, "trend": "downtrend", "target_long": 98.172, "target_short": 94.74799999999999, "vol_surge": false, "vp_poc": 84.6608, "vp_vah": 88.99520000000001, "vp_val": 83.1128}, "KRW-XRP": {"signal": 0, "current_price": 1.4498, "ma200": 1.7546685000000002, "trend": "downtrend", "target_long": 1.51208, "target_short": 1.43512, "vol_surge": false, "vp_poc": 1.4188450000000001, "vp_vah": 1.438297, "vp_val": 1.3831830000000003}, "KRW-DOGE": {"signal": 0, "current_price": 0.10933, "ma200": 0.1219074, "trend": "downtrend", "target_long": 0.11503200000000001, "target_short": 0.109888, "vol_surge": false, "vp_poc": 0.10797209999999999, "vp_vah": 0.11640429999999999, "vp_val": 0.1004275}, "KRW-LINK": {"signal": 0, "current_price": 10.533, "ma200": 11.387065, "trend": "downtrend", "target_long": 10.9558, "target_short": 10.482199999999999, "vol_surge": false, "vp_poc": 9.16506, "vp_vah": 9.91062, "vp_val": 9.04734}, "KRW-SUI": {"signal": 0, "current_price": 1.2841, "ma200": 1.329803, "trend": "downtrend", "target_long": 1.47204, "target_short": 1.19276, "vol_surge": true, "vp_poc": 0.950699, "vp_vah": 1.152973, "vp_val": 0.908115}}}