{"okx": {"KRW-BTC": {"signal": 0, "current_price": 65741.0, "ma200": 77432.10350000001, "trend": "downtrend", "target_long": 67103.14, "target_short": 65543.06000000001, "vol_surge": false, "vp_poc": 62671.25499999999, "vp_vah": 65766.95499999999, "vp_val": 59575.55499999999}, "KRW-ETH": {"signal": 0, "current_price": 1794.59, "ma200": 2396.73205, "trend": "downtrend", "target_long": 1851.856, "target_short": 1740.184, "vol_surge": false, "vp_poc": 1661.5365000000002, "vp_vah": 1813.2545, "vp_val": 1542.3295}, "KRW-BNB": {"signal": 0, "current_price": 607.1, "ma200": 713.094, "trend": "downtrend", "target_long": 626.58, "target_short": 609.62, "vol_surge": false, "vp_poc": 603.9000000000001, "vp_vah": 687.1479999999999, "vp_val": 562.2760000000001}, "KRW-SOL": {"signal": 0, "current_price": 73.85, "ma200": 99.06354999999999, "trend": "downtrend", "target_long": 76.138, "target_short": 71.80199999999999, "vol_surge": false, "vp_poc": 67.32990000000001, "vp_vah": 72.9195, "vp_val": 61.7403}, "KRW-XRP": {"signal": 0, "current_price": 1.2179, "ma200": 1.5687, "trend": "downtrend", "target_long": 1.2843200000000001, "target_short": 1.1920799999999998, "vol_surge": false, "vp_poc": 1.1350820000000001, "vp_vah": 1.249058, "vp_val": 1.0907580000000001}, "KRW-DOGE": {"signal": 2, "current_price": 0.0875, "ma200": 0.10894875000000001, "trend": "downtrend", "target_long": 0.089398, "target_short": 0.08690200000000001, "vol_surge": false, "vp_poc": 0.0865666, "vp_vah": 0.0923698, "vp_val": 0.0807634}, "KRW-LINK": {"signal": 0, "current_price": 8.319, "ma200": 10.268095, "trend": "downtrend", "target_long": 8.5044, "target_short": 8.095600000000001, "vol_surge": false, "vp_poc": 7.805949999999999, "vp_vah": 8.59373, "vp_val": 7.24987}, "KRW-SUI": {"signal": 0, "current_price": 0.7988, "ma200": 1.143382, "trend": "downtrend", "target_long": 0.8107599999999999, "target_short": 0.77644, "vol_surge": false, "vp_poc": 0.748877, "vp_vah": 0.827215, "vp_val": 0.706695}}}