{"okx": {"KRW-BTC": {"signal": 0, "current_price": 69112.9, "ma200": 89397.41, "trend": "downtrend", "target_long": 67610.88, "target_short": 66994.32, "vol_surge": false, "vp_poc": 66872.006, "vp_vah": 70616.018, "vp_val": 66211.298}, "KRW-ETH": {"signal": 0, "current_price": 2119.69, "ma200": 2993.8354000000004, "trend": "downtrend", "target_long": 2081.5820000000003, "target_short": 2049.558, "vol_surge": false, "vp_poc": 2118.2024, "vp_vah": 2170.8392, "vp_val": 2012.9288}, "KRW-BNB": {"signal": 0, "current_price": 603.5, "ma200": 858.873, "trend": "downtrend", "target_long": 597.42, "target_short": 589.58, "vol_surge": false, "vp_poc": 611.3299999999999, "vp_vah": 655.3340000000001, "vp_val": 599.75}, "KRW-SOL": {"signal": 0, "current_price": 82.08, "ma200": 135.69799999999998, "trend": "downtrend", "target_long": 81.664, "target_short": 80.016, "vol_surge": false, "vp_poc": 81.3621, "vp_vah": 89.87549999999999, "vp_val": 78.52430000000001}, "KRW-XRP": {"signal": 0, "current_price": 1.3271, "ma200": 1.9920775, "trend": "downtrend", "target_long": 1.32184, "target_short": 1.30896, "vol_surge": false, "vp_poc": 1.321479, "vp_vah": 1.4462329999999999, "vp_val": 1.308347}, "KRW-DOGE": {"signal": 0, "current_price": 0.09235, "ma200": 0.1448828, "trend": "downtrend", "target_long": 0.092992, "target_short": 0.09108799999999999, "vol_surge": false, "vp_poc": 0.09204, "vp_vah": 0.094696, "vp_val": 0.08971599999999999}, "KRW-LINK": {"signal": 0, "current_price": 8.857, "ma200": 13.379750000000001, "trend": "downtrend", "target_long": 8.7612, "target_short": 8.626800000000001, "vol_surge": false, "vp_poc": 8.76106, "vp_vah": 9.23582, "vp_val": 8.50542}, "KRW-SUI": {"signal": 0, "current_price": 0.872, "ma200": 1.717797, "trend": "downtrend", "target_long": 0.87962, "target_short": 0.86458, "vol_surge": false, "vp_poc": 0.875019, "vp_vah": 0.959467, "vp_val": 0.843351}}}