{"okx": {"KRW-BTC": {"signal": 0, "current_price": 71292.1, "ma200": 88934.105, "trend": "downtrend", "target_long": 69659.98, "target_short": 68021.81999999999, "vol_surge": false, "vp_poc": 68576.12, "vp_vah": 70259.0, "vp_val": 66472.51999999999}, "KRW-ETH": {"signal": 0, "current_price": 2222.55, "ma200": 2970.1525, "trend": "downtrend", "target_long": 2141.842, "target_short": 2072.738, "vol_surge": false, "vp_poc": 2119.6093, "vp_vah": 2167.1501, "vp_val": 2042.3555}, "KRW-BNB": {"signal": 0, "current_price": 617.9, "ma200": 855.1245, "trend": "downtrend", "target_long": 605.96, "target_short": 594.44, "vol_surge": false, "vp_poc": 610.8910000000001, "vp_vah": 639.893, "vp_val": 592.125}, "KRW-SOL": {"signal": 0, "current_price": 85.32, "ma200": 134.0934, "trend": "downtrend", "target_long": 81.45, "target_short": 78.57000000000001, "vol_surge": true, "vp_poc": 80.89500000000001, "vp_vah": 88.2782, "vp_val": 78.8814}, "KRW-XRP": {"signal": 0, "current_price": 1.3727, "ma200": 1.9752254999999999, "trend": "downtrend", "target_long": 1.3390199999999999, "target_short": 1.30278, "vol_surge": false, "vp_poc": 1.3214510000000002, "vp_vah": 1.4067530000000001, "vp_val": 1.297079}, "KRW-DOGE": {"signal": 0, "current_price": 0.09503, "ma200": 0.14309175, "trend": "downtrend", "target_long": 0.092068, "target_short": 0.08909199999999999, "vol_surge": false, "vp_poc": 0.09180949999999999, "vp_vah": 0.0938195, "vp_val": 0.0900005}, "KRW-LINK": {"signal": 0, "current_price": 9.245, "ma200": 13.22927, "trend": "downtrend", "target_long": 8.9686, "target_short": 8.6254, "vol_surge": false, "vp_poc": 8.755289999999999, "vp_vah": 9.172249999999998, "vp_val": 8.57287}, "KRW-SUI": {"signal": 0, "current_price": 0.956, "ma200": 1.6892875, "trend": "downtrend", "target_long": 0.89234, "target_short": 0.84906, "vol_surge": false, "vp_poc": 0.870437, "vp_vah": 0.944063, "vp_val": 0.849401}}}