{"okx": {"KRW-BTC": {"signal": 0, "current_price": 75801.4, "ma200": 86803.9, "trend": "downtrend", "target_long": 78596.36000000002, "target_short": 75550.84, "vol_surge": false, "vp_poc": 72655.13, "vp_vah": 78217.87400000001, "vp_val": 68609.49799999999}, "KRW-ETH": {"signal": 0, "current_price": 2353.1, "ma200": 2867.2661, "trend": "downtrend", "target_long": 2478.476, "target_short": 2359.284, "vol_surge": false, "vp_poc": 2082.1548, "vp_vah": 2315.3772, "vp_val": 2023.8491999999999}, "KRW-BNB": {"signal": 0, "current_price": 631.3, "ma200": 833.8525, "trend": "downtrend", "target_long": 650.84, "target_short": 635.5600000000001, "vol_surge": false, "vp_poc": 612.246, "vp_vah": 621.63, "vp_val": 591.914}, "KRW-SOL": {"signal": 2, "current_price": 86.21, "ma200": 127.0033, "trend": "downtrend", "target_long": 90.122, "target_short": 87.41799999999999, "vol_surge": false, "vp_poc": 83.8604, "vp_vah": 86.10679999999999, "vp_val": 80.21000000000001}, "KRW-XRP": {"signal": 0, "current_price": 1.4291, "ma200": 1.8939365000000001, "trend": "downtrend", "target_long": 1.51048, "target_short": 1.44072, "vol_surge": false, "vp_poc": 1.35503, "vp_vah": 1.37813, "vp_val": 1.3042099999999999}, "KRW-DOGE": {"signal": 0, "current_price": 0.09506, "ma200": 0.1350875, "trend": "downtrend", "target_long": 0.10159399999999999, "target_short": 0.097226, "vol_surge": false, "vp_poc": 0.0925486, "vp_vah": 0.0951846, "vp_val": 0.0901762}, "KRW-LINK": {"signal": 0, "current_price": 9.315, "ma200": 12.544250000000002, "trend": "downtrend", "target_long": 9.8224, "target_short": 9.4016, "vol_surge": false, "vp_poc": 8.767, "vp_vah": 9.26612, "vp_val": 8.6202}, "KRW-SUI": {"signal": 2, "current_price": 0.9583, "ma200": 1.558289, "trend": "downtrend", "target_long": 1.02448, "target_short": 0.9691200000000001, "vol_surge": false, "vp_poc": 0.872071, "vp_vah": 0.9587169999999999, "vp_val": 0.855567}}}