{"okx": {"KRW-BTC": {"signal": 0, "current_price": 70934.1, "ma200": 87700.5775, "trend": "downtrend", "target_long": 71799.52, "target_short": 69693.68000000001, "vol_surge": false, "vp_poc": 66849.512, "vp_vah": 71076.968, "vp_val": 65616.504}, "KRW-ETH": {"signal": 2, "current_price": 2188.93, "ma200": 2910.1152500000003, "trend": "downtrend", "target_long": 2237.39, "target_short": 2145.39, "vol_surge": false, "vp_poc": 2044.1945999999998, "vp_vah": 2208.8262, "vp_val": 2020.6758}, "KRW-BNB": {"signal": 0, "current_price": 597.8, "ma200": 842.839, "trend": "downtrend", "target_long": 599.64, "target_short": 584.7600000000001, "vol_surge": false, "vp_poc": 606.189, "vp_vah": 621.0029999999999, "vp_val": 594.6669999999999}, "KRW-SOL": {"signal": 0, "current_price": 81.8, "ma200": 130.0208, "trend": "downtrend", "target_long": 83.05, "target_short": 80.01, "vol_surge": false, "vp_poc": 82.9086, "vp_vah": 85.5934, "vp_val": 80.2238}, "KRW-XRP": {"signal": 0, "current_price": 1.3271, "ma200": 1.9290385, "trend": "downtrend", "target_long": 1.33938, "target_short": 1.31002, "vol_surge": false, "vp_poc": 1.340888, "vp_vah": 1.3663599999999998, "vp_val": 1.315416}, "KRW-DOGE": {"signal": 0, "current_price": 0.09095, "ma200": 0.1385056, "trend": "downtrend", "target_long": 0.09203, "target_short": 0.08967, "vol_surge": false, "vp_poc": 0.0924125, "vp_vah": 0.0938195, "vp_val": 0.09020149999999999}, "KRW-LINK": {"signal": 2, "current_price": 8.729, "ma200": 12.840544999999999, "trend": "downtrend", "target_long": 8.892, "target_short": 8.576, "vol_surge": false, "vp_poc": 8.755289999999999, "vp_vah": 9.12013, "vp_val": 8.52075}, "KRW-SUI": {"signal": 0, "current_price": 0.9031, "ma200": 1.6148555, "trend": "downtrend", "target_long": 0.91992, "target_short": 0.88248, "vol_surge": false, "vp_poc": 0.872004, "vp_vah": 0.932348, "vp_val": 0.846596}}}