{"okx": {"KRW-BTC": {"signal": 0, "current_price": 75809.4, "ma200": 86988.80799999999, "trend": "downtrend", "target_long": 76039.88, "target_short": 74254.12, "vol_surge": false, "vp_poc": 66878.177, "vp_vah": 72844.151, "vp_val": 65773.367}, "KRW-ETH": {"signal": 0, "current_price": 2354.57, "ma200": 2875.9049, "trend": "downtrend", "target_long": 2382.146, "target_short": 2314.154, "vol_surge": false, "vp_poc": 2229.4154, "vp_vah": 2277.1294, "vp_val": 2019.4737999999998}, "KRW-BNB": {"signal": 0, "current_price": 631.6, "ma200": 835.682, "trend": "downtrend", "target_long": 644.9599999999999, "target_short": 626.64, "vol_surge": false, "vp_poc": 611.7919999999999, "vp_vah": 621.2, "vp_val": 597.008}, "KRW-SOL": {"signal": 0, "current_price": 88.77, "ma200": 127.61575, "trend": "downtrend", "target_long": 91.736, "target_short": 86.384, "vol_surge": false, "vp_poc": 84.01400000000001, "vp_vah": 85.946, "vp_val": 80.702}, "KRW-XRP": {"signal": 0, "current_price": 1.4494, "ma200": 1.9008915, "trend": "downtrend", "target_long": 1.48506, "target_short": 1.42114, "vol_surge": false, "vp_poc": 1.355798, "vp_vah": 1.367066, "vp_val": 1.30697}, "KRW-DOGE": {"signal": 0, "current_price": 0.09851, "ma200": 0.1357723, "trend": "downtrend", "target_long": 0.10137800000000001, "target_short": 0.097042, "vol_surge": false, "vp_poc": 0.0925622, "vp_vah": 0.0947186, "vp_val": 0.0904058}, "KRW-LINK": {"signal": 0, "current_price": 9.509, "ma200": 12.603695, "trend": "downtrend", "target_long": 9.822600000000001, "target_short": 9.3794, "vol_surge": false, "vp_poc": 8.74334, "vp_vah": 9.247219999999999, "vp_val": 8.624780000000001}, "KRW-SUI": {"signal": 0, "current_price": 0.9967, "ma200": 1.5697955000000001, "trend": "downtrend", "target_long": 1.0248599999999999, "target_short": 0.9757399999999999, "vol_surge": false, "vp_poc": 0.872061, "vp_vah": 0.949781, "vp_val": 0.8487450000000001}}}