{"okx": {"KRW-BTC": {"signal": 2, "current_price": 67000.0, "ma200": 90124.0415, "trend": "downtrend", "target_long": 68805.45999999999, "target_short": 67418.34, "vol_surge": false, "vp_poc": 71056.49, "vp_vah": 71496.962, "vp_val": 66431.534}, "KRW-ETH": {"signal": 0, "current_price": 2087.15, "ma200": 3030.8614500000003, "trend": "downtrend", "target_long": 2174.6820000000002, "target_short": 2105.538, "vol_surge": false, "vp_poc": 2167.2837, "vp_vah": 2194.2159, "vp_val": 2005.6905}, "KRW-BNB": {"signal": 2, "current_price": 601.0, "ma200": 864.367, "trend": "downtrend", "target_long": 616.0600000000001, "target_short": 606.14, "vol_surge": false, "vp_poc": 639.364, "vp_vah": 655.78, "vp_val": 606.5319999999999}, "KRW-SOL": {"signal": 2, "current_price": 78.92, "ma200": 138.062, "trend": "downtrend", "target_long": 83.532, "target_short": 78.86800000000001, "vol_surge": false, "vp_poc": 88.6319, "vp_vah": 95.5547, "vp_val": 84.40129999999999}, "KRW-XRP": {"signal": 0, "current_price": 1.3236, "ma200": 2.017886, "trend": "downtrend", "target_long": 1.36274, "target_short": 1.3330600000000001, "vol_surge": false, "vp_poc": 1.341815, "vp_vah": 1.460413, "vp_val": 1.323089}, "KRW-DOGE": {"signal": 2, "current_price": 0.09029, "ma200": 0.1476069, "trend": "downtrend", "target_long": 0.09333799999999999, "target_short": 0.091042, "vol_surge": false, "vp_poc": 0.092704, "vp_vah": 0.096356, "vp_val": 0.08938399999999999}, "KRW-LINK": {"signal": 0, "current_price": 8.669, "ma200": 13.604104999999999, "trend": "downtrend", "target_long": 9.128, "target_short": 8.760000000000002, "vol_surge": false, "vp_poc": 9.118649999999999, "vp_vah": 9.42025, "vp_val": 8.515450000000001}, "KRW-SUI": {"signal": 0, "current_price": 0.8628, "ma200": 1.759182, "trend": "downtrend", "target_long": 0.8992, "target_short": 0.8648, "vol_surge": false, "vp_poc": 0.9494990000000001, "vp_vah": 1.002519, "vp_val": 0.848761}}}