{"okx": {"KRW-BTC": {"signal": 0, "current_price": 80516.2, "ma200": 82460.543, "trend": "downtrend", "target_long": 82511.07999999999, "target_short": 80971.72, "vol_surge": false, "vp_poc": 78339.96900000001, "vp_vah": 80867.42499999999, "vp_val": 76444.37700000001}, "KRW-ETH": {"signal": 0, "current_price": 2268.78, "ma200": 2647.8581, "trend": "downtrend", "target_long": 2368.29, "target_short": 2311.49, "vol_surge": false, "vp_poc": 2311.8419999999996, "vp_vah": 2372.8500000000004, "vp_val": 2287.4388}, "KRW-BNB": {"signal": 0, "current_price": 654.6, "ma200": 770.8675, "trend": "downtrend", "target_long": 680.2, "target_short": 661.0, "vol_surge": false, "vp_poc": 634.6700000000001, "vp_vah": 649.7900000000001, "vp_val": 614.51}, "KRW-SOL": {"signal": 0, "current_price": 94.46, "ma200": 112.988, "trend": "downtrend", "target_long": 98.998, "target_short": 95.742, "vol_surge": false, "vp_poc": 84.6343, "vp_vah": 90.06469999999999, "vp_val": 83.2767}, "KRW-XRP": {"signal": 0, "current_price": 1.4281, "ma200": 1.7493954999999999, "trend": "downtrend", "target_long": 1.49696, "target_short": 1.45824, "vol_surge": false, "vp_poc": 1.4188450000000001, "vp_vah": 1.4447809999999999, "vp_val": 1.3831830000000003}, "KRW-DOGE": {"signal": 0, "current_price": 0.1088, "ma200": 0.12147245000000001, "trend": "downtrend", "target_long": 0.113052, "target_short": 0.10954799999999999, "vol_surge": false, "vp_poc": 0.1085212, "vp_vah": 0.1164124, "vp_val": 0.1036988}, "KRW-LINK": {"signal": 0, "current_price": 10.198, "ma200": 11.34887, "trend": "downtrend", "target_long": 10.741200000000001, "target_short": 10.4548, "vol_surge": false, "vp_poc": 9.16506, "vp_vah": 10.02834, "vp_val": 9.04734}, "KRW-SUI": {"signal": 0, "current_price": 1.2265, "ma200": 1.3233519999999999, "trend": "downtrend", "target_long": 1.33304, "target_short": 1.24816, "vol_surge": false, "vp_poc": 0.9294069999999999, "vp_vah": 1.2487869999999999, "vp_val": 0.908115}}}