{"okx": {"KRW-BTC": {"signal": 0, "current_price": 70291.9, "ma200": 92812.037, "trend": "downtrend", "target_long": 71304.6, "target_short": 69726.6, "vol_surge": false, "vp_poc": 70751.258, "vp_vah": 72468.986, "vp_val": 67101.08600000001}, "KRW-ETH": {"signal": 0, "current_price": 2150.1, "ma200": 3171.78995, "trend": "downtrend", "target_long": 2169.9220000000005, "target_short": 2122.178, "vol_surge": false, "vp_poc": 2077.0305, "vp_vah": 2162.9319, "vp_val": 1933.8615}, "KRW-BNB": {"signal": 0, "current_price": 641.9, "ma200": 880.312, "trend": "downtrend", "target_long": 646.74, "target_short": 637.8599999999999, "vol_surge": false, "vp_poc": 642.1569999999999, "vp_vah": 666.127, "vp_val": 626.1769999999999}, "KRW-SOL": {"signal": 0, "current_price": 89.86, "ma200": 146.13495, "trend": "downtrend", "target_long": 90.78399999999999, "target_short": 88.936, "vol_surge": false, "vp_poc": 87.0377, "vp_vah": 92.2667, "vp_val": 84.5975}, "KRW-XRP": {"signal": 2, "current_price": 1.4392, "ma200": 2.113045, "trend": "downtrend", "target_long": 1.46184, "target_short": 1.42856, "vol_surge": false, "vp_poc": 1.387342, "vp_vah": 1.455838, "vp_val": 1.3473860000000002}, "KRW-DOGE": {"signal": 0, "current_price": 0.094, "ma200": 0.1567047, "trend": "downtrend", "target_long": 0.09518, "target_short": 0.09318, "vol_surge": false, "vp_poc": 0.094623, "vp_vah": 0.0992874, "vp_val": 0.09067620000000001}, "KRW-ADA": {"signal": 2, "current_price": 0.2648, "ma200": 0.4887995, "trend": "downtrend", "target_long": 0.27062, "target_short": 0.26158, "vol_surge": false, "vp_poc": 0.265266, "vp_vah": 0.279098, "vp_val": 0.257362}, "KRW-AVAX": {"signal": 0, "current_price": 9.49, "ma200": 16.342775000000003, "trend": "downtrend", "target_long": 9.6648, "target_short": 9.479199999999999, "vol_surge": false, "vp_poc": 9.51925, "vp_vah": 9.81765, "vp_val": 8.922450000000001}, "KRW-LINK": {"signal": 0, "current_price": 9.078, "ma200": 14.482549999999998, "trend": "downtrend", "target_long": 9.2122, "target_short": 9.0138, "vol_surge": false, "vp_poc": 9.08349, "vp_vah": 9.38751, "vp_val": 8.64435}, "KRW-DOT": {"signal": 2, "current_price": 1.494, "ma200": 2.4703649999999997, "trend": "downtrend", "target_long": 1.5224, "target_short": 1.4776, "vol_surge": false, "vp_poc": 1.50881, "vp_vah": 1.55687, "vp_val": 1.4447299999999998}, "KRW-TON": {"signal": 0, "current_price": 1.267, "ma200": 1.891645, "trend": "downtrend", "target_long": 1.2812000000000001, "target_short": 1.2348, "vol_surge": false, "vp_poc": 1.3057500000000002, "vp_vah": 1.35495, "vp_val": 1.26885}, "KRW-MATIC": {"signal": 0, "current_price": 0.09632, "ma200": 0.1540987, "trend": "downtrend", "target_long": 0.100938, "target_short": 0.09604199999999999, "vol_surge": false, "vp_poc": 0.0969073, "vp_vah": 0.10125010000000001, "vp_val": 0.0953563}, "KRW-UNI": {"signal": 0, "current_price": 3.571, "ma200": 5.88274, "trend": "downtrend", "target_long": 3.6486, "target_short": 3.5654000000000003, "vol_surge": false, "vp_poc": 3.9756899999999997, "vp_vah": 4.08881, "vp_val": 3.77773}, "KRW-LTC": {"signal": 0, "current_price": 55.71, "ma200": 82.67395, "trend": "downtrend", "target_long": 56.68, "target_short": 55.68, "vol_surge": false, "vp_poc": 54.745999999999995, "vp_vah": 56.67, "vp_val": 53.562}, "KRW-BCH": {"signal": 0, "current_price": 467.6, "ma200": 546.82, "trend": "downtrend", "target_long": 482.78, "target_short": 466.62, "vol_surge": false, "vp_poc": 452.524, "vp_vah": 466.972, "vp_val": 443.236}, "KRW-APT": {"signal": 0, "current_price": 0.998, "ma200": 2.4032125, "trend": "downtrend", "target_long": 1.02274, "target_short": 0.95906, "vol_surge": false, "vp_poc": 0.9871349999999999, "vp_vah": 1.0221049999999998, "vp_val": 0.946785}, "KRW-NEAR": {"signal": 0, "current_price": 1.315, "ma200": 1.88513, "trend": "downtrend", "target_long": 1.3384, "target_short": 1.2936, "vol_surge": false, "vp_poc": 1.3296999999999999, "vp_vah": 1.4111, "vp_val": 1.2409}, "KRW-OP": {"signal": 0, "current_price": 0.1217, "ma200": 0.370417, "trend": "downtrend", "target_long": 0.12584, "target_short": 0.12216, "vol_surge": false, "vp_poc": 0.12566100000000002, "vp_vah": 0.129869, "vp_val": 0.118297}, "KRW-ARB": {"signal": 0, "current_price": 0.09952, "ma200": 0.2459983, "trend": "downtrend", "target_long": 0.10106599999999999, "target_short": 0.098634, "vol_surge": false, "vp_poc": 0.1012073, "vp_vah": 0.10591590000000001, "vp_val": 0.0983097}, "KRW-SUI": {"signal": 0, "current_price": 0.9602, "ma200": 1.9166969999999999, "trend": "downtrend", "target_long": 0.98276, "target_short": 0.9536399999999999, "vol_surge": false, "vp_poc": 0.9595849999999999, "vp_vah": 1.003485, "vp_val": 0.893735}}}