{"okx": {"KRW-BTC": {"signal": 0, "current_price": 62615.6, "ma200": 74754.497, "trend": "downtrend", "target_long": 63595.08, "target_short": 62686.119999999995, "vol_surge": false, "vp_poc": 59922.065, "vp_vah": 63045.134999999995, "vp_val": 58268.675}, "KRW-ETH": {"signal": 0, "current_price": 1757.11, "ma200": 2264.1109500000002, "trend": "downtrend", "target_long": 1806.184, "target_short": 1755.1360000000002, "vol_surge": false, "vp_poc": 1711.7906, "vp_vah": 1803.4794, "vp_val": 1626.6509999999998}, "KRW-BNB": {"signal": 0, "current_price": 574.2, "ma200": 683.5595, "trend": "downtrend", "target_long": 579.5, "target_short": 571.5, "vol_surge": false, "vp_poc": 557.825, "vp_vah": 585.875, "vp_val": 546.2750000000001}, "KRW-SOL": {"signal": 2, "current_price": 79.86, "ma200": 93.384, "trend": "downtrend", "target_long": 82.852, "target_short": 80.74799999999999, "vol_surge": false, "vp_poc": 72.6199, "vp_vah": 75.4101, "vp_val": 67.43809999999999}, "KRW-XRP": {"signal": 0, "current_price": 1.1277, "ma200": 1.478756, "trend": "downtrend", "target_long": 1.17848, "target_short": 1.13632, "vol_surge": false, "vp_poc": 1.0511220000000001, "vp_vah": 1.1448300000000002, "vp_val": 1.0165980000000001}, "KRW-DOGE": {"signal": 0, "current_price": 0.07558, "ma200": 0.10301029999999999, "trend": "downtrend", "target_long": 0.078782, "target_short": 0.076558, "vol_surge": false, "vp_poc": 0.07322020000000001, "vp_vah": 0.0806606, "vp_val": 0.0696958}, "KRW-LINK": {"signal": 0, "current_price": 7.858, "ma200": 9.712295000000001, "trend": "downtrend", "target_long": 8.125, "target_short": 7.888999999999999, "vol_surge": false, "vp_poc": 7.9069199999999995, "vp_vah": 8.17188, "vp_val": 7.31812}, "KRW-SUI": {"signal": 2, "current_price": 0.7403, "ma200": 1.0631434999999998, "trend": "downtrend", "target_long": 0.77442, "target_short": 0.74938, "vol_surge": false, "vp_poc": 0.700007, "vp_vah": 0.750497, "vp_val": 0.673079}}}