{"okx": {"KRW-BTC": {"signal": 0, "current_price": 76902.2, "ma200": 81462.80099999999, "trend": "downtrend", "target_long": 78215.72, "target_short": 76691.88, "vol_surge": true, "vp_poc": 80393.527, "vp_vah": 81657.255, "vp_val": 77550.139}, "KRW-ETH": {"signal": 2, "current_price": 2115.36, "ma200": 2594.25185, "trend": "downtrend", "target_long": 2176.2740000000003, "target_short": 2084.986, "vol_surge": false, "vp_poc": 2316.4734, "vp_vah": 2378.7282, "vp_val": 2254.2186}, "KRW-BNB": {"signal": 0, "current_price": 642.3, "ma200": 757.35, "trend": "downtrend", "target_long": 656.9200000000001, "target_short": 642.28, "vol_surge": false, "vp_poc": 650.798, "vp_vah": 674.7379999999999, "vp_val": 630.05}, "KRW-SOL": {"signal": 0, "current_price": 84.86, "ma200": 109.80685, "trend": "downtrend", "target_long": 86.79, "target_short": 83.67, "vol_surge": false, "vp_poc": 84.29489999999998, "vp_vah": 91.76169999999999, "vp_val": 82.2585}, "KRW-XRP": {"signal": 2, "current_price": 1.3841, "ma200": 1.7148245, "trend": "downtrend", "target_long": 1.425, "target_short": 1.3781999999999999, "vol_surge": false, "vp_poc": 1.396975, "vp_vah": 1.458265, "vp_val": 1.3806310000000002}, "KRW-DOGE": {"signal": 0, "current_price": 0.10408, "ma200": 0.11894199999999999, "trend": "downtrend", "target_long": 0.11193399999999999, "target_short": 0.106086, "vol_surge": false, "vp_poc": 0.1083533, "vp_vah": 0.11378250000000001, "vp_val": 0.10641429999999999}, "KRW-LINK": {"signal": 0, "current_price": 9.482, "ma200": 11.10932, "trend": "downtrend", "target_long": 9.7772, "target_short": 9.354800000000001, "vol_surge": false, "vp_poc": 9.125820000000001, "vp_vah": 10.26378, "vp_val": 9.04734}, "KRW-SUI": {"signal": 0, "current_price": 1.0493, "ma200": 1.2810184999999998, "trend": "downtrend", "target_long": 1.07586, "target_short": 1.01234, "vol_surge": false, "vp_poc": 0.9187609999999999, "vp_vah": 1.238141, "vp_val": 0.908115}}}