{"okx": {"KRW-BTC": {"signal": 2, "current_price": 59242.7, "ma200": 75717.379, "trend": "downtrend", "target_long": 60463.98, "target_short": 59591.82, "vol_surge": false, "vp_poc": 63348.3, "vp_vah": 64634.9, "vp_val": 60775.1}, "KRW-ETH": {"signal": 2, "current_price": 1559.83, "ma200": 2311.4007, "trend": "downtrend", "target_long": 1593.322, "target_short": 1554.6580000000001, "vol_surge": false, "vp_poc": 1711.0824000000002, "vp_vah": 1778.5544, "vp_val": 1636.8632000000002}, "KRW-BNB": {"signal": 2, "current_price": 548.2, "ma200": 694.4455, "trend": "downtrend", "target_long": 563.02, "target_short": 551.5799999999999, "vol_surge": false, "vp_poc": 588.1320000000001, "vp_vah": 617.9559999999999, "vp_val": 571.356}, "KRW-SOL": {"signal": 2, "current_price": 70.44, "ma200": 95.18155, "trend": "downtrend", "target_long": 71.682, "target_short": 69.33800000000001, "vol_surge": false, "vp_poc": 72.3802, "vp_vah": 74.02900000000001, "vp_val": 66.60940000000001}, "KRW-XRP": {"signal": 2, "current_price": 1.0406, "ma200": 1.509082, "trend": "downtrend", "target_long": 1.0610400000000002, "target_short": 1.03416, "vol_surge": false, "vp_poc": 1.1370900000000002, "vp_vah": 1.22235, "vp_val": 1.0859340000000002}, "KRW-DOGE": {"signal": 2, "current_price": 0.07271, "ma200": 0.10508555000000001, "trend": "downtrend", "target_long": 0.07544200000000001, "target_short": 0.073578, "vol_surge": false, "vp_poc": 0.0863652, "vp_vah": 0.0922788, "vp_val": 0.080874}, "KRW-LINK": {"signal": 2, "current_price": 7.211, "ma200": 9.90821, "trend": "downtrend", "target_long": 7.3873999999999995, "target_short": 7.2066, "vol_surge": false, "vp_poc": 7.86071, "vp_vah": 8.182110000000002, "vp_val": 7.37861}, "KRW-SUI": {"signal": 2, "current_price": 0.6758, "ma200": 1.091212, "trend": "downtrend", "target_long": 0.70044, "target_short": 0.66876, "vol_surge": false, "vp_poc": 0.759536, "vp_vah": 0.770192, "vp_val": 0.681392}}}