{"okx": {"KRW-BTC": {"signal": 0, "current_price": 74335.9, "ma200": 87177.27050000001, "trend": "downtrend", "target_long": 75581.62, "target_short": 74043.38, "vol_surge": false, "vp_poc": 66878.177, "vp_vah": 72623.189, "vp_val": 65773.367}, "KRW-ETH": {"signal": 0, "current_price": 2325.03, "ma200": 2885.0902, "trend": "downtrend", "target_long": 2390.828, "target_short": 2329.292, "vol_surge": false, "vp_poc": 2229.4154, "vp_vah": 2267.5866, "vp_val": 2019.4737999999998}, "KRW-BNB": {"signal": 0, "current_price": 627.2, "ma200": 837.632, "trend": "downtrend", "target_long": 629.5, "target_short": 615.9000000000001, "vol_surge": false, "vp_poc": 611.027, "vp_vah": 620.355, "vp_val": 598.201}, "KRW-SOL": {"signal": 0, "current_price": 86.81, "ma200": 128.22435, "trend": "downtrend", "target_long": 86.168, "target_short": 83.632, "vol_surge": false, "vp_poc": 83.8175, "vp_vah": 85.7885, "vp_val": 81.18950000000001}, "KRW-XRP": {"signal": 0, "current_price": 1.4274, "ma200": 1.9079125, "trend": "downtrend", "target_long": 1.4157600000000001, "target_short": 1.36904, "vol_surge": false, "vp_poc": 1.3555039999999998, "vp_vah": 1.3652959999999998, "vp_val": 1.3098079999999999}, "KRW-DOGE": {"signal": 0, "current_price": 0.09772, "ma200": 0.13644615, "trend": "downtrend", "target_long": 0.096546, "target_short": 0.093234, "vol_surge": false, "vp_poc": 0.0924652, "vp_vah": 0.0943804, "vp_val": 0.0903372}, "KRW-LINK": {"signal": 0, "current_price": 9.418, "ma200": 12.663890000000002, "trend": "downtrend", "target_long": 9.4116, "target_short": 9.1084, "vol_surge": false, "vp_poc": 8.75314, "vp_vah": 9.168500000000002, "vp_val": 8.54546}, "KRW-SUI": {"signal": 0, "current_price": 0.9782, "ma200": 1.5811025, "trend": "downtrend", "target_long": 0.9780599999999999, "target_short": 0.93974, "vol_surge": false, "vp_poc": 0.8704080000000001, "vp_vah": 0.9439919999999999, "vp_val": 0.849384}}}