{"okx": {"KRW-BTC": {"signal": 0, "current_price": 81774.9, "ma200": 83316.2665, "trend": "downtrend", "target_long": 81708.68, "target_short": 80113.32, "vol_surge": false, "vp_poc": 77439.44499999999, "vp_vah": 78762.661, "vp_val": 75454.621}, "KRW-ETH": {"signal": 0, "current_price": 2391.81, "ma200": 2695.6992999999998, "trend": "downtrend", "target_long": 2382.848, "target_short": 2339.152, "vol_surge": false, "vp_poc": 2321.0546999999997, "vp_vah": 2384.9289, "vp_val": 2286.6609}, "KRW-BNB": {"signal": 0, "current_price": 645.4, "ma200": 784.1039999999999, "trend": "downtrend", "target_long": 635.38, "target_short": 625.62, "vol_surge": false, "vp_poc": 632.489, "vp_vah": 640.3910000000001, "vp_val": 620.197}, "KRW-SOL": {"signal": 0, "current_price": 88.67, "ma200": 115.8176, "trend": "downtrend", "target_long": 87.47000000000001, "target_short": 85.11, "vol_surge": false, "vp_poc": 84.6755, "vp_vah": 86.9147, "vp_val": 83.3693}, "KRW-XRP": {"signal": 0, "current_price": 1.4391, "ma200": 1.779331, "trend": "downtrend", "target_long": 1.4254, "target_short": 1.3998000000000002, "vol_surge": false, "vp_poc": 1.4294890000000002, "vp_vah": 1.4458790000000001, "vp_val": 1.386875}, "KRW-DOGE": {"signal": 0, "current_price": 0.11608, "ma200": 0.12405814999999999, "trend": "downtrend", "target_long": 0.11745399999999999, "target_short": 0.112246, "vol_surge": false, "vp_poc": 0.0981436, "vp_vah": 0.1073852, "vp_val": 0.09279319999999999}, "KRW-LINK": {"signal": 0, "current_price": 10.073, "ma200": 11.569180000000001, "trend": "downtrend", "target_long": 9.963, "target_short": 9.571, "vol_surge": false, "vp_poc": 9.37566, "vp_vah": 9.47118, "vp_val": 9.089099999999998}, "KRW-SUI": {"signal": 0, "current_price": 1.0106, "ma200": 1.3637880000000002, "trend": "downtrend", "target_long": 0.98812, "target_short": 0.9446800000000001, "vol_surge": false, "vp_poc": 0.9446019999999999, "vp_vah": 0.9607819999999999, "vp_val": 0.9154779999999999}}}