{"okx": {"KRW-BTC": {"signal": 0, "current_price": 78731.4, "ma200": 83713.29, "trend": "downtrend", "target_long": 79158.64, "target_short": 78227.36, "vol_surge": false, "vp_poc": 77323.18, "vp_vah": 78560.22, "vp_val": 75343.916}, "KRW-ETH": {"signal": 0, "current_price": 2327.39, "ma200": 2718.29775, "trend": "downtrend", "target_long": 2337.266, "target_short": 2297.074, "vol_surge": false, "vp_poc": 2321.0546999999997, "vp_vah": 2380.0155, "vp_val": 2286.6609}, "KRW-BNB": {"signal": 0, "current_price": 619.3, "ma200": 791.163, "trend": "downtrend", "target_long": 621.24, "target_short": 615.1600000000001, "vol_surge": false, "vp_poc": 619.319, "vp_vah": 636.001, "vp_val": 615.807}, "KRW-SOL": {"signal": 0, "current_price": 84.19, "ma200": 117.29554999999999, "trend": "downtrend", "target_long": 84.9, "target_short": 83.66, "vol_surge": false, "vp_poc": 84.6755, "vp_vah": 87.1013, "vp_val": 83.3693}, "KRW-XRP": {"signal": 0, "current_price": 1.3976, "ma200": 1.793068, "trend": "downtrend", "target_long": 1.4019, "target_short": 1.3855, "vol_surge": false, "vp_poc": 1.4294890000000002, "vp_vah": 1.449157, "vp_val": 1.380319}, "KRW-DOGE": {"signal": 0, "current_price": 0.10895, "ma200": 0.12517065, "trend": "downtrend", "target_long": 0.109392, "target_short": 0.10764800000000001, "vol_surge": false, "vp_poc": 0.09771679999999999, "vp_vah": 0.1008912, "vp_val": 0.0929552}, "KRW-LINK": {"signal": 0, "current_price": 9.17, "ma200": 11.67762, "trend": "downtrend", "target_long": 9.252199999999998, "target_short": 9.1018, "vol_surge": false, "vp_poc": 9.36026, "vp_vah": 9.436900000000001, "vp_val": 9.09202}, "KRW-SUI": {"signal": 0, "current_price": 0.9239, "ma200": 1.3865495, "trend": "downtrend", "target_long": 0.9355199999999999, "target_short": 0.92008, "vol_surge": false, "vp_poc": 0.9543099999999999, "vp_vah": 0.967254, "vp_val": 0.9154779999999999}}}