{"okx": {"KRW-BTC": {"signal": 0, "current_price": 66830.1, "ma200": 89385.996, "trend": "downtrend", "target_long": 67610.88, "target_short": 66994.32, "vol_surge": false, "vp_poc": 66872.006, "vp_vah": 70836.254, "vp_val": 66211.298}, "KRW-ETH": {"signal": 0, "current_price": 2030.47, "ma200": 2993.3893, "trend": "downtrend", "target_long": 2081.5820000000003, "target_short": 2049.558, "vol_surge": false, "vp_poc": 2153.2936, "vp_vah": 2170.8392, "vp_val": 2012.9288}, "KRW-BNB": {"signal": 0, "current_price": 589.4, "ma200": 858.8025, "trend": "downtrend", "target_long": 597.42, "target_short": 589.58, "vol_surge": false, "vp_poc": 611.3299999999999, "vp_vah": 655.3340000000001, "vp_val": 602.066}, "KRW-SOL": {"signal": 0, "current_price": 79.12, "ma200": 135.6832, "trend": "downtrend", "target_long": 81.664, "target_short": 80.016, "vol_surge": false, "vp_poc": 88.6593, "vp_vah": 95.55109999999999, "vp_val": 82.1729}, "KRW-XRP": {"signal": 2, "current_price": 1.2842, "ma200": 1.991863, "trend": "downtrend", "target_long": 1.32184, "target_short": 1.30896, "vol_surge": false, "vp_poc": 1.3346109999999998, "vp_vah": 1.4462329999999999, "vp_val": 1.308347}, "KRW-DOGE": {"signal": 0, "current_price": 0.09005, "ma200": 0.14487129999999998, "trend": "downtrend", "target_long": 0.092992, "target_short": 0.09108799999999999, "vol_surge": false, "vp_poc": 0.09204, "vp_vah": 0.095028, "vp_val": 0.08971599999999999}, "KRW-LINK": {"signal": 0, "current_price": 8.513, "ma200": 13.37803, "trend": "downtrend", "target_long": 8.7612, "target_short": 8.626800000000001, "vol_surge": false, "vp_poc": 8.614980000000001, "vp_vah": 9.23582, "vp_val": 8.50542}, "KRW-SUI": {"signal": 2, "current_price": 0.845, "ma200": 1.717662, "trend": "downtrend", "target_long": 0.87962, "target_short": 0.86458, "vol_surge": false, "vp_poc": 0.875019, "vp_vah": 0.959467, "vp_val": 0.8486290000000001}}}