{"okx": {"KRW-BTC": {"signal": 0, "current_price": 62452.6, "ma200": 78507.2285, "trend": "downtrend", "target_long": 61700.0, "target_short": 60070.8, "vol_surge": false, "vp_poc": 77245.56, "vp_vah": 78009.112, "vp_val": 64265.176}, "KRW-ETH": {"signal": 0, "current_price": 1631.12, "ma200": 2450.7806, "trend": "downtrend", "target_long": 1608.374, "target_short": 1530.9260000000002, "vol_surge": false, "vp_poc": 2111.8667, "vp_vah": 2151.0581, "vp_val": 1746.0803}, "KRW-BNB": {"signal": 0, "current_price": 592.5, "ma200": 724.707, "trend": "downtrend", "target_long": 584.3, "target_short": 564.7, "vol_surge": false, "vp_poc": 656.876, "vp_vah": 732.556, "vp_val": 634.172}, "KRW-SOL": {"signal": 0, "current_price": 64.91, "ma200": 102.0672, "trend": "downtrend", "target_long": 64.11, "target_short": 60.31, "vol_surge": false, "vp_poc": 85.5081, "vp_vah": 87.7409, "vp_val": 69.3203}, "KRW-XRP": {"signal": 0, "current_price": 1.1476, "ma200": 1.6112269999999997, "trend": "downtrend", "target_long": 1.1194199999999999, "target_short": 1.06758, "vol_surge": false, "vp_poc": 1.3594979999999999, "vp_vah": 1.394318, "vp_val": 1.1923620000000001}, "KRW-DOGE": {"signal": 0, "current_price": 0.08496, "ma200": 0.11173369999999999, "trend": "downtrend", "target_long": 0.08410200000000001, "target_short": 0.079758, "vol_surge": false, "vp_poc": 0.10065640000000001, "vp_vah": 0.1064884, "vp_val": 0.0895756}, "KRW-LINK": {"signal": 0, "current_price": 7.751, "ma200": 10.486165000000002, "trend": "downtrend", "target_long": 7.5862, "target_short": 7.207800000000001, "vol_surge": false, "vp_poc": 9.51903, "vp_vah": 9.823129999999999, "vp_val": 8.36345}, "KRW-SUI": {"signal": 0, "current_price": 0.7595, "ma200": 1.175386, "trend": "downtrend", "target_long": 0.7457199999999999, "target_short": 0.69068, "vol_surge": false, "vp_poc": 1.0489640000000002, "vp_vah": 1.159668, "vp_val": 0.807428}}}