{"okx": {"KRW-BTC": {"signal": 0, "current_price": 76792.5, "ma200": 81132.9795, "trend": "downtrend", "target_long": 77341.95999999999, "target_short": 76334.04000000001, "vol_surge": false, "vp_poc": 80465.85, "vp_vah": 81687.87, "vp_val": 77750.25}, "KRW-ETH": {"signal": 0, "current_price": 2112.11, "ma200": 2576.8372999999997, "trend": "downtrend", "target_long": 2133.246, "target_short": 2090.8140000000003, "vol_surge": false, "vp_poc": 2316.4734, "vp_vah": 2392.5626, "vp_val": 2247.3014000000003}, "KRW-BNB": {"signal": 0, "current_price": 639.4, "ma200": 752.8335000000001, "trend": "downtrend", "target_long": 644.3, "target_short": 635.5, "vol_surge": false, "vp_poc": 651.191, "vp_vah": 673.961, "vp_val": 634.4929999999999}, "KRW-SOL": {"signal": 2, "current_price": 84.09, "ma200": 108.78354999999999, "trend": "downtrend", "target_long": 85.19800000000001, "target_short": 83.382, "vol_surge": false, "vp_poc": 84.15100000000001, "vp_vah": 92.107, "vp_val": 83.53899999999999}, "KRW-XRP": {"signal": 2, "current_price": 1.3576, "ma200": 1.7033735, "trend": "downtrend", "target_long": 1.3794199999999999, "target_short": 1.34358, "vol_surge": false, "vp_poc": 1.422247, "vp_vah": 1.458805, "vp_val": 1.381627}, "KRW-DOGE": {"signal": 0, "current_price": 0.10245, "ma200": 0.11810364999999999, "trend": "downtrend", "target_long": 0.104162, "target_short": 0.10181799999999999, "vol_surge": false, "vp_poc": 0.1084186, "vp_vah": 0.1134406, "vp_val": 0.10707939999999999}, "KRW-LINK": {"signal": 0, "current_price": 9.486, "ma200": 11.03263, "trend": "downtrend", "target_long": 9.6028, "target_short": 9.2932, "vol_surge": false, "vp_poc": 9.446839999999998, "vp_vah": 10.457080000000001, "vp_val": 9.3386}, "KRW-SUI": {"signal": 0, "current_price": 1.036, "ma200": 1.2678165, "trend": "downtrend", "target_long": 1.07406, "target_short": 1.03014, "vol_surge": false, "vp_poc": 1.084445, "vp_vah": 1.2364549999999999, "vp_val": 0.912167}}}