{"okx": {"KRW-BTC": {"signal": 0, "current_price": 76073.1, "ma200": 84596.0075, "trend": "downtrend", "target_long": 78586.5, "target_short": 76156.1, "vol_surge": false, "vp_poc": 77412.273, "vp_vah": 78495.261, "vp_val": 73982.811}, "KRW-ETH": {"signal": 0, "current_price": 2280.18, "ma200": 2762.2591500000003, "trend": "downtrend", "target_long": 2359.216, "target_short": 2248.2239999999997, "vol_surge": false, "vp_poc": 2321.0002999999997, "vp_vah": 2395.0427, "vp_val": 2271.6386999999995}, "KRW-BNB": {"signal": 2, "current_price": 622.6, "ma200": 806.257, "trend": "downtrend", "target_long": 635.6800000000001, "target_short": 618.3199999999999, "vol_surge": false, "vp_poc": 632.616, "vp_vah": 640.392, "vp_val": 611.8800000000001}, "KRW-SOL": {"signal": 2, "current_price": 83.46, "ma200": 120.09899999999999, "trend": "downtrend", "target_long": 86.618, "target_short": 83.042, "vol_surge": false, "vp_poc": 86.11439999999999, "vp_vah": 87.0584, "vp_val": 83.2824}, "KRW-XRP": {"signal": 2, "current_price": 1.3755, "ma200": 1.820622, "trend": "downtrend", "target_long": 1.4259000000000002, "target_short": 1.3755, "vol_surge": false, "vp_poc": 1.4278849999999998, "vp_vah": 1.450745, "vp_val": 1.355495}, "KRW-DOGE": {"signal": 0, "current_price": 0.09938, "ma200": 0.12752205, "trend": "downtrend", "target_long": 0.100542, "target_short": 0.097318, "vol_surge": false, "vp_poc": 0.09753679999999999, "vp_vah": 0.09967519999999999, "vp_val": 0.09373519999999999}, "KRW-LINK": {"signal": 2, "current_price": 9.222, "ma200": 11.9152, "trend": "downtrend", "target_long": 9.496799999999999, "target_short": 9.1472, "vol_surge": false, "vp_poc": 9.35931, "vp_vah": 9.47761, "vp_val": 9.02807}, "KRW-SUI": {"signal": 2, "current_price": 0.9207, "ma200": 1.4327885, "trend": "downtrend", "target_long": 0.95598, "target_short": 0.9154199999999999, "vol_surge": false, "vp_poc": 0.9540569999999999, "vp_vah": 0.965761, "vp_val": 0.921871}}}