{"okx": {"KRW-BTC": {"signal": 0, "current_price": 64432.6, "ma200": 73087.812, "trend": "downtrend", "target_long": 65228.44, "target_short": 64439.56, "vol_surge": false, "vp_poc": 64275.598, "vp_vah": 64898.846000000005, "vp_val": 61315.17}, "KRW-ETH": {"signal": 0, "current_price": 1859.74, "ma200": 2184.95655, "trend": "downtrend", "target_long": 1874.64, "target_short": 1850.64, "vol_surge": false, "vp_poc": 1760.3129000000001, "vp_vah": 1831.5803, "vp_val": 1736.5571}, "KRW-BNB": {"signal": 0, "current_price": 567.7, "ma200": 664.327, "trend": "downtrend", "target_long": 573.52, "target_short": 568.0799999999999, "vol_surge": false, "vp_poc": 575.978, "vp_vah": 584.97, "vp_val": 564.738}, "KRW-SOL": {"signal": 0, "current_price": 75.83, "ma200": 90.12559999999999, "trend": "downtrend", "target_long": 75.972, "target_short": 75.068, "vol_surge": false, "vp_poc": 77.1001, "vp_vah": 80.9625, "vp_val": 74.2033}, "KRW-XRP": {"signal": 0, "current_price": 1.0937, "ma200": 1.42483, "trend": "downtrend", "target_long": 1.0988, "target_short": 1.0868, "vol_surge": false, "vp_poc": 1.101378, "vp_vah": 1.140306, "vp_val": 1.072182}, "KRW-DOGE": {"signal": 2, "current_price": 0.0722, "ma200": 0.09932554999999998, "trend": "downtrend", "target_long": 0.07289, "target_short": 0.07217, "vol_surge": false, "vp_poc": 0.0727637, "vp_vah": 0.0755329, "vp_val": 0.0715769}, "KRW-LINK": {"signal": 0, "current_price": 8.315, "ma200": 9.414625, "trend": "downtrend", "target_long": 8.4162, "target_short": 8.2818, "vol_surge": false, "vp_poc": 7.92845, "vp_vah": 8.14671, "vp_val": 7.30485}, "KRW-SUI": {"signal": 0, "current_price": 0.7476, "ma200": 1.014916, "trend": "downtrend", "target_long": 0.74952, "target_short": 0.7376800000000001, "vol_surge": false, "vp_poc": 0.7457499999999999, "vp_vah": 0.76255, "vp_val": 0.72055}}}