{"okx": {"KRW-BTC": {"signal": 2, "current_price": 63072.2, "ma200": 78283.5935, "trend": "downtrend", "target_long": 63814.36, "target_short": 62369.64, "vol_surge": false, "vp_poc": 73427.79999999999, "vp_vah": 78009.112, "vp_val": 63501.623999999996}, "KRW-ETH": {"signal": 2, "current_price": 1685.95, "ma200": 2439.9584999999997, "trend": "downtrend", "target_long": 1717.976, "target_short": 1662.464, "vol_surge": false, "vp_poc": 2020.4201000000003, "vp_vah": 2151.0581, "vp_val": 1706.8889}, "KRW-BNB": {"signal": 2, "current_price": 601.4, "ma200": 722.295, "trend": "downtrend", "target_long": 609.6, "target_short": 594.4, "vol_surge": false, "vp_poc": 656.876, "vp_vah": 743.9079999999999, "vp_val": 630.3879999999999}, "KRW-SOL": {"signal": 0, "current_price": 66.63, "ma200": 101.4308, "trend": "downtrend", "target_long": 68.09199999999998, "target_short": 65.548, "vol_surge": false, "vp_poc": 82.15889999999999, "vp_vah": 87.7409, "vp_val": 67.0875}, "KRW-XRP": {"signal": 0, "current_price": 1.1692, "ma200": 1.6032009999999999, "trend": "downtrend", "target_long": 1.19004, "target_short": 1.1463599999999998, "vol_surge": false, "vp_poc": 1.335795, "vp_vah": 1.382933, "vp_val": 1.160711}, "KRW-DOGE": {"signal": 0, "current_price": 0.08623, "ma200": 0.111157, "trend": "downtrend", "target_long": 0.087594, "target_short": 0.085066, "vol_surge": false, "vp_poc": 0.10065640000000001, "vp_vah": 0.1064884, "vp_val": 0.0872428}, "KRW-LINK": {"signal": 0, "current_price": 7.991, "ma200": 10.44172, "trend": "downtrend", "target_long": 8.159, "target_short": 7.835, "vol_surge": false, "vp_poc": 9.51903, "vp_vah": 9.823129999999999, "vp_val": 8.12017}, "KRW-SUI": {"signal": 2, "current_price": 0.7541, "ma200": 1.1684904999999999, "trend": "downtrend", "target_long": 0.773, "target_short": 0.7373999999999999, "vol_surge": false, "vp_poc": 0.757108, "vp_vah": 0.9684520000000001, "vp_val": 0.6665319999999999}}}