{"okx": {"KRW-BTC": {"signal": 0, "current_price": 74274.4, "ma200": 87363.761, "trend": "downtrend", "target_long": 75046.76000000001, "target_short": 73250.84, "vol_surge": false, "vp_poc": 66878.177, "vp_vah": 71739.341, "vp_val": 65773.367}, "KRW-ETH": {"signal": 0, "current_price": 2325.77, "ma200": 2894.0012999999994, "trend": "downtrend", "target_long": 2367.112, "target_short": 2277.4880000000003, "vol_surge": false, "vp_poc": 2067.1877999999997, "vp_vah": 2229.4154, "vp_val": 1990.8454}, "KRW-BNB": {"signal": 0, "current_price": 615.5, "ma200": 839.4245, "trend": "downtrend", "target_long": 619.76, "target_short": 608.24, "vol_surge": false, "vp_poc": 610.5799999999999, "vp_vah": 620.3720000000001, "vp_val": 598.3399999999999}, "KRW-SOL": {"signal": 2, "current_price": 83.4, "ma200": 128.8369, "trend": "downtrend", "target_long": 85.444, "target_short": 81.956, "vol_surge": false, "vp_poc": 83.8175, "vp_vah": 85.7885, "vp_val": 80.9705}, "KRW-XRP": {"signal": 2, "current_price": 1.3575, "ma200": 1.914939, "trend": "downtrend", "target_long": 1.37906, "target_short": 1.3443399999999999, "vol_surge": false, "vp_poc": 1.341181, "vp_vah": 1.364721, "vp_val": 1.317641}, "KRW-DOGE": {"signal": 0, "current_price": 0.09325, "ma200": 0.13713635, "trend": "downtrend", "target_long": 0.095236, "target_short": 0.09072399999999999, "vol_surge": false, "vp_poc": 0.09243950000000001, "vp_vah": 0.0940571, "vp_val": 0.0904175}, "KRW-LINK": {"signal": 0, "current_price": 9.062, "ma200": 12.724200000000002, "trend": "downtrend", "target_long": 9.203800000000001, "target_short": 8.8382, "vol_surge": false, "vp_poc": 8.7539, "vp_vah": 9.101659999999999, "vp_val": 8.530339999999999}, "KRW-SUI": {"signal": 0, "current_price": 0.9393, "ma200": 1.5925015000000002, "trend": "downtrend", "target_long": 0.94806, "target_short": 0.91694, "vol_surge": false, "vp_poc": 0.872004, "vp_vah": 0.932348, "vp_val": 0.846596}}}