{"okx": {"KRW-BTC": {"signal": 0, "current_price": 74509.5, "ma200": 80011.6435, "trend": "downtrend", "target_long": 75223.56, "target_short": 73678.44, "vol_surge": false, "vp_poc": 76964.123, "vp_vah": 79924.439, "vp_val": 74332.731}, "KRW-ETH": {"signal": 0, "current_price": 2025.65, "ma200": 2520.4121, "trend": "downtrend", "target_long": 2057.656, "target_short": 1992.5439999999999, "vol_surge": false, "vp_poc": 2109.4955, "vp_vah": 2259.3554999999997, "vp_val": 2019.5794999999998}, "KRW-BNB": {"signal": 0, "current_price": 648.1, "ma200": 739.566, "trend": "downtrend", "target_long": 654.1999999999999, "target_short": 643.4, "vol_surge": false, "vp_poc": 655.923, "vp_vah": 672.633, "vp_val": 647.011}, "KRW-SOL": {"signal": 0, "current_price": 82.5, "ma200": 105.62205, "trend": "downtrend", "target_long": 83.51400000000001, "target_short": 81.346, "vol_surge": false, "vp_poc": 85.63, "vp_vah": 92.42999999999999, "vp_val": 81.55}, "KRW-XRP": {"signal": 0, "current_price": 1.3089, "ma200": 1.6641625, "trend": "downtrend", "target_long": 1.32372, "target_short": 1.2914800000000002, "vol_surge": false, "vp_poc": 1.353648, "vp_vah": 1.453168, "vp_val": 1.328768}, "KRW-DOGE": {"signal": 0, "current_price": 0.10065, "ma200": 0.11530344999999999, "trend": "downtrend", "target_long": 0.102108, "target_short": 0.098852, "vol_surge": false, "vp_poc": 0.10372600000000001, "vp_vah": 0.111934, "vp_val": 0.10070200000000001}, "KRW-LINK": {"signal": 0, "current_price": 9.139, "ma200": 10.787069999999998, "trend": "downtrend", "target_long": 9.2858, "target_short": 8.9842, "vol_surge": false, "vp_poc": 9.54705, "vp_vah": 10.23675, "vp_val": 9.111450000000001}, "KRW-SUI": {"signal": 0, "current_price": 0.9619, "ma200": 1.225173, "trend": "downtrend", "target_long": 0.98464, "target_short": 0.93536, "vol_surge": false, "vp_poc": 1.050795, "vp_vah": 1.234595, "vp_val": 1.004845}}}