{"okx": {"KRW-BTC": {"signal": 0, "current_price": 64947.4, "ma200": 72969.804, "trend": "downtrend", "target_long": 65009.96000000001, "target_short": 64451.64, "vol_surge": false, "vp_poc": 64275.598, "vp_vah": 64743.034, "vp_val": 61938.418000000005}, "KRW-ETH": {"signal": 0, "current_price": 1885.98, "ma200": 2179.42765, "trend": "downtrend", "target_long": 1883.382, "target_short": 1860.998, "vol_surge": false, "vp_poc": 1761.408, "vp_vah": 1832.256, "vp_val": 1729.92}, "KRW-BNB": {"signal": 0, "current_price": 571.0, "ma200": 662.88, "trend": "downtrend", "target_long": 573.8000000000001, "target_short": 568.6, "vol_surge": false, "vp_poc": 572.606, "vp_vah": 584.97, "vp_val": 566.986}, "KRW-SOL": {"signal": 0, "current_price": 77.08, "ma200": 89.8794, "trend": "downtrend", "target_long": 76.916, "target_short": 75.844, "vol_surge": false, "vp_poc": 77.2996, "vp_vah": 80.8156, "vp_val": 74.72120000000001}, "KRW-XRP": {"signal": 0, "current_price": 1.1061, "ma200": 1.420982, "trend": "downtrend", "target_long": 1.10288, "target_short": 1.0927200000000001, "vol_surge": false, "vp_poc": 1.101378, "vp_vah": 1.133818, "vp_val": 1.072182}, "KRW-DOGE": {"signal": 0, "current_price": 0.07291, "ma200": 0.09905710000000001, "trend": "downtrend", "target_long": 0.072888, "target_short": 0.071952, "vol_surge": false, "vp_poc": 0.07273, "vp_vah": 0.075394, "vp_val": 0.0714868}, "KRW-LINK": {"signal": 0, "current_price": 8.496, "ma200": 9.394409999999999, "trend": "downtrend", "target_long": 8.434800000000001, "target_short": 8.3332, "vol_surge": false, "vp_poc": 7.92845, "vp_vah": 8.20907, "vp_val": 7.336029999999999}, "KRW-SUI": {"signal": 0, "current_price": 0.7614, "ma200": 1.0113750000000001, "trend": "downtrend", "target_long": 0.75648, "target_short": 0.74272, "vol_surge": false, "vp_poc": 0.7458899999999999, "vp_vah": 0.7605339999999999, "vp_val": 0.7228779999999999}}}