{"okx": {"KRW-BTC": {"signal": 2, "current_price": 61649.8, "ma200": 78816.1515, "trend": "downtrend", "target_long": 65247.32, "target_short": 62530.68, "vol_surge": true, "vp_poc": 77240.806, "vp_vah": 78020.574, "vp_val": 67103.82199999999}, "KRW-ETH": {"signal": 2, "current_price": 1610.36, "ma200": 2465.6575, "trend": "downtrend", "target_long": 1812.164, "target_short": 1729.276, "vol_surge": true, "vp_poc": 2112.8623000000002, "vp_vah": 2152.4197000000004, "vp_val": 1796.4031}, "KRW-BNB": {"signal": 0, "current_price": 576.6, "ma200": 728.0505, "trend": "downtrend", "target_long": 619.16, "target_short": 590.0400000000001, "vol_surge": true, "vp_poc": 656.876, "vp_vah": 724.988, "vp_val": 634.172}, "KRW-SOL": {"signal": 2, "current_price": 64.87, "ma200": 102.8267, "trend": "downtrend", "target_long": 71.046, "target_short": 66.694, "vol_surge": true, "vp_poc": 85.6296, "vp_vah": 87.7544, "vp_val": 73.94319999999999}, "KRW-XRP": {"signal": 2, "current_price": 1.1119, "ma200": 1.6217285, "trend": "downtrend", "target_long": 1.19722, "target_short": 1.1405800000000001, "vol_surge": true, "vp_poc": 1.3536839999999999, "vp_vah": 1.396836, "vp_val": 1.23142}, "KRW-DOGE": {"signal": 2, "current_price": 0.08317, "ma200": 0.11248915, "trend": "downtrend", "target_long": 0.090994, "target_short": 0.086106, "vol_surge": true, "vp_poc": 0.1036678, "vp_vah": 0.1090854, "vp_val": 0.0935098}, "KRW-LINK": {"signal": 2, "current_price": 7.496, "ma200": 10.547725, "trend": "downtrend", "target_long": 8.258, "target_short": 7.774, "vol_surge": true, "vp_poc": 9.53977, "vp_vah": 9.831669999999999, "vp_val": 8.83921}, "KRW-SUI": {"signal": 2, "current_price": 0.7148, "ma200": 1.184435, "trend": "downtrend", "target_long": 0.7996200000000001, "target_short": 0.73378, "vol_surge": true, "vp_poc": 1.0510570000000001, "vp_vah": 1.1597590000000002, "vp_val": 0.843535}}}