{"okx": {"KRW-BTC": {"signal": 2, "current_price": 61962.9, "ma200": 74264.6165, "trend": "downtrend", "target_long": 63169.0, "target_short": 61397.8, "vol_surge": false, "vp_poc": 59920.827000000005, "vp_vah": 62736.063, "vp_val": 58356.807}, "KRW-ETH": {"signal": 2, "current_price": 1730.64, "ma200": 2240.53795, "trend": "downtrend", "target_long": 1772.338, "target_short": 1714.642, "vol_surge": false, "vp_poc": 1734.1924, "vp_vah": 1830.7804, "vp_val": 1701.9964}, "KRW-BNB": {"signal": 2, "current_price": 567.3, "ma200": 678.1375, "trend": "downtrend", "target_long": 576.24, "target_short": 561.3599999999999, "vol_surge": false, "vp_poc": 570.4010000000001, "vp_vah": 591.233, "vp_val": 557.3810000000001}, "KRW-SOL": {"signal": 2, "current_price": 77.14, "ma200": 92.4914, "trend": "downtrend", "target_long": 79.62599999999999, "target_short": 76.034, "vol_surge": false, "vp_poc": 72.6199, "vp_vah": 78.2003, "vp_val": 65.04650000000001}, "KRW-XRP": {"signal": 2, "current_price": 1.0873, "ma200": 1.46322, "trend": "downtrend", "target_long": 1.10966, "target_short": 1.0721399999999999, "vol_surge": false, "vp_poc": 1.049427, "vp_vah": 1.133379, "vp_val": 1.028439}, "KRW-DOGE": {"signal": 2, "current_price": 0.07223, "ma200": 0.1019125, "trend": "downtrend", "target_long": 0.073818, "target_short": 0.071042, "vol_surge": false, "vp_poc": 0.073712, "vp_vah": 0.07808, "vp_val": 0.07215200000000001}, "KRW-LINK": {"signal": 2, "current_price": 7.608, "ma200": 9.621665, "trend": "downtrend", "target_long": 7.7908, "target_short": 7.489199999999999, "vol_surge": false, "vp_poc": 7.88425, "vp_vah": 8.14099, "vp_val": 7.347430000000001}, "KRW-SUI": {"signal": 0, "current_price": 0.7181, "ma200": 1.0491169999999999, "trend": "downtrend", "target_long": 0.7259399999999999, "target_short": 0.69626, "vol_surge": false, "vp_poc": 0.699781, "vp_vah": 0.739171, "vp_val": 0.673521}}}