{"okx": {"KRW-BTC": {"signal": 0, "current_price": 75843.4, "ma200": 86123.8985, "trend": "downtrend", "target_long": 76978.92, "target_short": 74701.87999999999, "vol_surge": false, "vp_poc": 74930.79800000001, "vp_vah": 76953.614, "vp_val": 70885.166}, "KRW-ETH": {"signal": 0, "current_price": 2320.57, "ma200": 2835.0134999999996, "trend": "downtrend", "target_long": 2348.332, "target_short": 2278.828, "vol_surge": false, "vp_poc": 2317.8597, "vp_vah": 2389.6853, "vp_val": 2183.1867}, "KRW-BNB": {"signal": 0, "current_price": 630.6, "ma200": 826.6925, "trend": "downtrend", "target_long": 635.6999999999999, "target_short": 622.9, "vol_surge": false, "vp_poc": 616.938, "vp_vah": 631.014, "vp_val": 595.0419999999999}, "KRW-SOL": {"signal": 0, "current_price": 85.69, "ma200": 124.82705, "trend": "downtrend", "target_long": 86.456, "target_short": 84.14399999999999, "vol_surge": false, "vp_poc": 84.422, "vp_vah": 86.94919999999999, "vp_val": 81.0524}, "KRW-XRP": {"signal": 0, "current_price": 1.4254, "ma200": 1.870038, "trend": "downtrend", "target_long": 1.44174, "target_short": 1.4068599999999998, "vol_surge": false, "vp_poc": 1.35503, "vp_vah": 1.40585, "vp_val": 1.3042099999999999}, "KRW-DOGE": {"signal": 0, "current_price": 0.09464, "ma200": 0.13265434999999998, "trend": "downtrend", "target_long": 0.0965, "target_short": 0.09394, "vol_surge": false, "vp_poc": 0.0930758, "vp_vah": 0.0959754, "vp_val": 0.0907034}, "KRW-LINK": {"signal": 0, "current_price": 9.348, "ma200": 12.343285000000002, "trend": "downtrend", "target_long": 9.4298, "target_short": 9.1482, "vol_surge": false, "vp_poc": 9.129010000000001, "vp_vah": 9.38983, "vp_val": 8.78125}, "KRW-SUI": {"signal": 0, "current_price": 0.942, "ma200": 1.51889, "trend": "downtrend", "target_long": 0.95846, "target_short": 0.9301400000000001, "vol_surge": false, "vp_poc": 0.954591, "vp_vah": 0.9958509999999999, "vp_val": 0.9009529999999999}}}