{"okx": {"KRW-BTC": {"signal": 0, "current_price": 76749.1, "ma200": 81299.0525, "trend": "downtrend", "target_long": 77706.3, "target_short": 76308.7, "vol_surge": false, "vp_poc": 80510.087, "vp_vah": 81713.655, "vp_val": 77501.167}, "KRW-ETH": {"signal": 2, "current_price": 2107.31, "ma200": 2585.6226, "trend": "downtrend", "target_long": 2161.932, "target_short": 2098.228, "vol_surge": false, "vp_poc": 2316.4734, "vp_vah": 2385.6454000000003, "vp_val": 2240.3842}, "KRW-BNB": {"signal": 0, "current_price": 638.8, "ma200": 755.1055, "trend": "downtrend", "target_long": 649.7, "target_short": 637.3, "vol_surge": false, "vp_poc": 650.885, "vp_vah": 673.835, "vp_val": 632.525}, "KRW-SOL": {"signal": 0, "current_price": 84.18, "ma200": 109.29440000000001, "trend": "downtrend", "target_long": 86.306, "target_short": 84.474, "vol_surge": false, "vp_poc": 84.2773, "vp_vah": 92.0581, "vp_val": 83.3047}, "KRW-XRP": {"signal": 2, "current_price": 1.358, "ma200": 1.7090959999999997, "trend": "downtrend", "target_long": 1.4056, "target_short": 1.3743999999999998, "vol_surge": false, "vp_poc": 1.4220199999999998, "vp_vah": 1.457516, "vp_val": 1.378636}, "KRW-DOGE": {"signal": 0, "current_price": 0.10292, "ma200": 0.1185279, "trend": "downtrend", "target_long": 0.107444, "target_short": 0.10215600000000001, "vol_surge": false, "vp_poc": 0.108152, "vp_vah": 0.1133104, "vp_val": 0.10654}, "KRW-LINK": {"signal": 0, "current_price": 9.456, "ma200": 11.070995, "trend": "downtrend", "target_long": 9.7298, "target_short": 9.4842, "vol_surge": false, "vp_poc": 9.81693, "vp_vah": 10.48329, "vp_val": 9.33567}, "KRW-SUI": {"signal": 0, "current_price": 1.0527, "ma200": 1.27454, "trend": "downtrend", "target_long": 1.0819400000000001, "target_short": 1.0474599999999998, "vol_surge": false, "vp_poc": 0.924455, "vp_vah": 1.2335150000000001, "vp_val": 0.914153}}}