{"okx": {"KRW-BTC": {"signal": 0, "current_price": 66952.3, "ma200": 90843.9685, "trend": "downtrend", "target_long": 66869.54, "target_short": 65169.85999999999, "vol_surge": false, "vp_poc": 70616.018, "vp_vah": 72818.378, "vp_val": 67532.714}, "KRW-ETH": {"signal": 0, "current_price": 2044.7, "ma200": 3069.2066500000005, "trend": "downtrend", "target_long": 2017.3999999999999, "target_short": 1952.32, "vol_surge": false, "vp_poc": 2167.2837, "vp_vah": 2194.2159, "vp_val": 2014.6679}, "KRW-BNB": {"signal": 0, "current_price": 613.2, "ma200": 869.1634999999999, "trend": "downtrend", "target_long": 613.6800000000001, "target_short": 598.72, "vol_surge": false, "vp_poc": 644.836, "vp_vah": 672.196, "vp_val": 624.7719999999999}, "KRW-SOL": {"signal": 0, "current_price": 83.42, "ma200": 140.47144999999998, "trend": "downtrend", "target_long": 83.174, "target_short": 79.686, "vol_surge": false, "vp_poc": 88.4629, "vp_vah": 93.3483, "vp_val": 85.45649999999999}, "KRW-XRP": {"signal": 0, "current_price": 1.3329, "ma200": 2.0441325, "trend": "downtrend", "target_long": 1.3475000000000001, "target_short": 1.3087, "vol_surge": false, "vp_poc": 1.404235, "vp_vah": 1.460413, "vp_val": 1.335573}, "KRW-DOGE": {"signal": 0, "current_price": 0.0915, "ma200": 0.15045024999999998, "trend": "downtrend", "target_long": 0.091972, "target_short": 0.088948, "vol_surge": false, "vp_poc": 0.094696, "vp_vah": 0.09768399999999999, "vp_val": 0.08971599999999999}, "KRW-LINK": {"signal": 0, "current_price": 8.701, "ma200": 13.843045, "trend": "downtrend", "target_long": 8.572999999999999, "target_short": 8.257, "vol_surge": false, "vp_poc": 9.118649999999999, "vp_vah": 9.53335, "vp_val": 8.62855}, "KRW-SUI": {"signal": 0, "current_price": 0.8694, "ma200": 1.8021975000000001, "trend": "downtrend", "target_long": 0.86794, "target_short": 0.8266600000000001, "vol_surge": false, "vp_poc": 0.9601029999999999, "vp_vah": 1.050237, "vp_val": 0.928291}}}