{"okx": {"KRW-BTC": {"signal": 0, "current_price": 73872.7, "ma200": 79698.542, "trend": "downtrend", "target_long": 74199.3, "target_short": 72737.7, "vol_surge": false, "vp_poc": 76952.425, "vp_vah": 80903.025, "vp_val": 75372.185}, "KRW-ETH": {"signal": 0, "current_price": 2023.26, "ma200": 2505.59055, "trend": "downtrend", "target_long": 2042.61, "target_short": 1986.3300000000002, "vol_surge": false, "vp_poc": 2110.2615, "vp_vah": 2199.8653, "vp_val": 1971.7829000000002}, "KRW-BNB": {"signal": 0, "current_price": 716.1, "ma200": 736.564, "trend": "downtrend", "target_long": 649.08, "target_short": 637.7199999999999, "vol_surge": true, "vp_poc": 657.4739999999999, "vp_vah": 673.5699999999999, "vp_val": 639.366}, "KRW-SOL": {"signal": 0, "current_price": 82.66, "ma200": 104.83409999999999, "trend": "downtrend", "target_long": 83.198, "target_short": 80.902, "vol_surge": false, "vp_poc": 85.71159999999999, "vp_vah": 89.3836, "vp_val": 80.2036}, "KRW-XRP": {"signal": 0, "current_price": 1.3424, "ma200": 1.6529680000000002, "trend": "downtrend", "target_long": 1.3456800000000002, "target_short": 1.31432, "vol_surge": false, "vp_poc": 1.355344, "vp_vah": 1.440064, "vp_val": 1.304512}, "KRW-DOGE": {"signal": 0, "current_price": 0.10069, "ma200": 0.11453075, "trend": "downtrend", "target_long": 0.101196, "target_short": 0.098204, "vol_surge": false, "vp_poc": 0.10292480000000001, "vp_vah": 0.110888, "vp_val": 0.0971736}, "KRW-LINK": {"signal": 0, "current_price": 9.193, "ma200": 10.719185, "trend": "downtrend", "target_long": 9.160599999999999, "target_short": 8.8854, "vol_surge": false, "vp_poc": 9.52032, "vp_vah": 9.84608, "vp_val": 8.82808}, "KRW-SUI": {"signal": 0, "current_price": 0.9048, "ma200": 1.2132064999999999, "trend": "downtrend", "target_long": 0.92332, "target_short": 0.88668, "vol_surge": false, "vp_poc": 1.05328, "vp_vah": 1.182304, "vp_val": 0.8966080000000001}}}