{"okx": {"KRW-BTC": {"signal": 0, "current_price": 78396.9, "ma200": 81783.975, "trend": "downtrend", "target_long": 80323.98, "target_short": 77909.81999999999, "vol_surge": false, "vp_poc": 80393.527, "vp_vah": 81815.22099999999, "vp_val": 78182.003}, "KRW-ETH": {"signal": 0, "current_price": 2193.23, "ma200": 2611.6232499999996, "trend": "downtrend", "target_long": 2262.62, "target_short": 2186.66, "vol_surge": false, "vp_poc": 2314.7585, "vp_vah": 2358.3311000000003, "vp_val": 2261.5031}, "KRW-BNB": {"signal": 0, "current_price": 659.8, "ma200": 761.8425, "trend": "downtrend", "target_long": 680.7199999999999, "target_short": 664.08, "vol_surge": false, "vp_poc": 650.798, "vp_vah": 674.7379999999999, "vp_val": 625.2620000000001}, "KRW-SOL": {"signal": 0, "current_price": 87.47, "ma200": 110.85375, "trend": "downtrend", "target_long": 90.894, "target_short": 87.606, "vol_surge": false, "vp_poc": 84.29489999999998, "vp_vah": 92.44049999999999, "vp_val": 83.2767}, "KRW-XRP": {"signal": 0, "current_price": 1.4153, "ma200": 1.7258515, "trend": "downtrend", "target_long": 1.46328, "target_short": 1.40512, "vol_surge": false, "vp_poc": 1.421491, "vp_vah": 1.462351, "vp_val": 1.3847170000000002}, "KRW-DOGE": {"signal": 0, "current_price": 0.11024, "ma200": 0.11975584999999998, "trend": "downtrend", "target_long": 0.11601199999999999, "target_short": 0.110668, "vol_surge": false, "vp_poc": 0.10836989999999999, "vp_vah": 0.11491889999999999, "vp_val": 0.10662350000000001}, "KRW-LINK": {"signal": 0, "current_price": 9.817, "ma200": 11.189245000000001, "trend": "downtrend", "target_long": 10.3096, "target_short": 9.8384, "vol_surge": false, "vp_poc": 9.16506, "vp_vah": 10.30302, "vp_val": 9.04734}, "KRW-SUI": {"signal": 0, "current_price": 1.0681, "ma200": 1.294601, "trend": "downtrend", "target_long": 1.14668, "target_short": 1.05252, "vol_surge": false, "vp_poc": 0.9187609999999999, "vp_vah": 1.2487869999999999, "vp_val": 0.908115}}}