{"okx": {"KRW-BTC": {"signal": 0, "current_price": 78717.7, "ma200": 83873.5725, "trend": "downtrend", "target_long": 79272.48, "target_short": 77196.31999999999, "vol_surge": false, "vp_poc": 77437.849, "vp_vah": 78507.493, "vp_val": 75120.287}, "KRW-ETH": {"signal": 0, "current_price": 2322.86, "ma200": 2726.6206, "trend": "downtrend", "target_long": 2322.8300000000004, "target_short": 2268.31, "vol_surge": false, "vp_poc": 2317.7430000000004, "vp_vah": 2381.697, "vp_val": 2282.8590000000004}, "KRW-BNB": {"signal": 0, "current_price": 618.5, "ma200": 793.8840000000001, "trend": "downtrend", "target_long": 619.12, "target_short": 612.08, "vol_surge": false, "vp_poc": 619.7350000000001, "vp_vah": 637.1790000000001, "vp_val": 614.751}, "KRW-SOL": {"signal": 0, "current_price": 84.32, "ma200": 117.84404999999998, "trend": "downtrend", "target_long": 84.47200000000001, "target_short": 83.048, "vol_surge": false, "vp_poc": 84.66900000000001, "vp_vah": 87.0974, "vp_val": 83.3614}, "KRW-XRP": {"signal": 0, "current_price": 1.3926, "ma200": 1.7981315, "trend": "downtrend", "target_long": 1.3999199999999998, "target_short": 1.37168, "vol_surge": false, "vp_poc": 1.4278849999999998, "vp_vah": 1.4469349999999999, "vp_val": 1.3707349999999998}, "KRW-DOGE": {"signal": 0, "current_price": 0.10839, "ma200": 0.12560635, "trend": "downtrend", "target_long": 0.110192, "target_short": 0.106888, "vol_surge": false, "vp_poc": 0.09780839999999999, "vp_vah": 0.10081559999999999, "vp_val": 0.09265319999999999}, "KRW-LINK": {"signal": 0, "current_price": 9.186, "ma200": 11.722114999999999, "trend": "downtrend", "target_long": 9.181799999999999, "target_short": 9.0122, "vol_surge": false, "vp_poc": 9.35974, "vp_vah": 9.43066, "vp_val": 9.07606}, "KRW-SUI": {"signal": 0, "current_price": 0.9262, "ma200": 1.3953185000000001, "trend": "downtrend", "target_long": 0.9276, "target_short": 0.9108, "vol_surge": false, "vp_poc": 0.9543099999999999, "vp_vah": 0.967254, "vp_val": 0.9154779999999999}}}