{"okx": {"KRW-BTC": {"signal": 2, "current_price": 62115.4, "ma200": 74397.227, "trend": "downtrend", "target_long": 64026.840000000004, "target_short": 62705.96, "vol_surge": false, "vp_poc": 59920.827000000005, "vp_vah": 62736.063, "vp_val": 58200.405}, "KRW-ETH": {"signal": 2, "current_price": 1738.26, "ma200": 2246.8689, "trend": "downtrend", "target_long": 1793.702, "target_short": 1749.238, "vol_surge": false, "vp_poc": 1734.1924, "vp_vah": 1830.7804, "vp_val": 1689.118}, "KRW-BNB": {"signal": 2, "current_price": 563.1, "ma200": 679.5655, "trend": "downtrend", "target_long": 581.8799999999999, "target_short": 571.72, "vol_surge": false, "vp_poc": 584.723, "vp_vah": 592.535, "vp_val": 558.683}, "KRW-SOL": {"signal": 2, "current_price": 77.14, "ma200": 92.7324, "trend": "downtrend", "target_long": 81.534, "target_short": 79.56599999999999, "vol_surge": false, "vp_poc": 72.6199, "vp_vah": 77.4031, "vp_val": 64.2493}, "KRW-XRP": {"signal": 2, "current_price": 1.0811, "ma200": 1.4673444999999998, "trend": "downtrend", "target_long": 1.12976, "target_short": 1.09424, "vol_surge": false, "vp_poc": 1.136877, "vp_vah": 1.161363, "vp_val": 1.0564230000000001}, "KRW-DOGE": {"signal": 2, "current_price": 0.07168, "ma200": 0.10220325000000001, "trend": "downtrend", "target_long": 0.075562, "target_short": 0.07281800000000001, "vol_surge": false, "vp_poc": 0.073712, "vp_vah": 0.078392, "vp_val": 0.07215200000000001}, "KRW-LINK": {"signal": 2, "current_price": 7.608, "ma200": 9.64565, "trend": "downtrend", "target_long": 7.973000000000001, "target_short": 7.753, "vol_surge": false, "vp_poc": 7.88425, "vp_vah": 8.14099, "vp_val": 7.347430000000001}, "KRW-SUI": {"signal": 2, "current_price": 0.7049, "ma200": 1.052723, "trend": "downtrend", "target_long": 0.7421, "target_short": 0.7137, "vol_surge": false, "vp_poc": 0.702407, "vp_vah": 0.739171, "vp_val": 0.673521}}}