{"okx": {"KRW-BTC": {"signal": 0, "current_price": 74575.4, "ma200": 87718.78399999999, "trend": "downtrend", "target_long": 71799.52, "target_short": 69693.68000000001, "vol_surge": false, "vp_poc": 66881.798, "vp_vah": 71437.73, "vp_val": 65891.378}, "KRW-ETH": {"signal": 0, "current_price": 2375.36, "ma200": 2911.0474, "trend": "downtrend", "target_long": 2237.39, "target_short": 2145.39, "vol_surge": true, "vp_poc": 2061.5178, "vp_vah": 2225.7282, "vp_val": 2025.0266}, "KRW-BNB": {"signal": 0, "current_price": 615.9, "ma200": 842.9295000000001, "trend": "downtrend", "target_long": 599.64, "target_short": 584.7600000000001, "vol_surge": false, "vp_poc": 606.189, "vp_vah": 621.0029999999999, "vp_val": 596.313}, "KRW-SOL": {"signal": 0, "current_price": 86.47, "ma200": 130.04415, "trend": "downtrend", "target_long": 83.05, "target_short": 80.01, "vol_surge": false, "vp_poc": 82.9086, "vp_vah": 85.5934, "vp_val": 80.2238}, "KRW-XRP": {"signal": 0, "current_price": 1.3764, "ma200": 1.929285, "trend": "downtrend", "target_long": 1.33938, "target_short": 1.31002, "vol_surge": false, "vp_poc": 1.340888, "vp_vah": 1.3663599999999998, "vp_val": 1.315416}, "KRW-DOGE": {"signal": 0, "current_price": 0.09403, "ma200": 0.138521, "trend": "downtrend", "target_long": 0.09203, "target_short": 0.08967, "vol_surge": false, "vp_poc": 0.0924125, "vp_vah": 0.0938195, "vp_val": 0.09020149999999999}, "KRW-LINK": {"signal": 0, "current_price": 9.385, "ma200": 12.843824999999999, "trend": "downtrend", "target_long": 8.892, "target_short": 8.576, "vol_surge": false, "vp_poc": 8.755289999999999, "vp_vah": 9.12013, "vp_val": 8.52075}, "KRW-SUI": {"signal": 0, "current_price": 0.9591, "ma200": 1.6151355, "trend": "downtrend", "target_long": 0.91992, "target_short": 0.88248, "vol_surge": false, "vp_poc": 0.872004, "vp_vah": 0.935524, "vp_val": 0.846596}}}