{"okx": {"KRW-BTC": {"signal": 0, "current_price": 70646.0, "ma200": 92385.608, "trend": "downtrend", "target_long": 68749.98000000001, "target_short": 66970.22, "vol_surge": false, "vp_poc": 70710.095, "vp_vah": 72373.375, "vp_val": 67591.445}, "KRW-ETH": {"signal": 0, "current_price": 2153.6, "ma200": 3148.7610000000004, "trend": "downtrend", "target_long": 2094.362, "target_short": 2013.4579999999999, "vol_surge": false, "vp_poc": 2077.0305, "vp_vah": 2201.1103000000003, "vp_val": 1981.5845}, "KRW-BNB": {"signal": 0, "current_price": 637.1, "ma200": 878.0814999999999, "trend": "downtrend", "target_long": 632.96, "target_short": 620.24, "vol_surge": false, "vp_poc": 646.951, "vp_vah": 664.529, "vp_val": 626.1769999999999}, "KRW-SOL": {"signal": 0, "current_price": 91.44, "ma200": 144.9464, "trend": "downtrend", "target_long": 87.852, "target_short": 84.588, "vol_surge": false, "vp_poc": 87.3863, "vp_vah": 92.2667, "vp_val": 84.9461}, "KRW-XRP": {"signal": 0, "current_price": 1.4327, "ma200": 2.098786, "trend": "downtrend", "target_long": 1.40692, "target_short": 1.36308, "vol_surge": true, "vp_poc": 1.4044660000000002, "vp_vah": 1.461546, "vp_val": 1.358802}, "KRW-DOGE": {"signal": 0, "current_price": 0.09487, "ma200": 0.1554531, "trend": "downtrend", "target_long": 0.091654, "target_short": 0.088686, "vol_surge": false, "vp_poc": 0.094623, "vp_vah": 0.09821099999999999, "vp_val": 0.08959980000000001}, "KRW-ADA": {"signal": 0, "current_price": 0.2605, "ma200": 0.483089, "trend": "downtrend", "target_long": 0.25561999999999996, "target_short": 0.24578, "vol_surge": false, "vp_poc": 0.265266, "vp_vah": 0.276134, "vp_val": 0.252422}, "KRW-AVAX": {"signal": 0, "current_price": 9.458, "ma200": 16.186760000000003, "trend": "downtrend", "target_long": 9.216, "target_short": 8.836, "vol_surge": false, "vp_poc": 9.51925, "vp_vah": 10.041450000000001, "vp_val": 9.18355}, "KRW-LINK": {"signal": 0, "current_price": 9.123, "ma200": 14.340265000000002, "trend": "downtrend", "target_long": 8.8468, "target_short": 8.529200000000001, "vol_surge": false, "vp_poc": 9.08349, "vp_vah": 9.42129, "vp_val": 8.67813}, "KRW-DOT": {"signal": 0, "current_price": 1.421, "ma200": 2.44626, "trend": "downtrend", "target_long": 1.4494, "target_short": 1.3766, "vol_surge": false, "vp_poc": 1.50824, "vp_vah": 1.54576, "vp_val": 1.4332}, "KRW-TON": {"signal": 0, "current_price": 1.303, "ma200": 1.87295, "trend": "downtrend", "target_long": 1.263, "target_short": 1.2389999999999999, "vol_surge": false, "vp_poc": 1.30588, "vp_vah": 1.35292, "vp_val": 1.2902}, "KRW-MATIC": {"signal": 0, "current_price": 0.096, "ma200": 0.15222005, "trend": "downtrend", "target_long": 0.093732, "target_short": 0.090628, "vol_surge": false, "vp_poc": 0.0966332, "vp_vah": 0.100934, "vp_val": 0.0954044}, "KRW-UNI": {"signal": 0, "current_price": 3.573, "ma200": 5.822715, "trend": "downtrend", "target_long": 3.5236, "target_short": 3.4204, "vol_surge": false, "vp_poc": 3.97729, "vp_vah": 4.185029999999999, "vp_val": 3.80151}, "KRW-LTC": {"signal": 0, "current_price": 55.3, "ma200": 82.09334999999999, "trend": "downtrend", "target_long": 54.328, "target_short": 52.712, "vol_surge": false, "vp_poc": 54.745999999999995, "vp_vah": 56.67, "vp_val": 53.562}, "KRW-BCH": {"signal": 0, "current_price": 477.6, "ma200": 545.5685000000001, "trend": "downtrend", "target_long": 472.96, "target_short": 461.84, "vol_surge": false, "vp_poc": 460.395, "vp_vah": 472.641, "vp_val": 450.033}, "KRW-APT": {"signal": 0, "current_price": 1.0081, "ma200": 2.369707, "trend": "downtrend", "target_long": 0.9584199999999999, "target_short": 0.89858, "vol_surge": true, "vp_poc": 0.9876240000000001, "vp_vah": 1.0181520000000002, "vp_val": 0.941832}, "KRW-NEAR": {"signal": 0, "current_price": 1.303, "ma200": 1.87363, "trend": "downtrend", "target_long": 1.292, "target_short": 1.256, "vol_surge": false, "vp_poc": 1.32746, "vp_vah": 1.3661, "vp_val": 1.21798}, "KRW-OP": {"signal": 2, "current_price": 0.1138, "ma200": 0.364496, "trend": "downtrend", "target_long": 0.11782000000000001, "target_short": 0.11198, "vol_surge": false, "vp_poc": 0.125728, "vp_vah": 0.128992, "vp_val": 0.11593600000000001}, "KRW-ARB": {"signal": 0, "current_price": 0.09468, "ma200": 0.24195755, "trend": "downtrend", "target_long": 0.09499, "target_short": 0.09007, "vol_surge": false, "vp_poc": 0.1010903, "vp_vah": 0.10559370000000001, "vp_val": 0.0957681}, "KRW-SUI": {"signal": 0, "current_price": 0.9534, "ma200": 1.8924880000000002, "trend": "downtrend", "target_long": 0.92664, "target_short": 0.88416, "vol_surge": false, "vp_poc": 0.9683649999999999, "vp_vah": 1.034215, "vp_val": 0.9244649999999999}}}