{"okx": {"KRW-BTC": {"signal": 2, "current_price": 60847.5, "ma200": 78652.582, "trend": "downtrend", "target_long": 63006.68, "target_short": 59110.12, "vol_surge": false, "vp_poc": 77245.56, "vp_vah": 78009.112, "vp_val": 65792.28}, "KRW-ETH": {"signal": 2, "current_price": 1562.59, "ma200": 2457.71825, "trend": "downtrend", "target_long": 1677.85, "target_short": 1489.33, "vol_surge": false, "vp_poc": 2111.8667, "vp_vah": 2151.0581, "vp_val": 1772.2079}, "KRW-BNB": {"signal": 0, "current_price": 576.5, "ma200": 726.2455, "trend": "downtrend", "target_long": 592.76, "target_short": 551.6400000000001, "vol_surge": false, "vp_poc": 656.876, "vp_vah": 728.7719999999999, "vp_val": 634.172}, "KRW-SOL": {"signal": 2, "current_price": 62.27, "ma200": 102.42835, "trend": "downtrend", "target_long": 66.696, "target_short": 60.584, "vol_surge": false, "vp_poc": 85.5081, "vp_vah": 87.7409, "vp_val": 70.9949}, "KRW-XRP": {"signal": 0, "current_price": 1.0982, "ma200": 1.6160629999999998, "trend": "downtrend", "target_long": 1.1400000000000001, "target_short": 1.0556, "vol_surge": false, "vp_poc": 1.3639480000000002, "vp_vah": 1.3992680000000002, "vp_val": 1.2085400000000002}, "KRW-DOGE": {"signal": 0, "current_price": 0.08182, "ma200": 0.11208135000000001, "trend": "downtrend", "target_long": 0.085432, "target_short": 0.07756800000000001, "vol_surge": false, "vp_poc": 0.103765, "vp_vah": 0.108805, "vp_val": 0.09179499999999999}, "KRW-LINK": {"signal": 0, "current_price": 7.392, "ma200": 10.515014999999998, "trend": "downtrend", "target_long": 7.736, "target_short": 6.9959999999999996, "vol_surge": false, "vp_poc": 9.51903, "vp_vah": 9.823129999999999, "vp_val": 8.606729999999999}, "KRW-SUI": {"signal": 0, "current_price": 0.7192, "ma200": 1.1796285, "trend": "downtrend", "target_long": 0.7422799999999999, "target_short": 0.66372, "vol_surge": false, "vp_poc": 1.0489640000000002, "vp_vah": 1.159668, "vp_val": 0.817492}}}