{"okx": {"KRW-BTC": {"signal": 0, "current_price": 68141.4, "ma200": 90365.531, "trend": "downtrend", "target_long": 69313.09999999999, "target_short": 67242.7, "vol_surge": false, "vp_poc": 71056.49, "vp_vah": 71937.43400000001, "vp_val": 66651.77}, "KRW-ETH": {"signal": 0, "current_price": 2128.29, "ma200": 3043.3886500000003, "trend": "downtrend", "target_long": 2150.5020000000004, "target_short": 2060.718, "vol_surge": false, "vp_poc": 2167.2837, "vp_vah": 2194.2159, "vp_val": 2014.6679}, "KRW-BNB": {"signal": 0, "current_price": 613.7, "ma200": 866.0065000000001, "trend": "downtrend", "target_long": 625.8199999999999, "target_short": 609.1800000000001, "vol_surge": false, "vp_poc": 639.364, "vp_vah": 677.6680000000001, "vp_val": 624.7719999999999}, "KRW-SOL": {"signal": 0, "current_price": 83.95, "ma200": 138.87994999999998, "trend": "downtrend", "target_long": 85.004, "target_short": 81.396, "vol_surge": false, "vp_poc": 88.4629, "vp_vah": 95.2273, "vp_val": 85.45649999999999}, "KRW-XRP": {"signal": 0, "current_price": 1.3485, "ma200": 2.026412, "trend": "downtrend", "target_long": 1.35944, "target_short": 1.32256, "vol_surge": false, "vp_poc": 1.404235, "vp_vah": 1.460413, "vp_val": 1.3293309999999998}, "KRW-DOGE": {"signal": 0, "current_price": 0.09257, "ma200": 0.14854694999999998, "trend": "downtrend", "target_long": 0.093712, "target_short": 0.090928, "vol_surge": false, "vp_poc": 0.094696, "vp_vah": 0.097352, "vp_val": 0.08938399999999999}, "KRW-LINK": {"signal": 0, "current_price": 8.984, "ma200": 13.68145, "trend": "downtrend", "target_long": 8.9346, "target_short": 8.627400000000002, "vol_surge": false, "vp_poc": 9.118649999999999, "vp_vah": 9.495650000000001, "vp_val": 8.59085}, "KRW-SUI": {"signal": 0, "current_price": 0.8964, "ma200": 1.7733715, "trend": "downtrend", "target_long": 0.8926, "target_short": 0.8638, "vol_surge": false, "vp_poc": 0.9494990000000001, "vp_vah": 1.0184250000000001, "vp_val": 0.854063}}}