{"okx": {"KRW-BTC": {"signal": 2, "current_price": 60819.0, "ma200": 76348.80050000001, "trend": "downtrend", "target_long": 63670.42, "target_short": 61792.58, "vol_surge": false, "vp_poc": 63449.29, "vp_vah": 64268.590000000004, "vp_val": 60991.39}, "KRW-ETH": {"signal": 2, "current_price": 1609.76, "ma200": 2344.0689500000003, "trend": "downtrend", "target_long": 1707.6960000000001, "target_short": 1626.704, "vol_surge": false, "vp_poc": 1707.95, "vp_vah": 1776.95, "vp_val": 1645.8500000000001}, "KRW-BNB": {"signal": 2, "current_price": 560.6, "ma200": 701.1675, "trend": "downtrend", "target_long": 587.14, "target_short": 569.0600000000001, "vol_surge": false, "vp_poc": 601.5360000000001, "vp_vah": 608.512, "vp_val": 573.6320000000001}, "KRW-SOL": {"signal": 2, "current_price": 67.41, "ma200": 96.47364999999999, "trend": "downtrend", "target_long": 71.264, "target_short": 68.13600000000001, "vol_surge": false, "vp_poc": 66.98140000000001, "vp_vah": 71.1362, "vp_val": 62.1874}, "KRW-XRP": {"signal": 2, "current_price": 1.0702, "ma200": 1.529483, "trend": "downtrend", "target_long": 1.12692, "target_short": 1.0934800000000002, "vol_surge": false, "vp_poc": 1.137664, "vp_vah": 1.177216, "vp_val": 1.093168}, "KRW-DOGE": {"signal": 2, "current_price": 0.07539, "ma200": 0.10645534999999999, "trend": "downtrend", "target_long": 0.080668, "target_short": 0.07713199999999999, "vol_surge": false, "vp_poc": 0.08639540000000001, "vp_vah": 0.0887546, "vp_val": 0.08207020000000001}, "KRW-LINK": {"signal": 2, "current_price": 7.387, "ma200": 10.04209, "trend": "downtrend", "target_long": 7.8072, "target_short": 7.460800000000001, "vol_surge": false, "vp_poc": 7.88655, "vp_vah": 8.048649999999999, "vp_val": 7.43267}, "KRW-SUI": {"signal": 2, "current_price": 0.6823, "ma200": 1.109824, "trend": "downtrend", "target_long": 0.72694, "target_short": 0.68166, "vol_surge": false, "vp_poc": 0.75664, "vp_vah": 0.7707200000000001, "vp_val": 0.6968000000000001}}}