{"okx": {"KRW-BTC": {"signal": 0, "current_price": 75647.4, "ma200": 80168.6895, "trend": "downtrend", "target_long": 76903.56, "target_short": 74980.44, "vol_surge": false, "vp_poc": 76969.55000000002, "vp_vah": 80091.25, "vp_val": 75490.85}, "KRW-ETH": {"signal": 2, "current_price": 2069.64, "ma200": 2528.42405, "trend": "downtrend", "target_long": 2108.098, "target_short": 2040.0020000000002, "vol_surge": false, "vp_poc": 2109.4955, "vp_vah": 2274.3414999999995, "vp_val": 2057.0445}, "KRW-BNB": {"signal": 0, "current_price": 654.1, "ma200": 741.3315000000001, "trend": "downtrend", "target_long": 662.48, "target_short": 650.72, "vol_surge": false, "vp_poc": 655.923, "vp_vah": 672.633, "vp_val": 645.897}, "KRW-SOL": {"signal": 2, "current_price": 83.59, "ma200": 106.0381, "trend": "downtrend", "target_long": 84.92, "target_short": 82.52, "vol_surge": false, "vp_poc": 85.63, "vp_vah": 92.42999999999999, "vp_val": 83.25}, "KRW-XRP": {"signal": 2, "current_price": 1.3273, "ma200": 1.6695455, "trend": "downtrend", "target_long": 1.34442, "target_short": 1.31378, "vol_surge": false, "vp_poc": 1.353648, "vp_vah": 1.453168, "vp_val": 1.3337439999999998}, "KRW-DOGE": {"signal": 0, "current_price": 0.10117, "ma200": 0.1157001, "trend": "downtrend", "target_long": 0.10249599999999999, "target_short": 0.099624, "vol_surge": false, "vp_poc": 0.10372600000000001, "vp_vah": 0.111934, "vp_val": 0.101998}, "KRW-LINK": {"signal": 0, "current_price": 9.392, "ma200": 10.822284999999999, "trend": "downtrend", "target_long": 9.525799999999998, "target_short": 9.2522, "vol_surge": false, "vp_poc": 9.54705, "vp_vah": 10.30935, "vp_val": 9.32925}, "KRW-SUI": {"signal": 0, "current_price": 0.9986, "ma200": 1.2312795, "trend": "downtrend", "target_long": 1.0248, "target_short": 0.9771999999999998, "vol_surge": false, "vp_poc": 1.053323, "vp_vah": 1.2267169999999998, "vp_val": 0.998567}}}