{"okx": {"KRW-BTC": {"signal": 0, "current_price": 73610.0, "ma200": 79845.195, "trend": "downtrend", "target_long": 74424.13999999998, "target_short": 72819.66, "vol_surge": false, "vp_poc": 77034.375, "vp_vah": 79210.065, "vp_val": 72682.995}, "KRW-ETH": {"signal": 0, "current_price": 2011.21, "ma200": 2512.5492, "trend": "downtrend", "target_long": 2034.856, "target_short": 1984.704, "vol_surge": false, "vp_poc": 2113.058, "vp_vah": 2245.9475999999995, "vp_val": 1971.8627999999999}, "KRW-BNB": {"signal": 0, "current_price": 640.3, "ma200": 737.7585, "trend": "downtrend", "target_long": 646.74, "target_short": 629.8599999999999, "vol_surge": false, "vp_poc": 656.02, "vp_vah": 672.036, "vp_val": 643.6999999999999}, "KRW-SOL": {"signal": 0, "current_price": 82.15, "ma200": 105.1943, "trend": "downtrend", "target_long": 83.31200000000001, "target_short": 80.928, "vol_surge": false, "vp_poc": 85.71159999999999, "vp_vah": 91.2196, "vp_val": 80.2036}, "KRW-XRP": {"signal": 0, "current_price": 1.3197, "ma200": 1.6581645, "trend": "downtrend", "target_long": 1.34378, "target_short": 1.2872199999999998, "vol_surge": false, "vp_poc": 1.355344, "vp_vah": 1.45136, "vp_val": 1.304512}, "KRW-DOGE": {"signal": 0, "current_price": 0.09947, "ma200": 0.11488654999999999, "trend": "downtrend", "target_long": 0.10131000000000001, "target_short": 0.09783, "vol_surge": false, "vp_poc": 0.10292480000000001, "vp_vah": 0.1117728, "vp_val": 0.09938559999999999}, "KRW-LINK": {"signal": 2, "current_price": 8.995, "ma200": 10.749515, "trend": "downtrend", "target_long": 9.1588, "target_short": 8.8492, "vol_surge": false, "vp_poc": 9.54585, "vp_vah": 10.09315, "vp_val": 8.788049999999998}, "KRW-SUI": {"signal": 0, "current_price": 0.9176, "ma200": 1.2187875, "trend": "downtrend", "target_long": 0.9539, "target_short": 0.9058999999999999, "vol_surge": false, "vp_poc": 1.05099, "vp_vah": 1.25539, "vp_val": 0.9998900000000001}}}