{"okx": {"KRW-ETH": {"signal": 0, "current_price": 1661.12, "ma200": 2421.87825, "trend": "downtrend", "target_long": 1702.4279999999999, "target_short": 1644.692, "vol_surge": false, "vp_poc": 1663.7975000000001, "vp_vah": 1880.5781, "vp_val": 1510.7759}, "KRW-BNB": {"signal": 0, "current_price": 602.9, "ma200": 718.518, "trend": "downtrend", "target_long": 614.0799999999999, "target_short": 597.52, "vol_surge": false, "vp_poc": 600.116, "vp_vah": 687.1479999999999, "vp_val": 558.492}, "KRW-SOL": {"signal": 0, "current_price": 66.54, "ma200": 100.4228, "trend": "downtrend", "target_long": 68.596, "target_short": 65.244, "vol_surge": false, "vp_poc": 66.8425, "vp_vah": 75.46010000000001, "vp_val": 60.3793}, "KRW-XRP": {"signal": 0, "current_price": 1.129, "ma200": 1.5887455, "trend": "downtrend", "target_long": 1.16438, "target_short": 1.1210200000000001, "vol_surge": false, "vp_poc": 1.136405, "vp_vah": 1.284295, "vp_val": 1.052815}, "KRW-DOGE": {"signal": 0, "current_price": 0.08569, "ma200": 0.1102378, "trend": "downtrend", "target_long": 0.087742, "target_short": 0.084438, "vol_surge": false, "vp_poc": 0.085773, "vp_vah": 0.097345, "vp_val": 0.077883}, "KRW-LINK": {"signal": 0, "current_price": 7.825, "ma200": 10.36897, "trend": "downtrend", "target_long": 8.0564, "target_short": 7.7196, "vol_surge": false, "vp_poc": 7.82859, "vp_vah": 9.01175, "vp_val": 7.02189}, "KRW-SUI": {"signal": 0, "current_price": 0.7468, "ma200": 1.158403, "trend": "downtrend", "target_long": 0.77222, "target_short": 0.73758, "vol_surge": false, "vp_poc": 0.756536, "vp_vah": 0.8639680000000001, "vp_val": 0.665632}}}