{"okx": {"KRW-BTC": {"signal": 0, "current_price": 77895.5, "ma200": 80973.496, "trend": "downtrend", "target_long": 78085.3, "target_short": 77015.3, "vol_surge": false, "vp_poc": 80465.85, "vp_vah": 81959.43, "vp_val": 78157.59}, "KRW-ETH": {"signal": 0, "current_price": 2135.2, "ma200": 2568.0680500000003, "trend": "downtrend", "target_long": 2147.8599999999997, "target_short": 2111.3, "vol_surge": false, "vp_poc": 2316.4734, "vp_vah": 2420.2314, "vp_val": 2219.6326}, "KRW-BNB": {"signal": 0, "current_price": 653.0, "ma200": 750.732, "trend": "downtrend", "target_long": 655.1800000000001, "target_short": 643.8199999999999, "vol_surge": false, "vp_poc": 651.293, "vp_vah": 672.489, "vp_val": 634.6390000000001}, "KRW-SOL": {"signal": 0, "current_price": 86.66, "ma200": 108.28845, "trend": "downtrend", "target_long": 87.46600000000001, "target_short": 84.874, "vol_surge": false, "vp_poc": 84.3184, "vp_vah": 91.8784, "vp_val": 83.41120000000001}, "KRW-XRP": {"signal": 0, "current_price": 1.3765, "ma200": 1.6976705, "trend": "downtrend", "target_long": 1.38054, "target_short": 1.3536599999999999, "vol_surge": false, "vp_poc": 1.422247, "vp_vah": 1.4628670000000001, "vp_val": 1.381627}, "KRW-DOGE": {"signal": 0, "current_price": 0.10565, "ma200": 0.11770634999999999, "trend": "downtrend", "target_long": 0.104952, "target_short": 0.10248800000000001, "vol_surge": false, "vp_poc": 0.1084186, "vp_vah": 0.11444499999999999, "vp_val": 0.1074142}, "KRW-LINK": {"signal": 0, "current_price": 9.694, "ma200": 10.993905000000002, "trend": "downtrend", "target_long": 9.7592, "target_short": 9.5088, "vol_surge": false, "vp_poc": 9.44763, "vp_vah": 10.385190000000001, "vp_val": 9.33945}, "KRW-SUI": {"signal": 0, "current_price": 1.1124, "ma200": 1.261824, "trend": "downtrend", "target_long": 1.1018000000000001, "target_short": 1.0582, "vol_surge": false, "vp_poc": 1.0876299999999999, "vp_vah": 1.228134, "vp_val": 0.9170180000000001}}}