{"okx": {"KRW-BTC": {"signal": 0, "current_price": 67442.2, "ma200": 90600.26699999999, "trend": "downtrend", "target_long": 67752.64, "target_short": 65847.36, "vol_surge": false, "vp_poc": 70616.018, "vp_vah": 71937.43400000001, "vp_val": 66651.77}, "KRW-ETH": {"signal": 0, "current_price": 2056.78, "ma200": 3055.83815, "trend": "downtrend", "target_long": 2068.96, "target_short": 1984.6, "vol_surge": false, "vp_poc": 2167.2837, "vp_vah": 2203.1933, "vp_val": 2014.6679}, "KRW-BNB": {"signal": 0, "current_price": 610.8, "ma200": 867.5735, "trend": "downtrend", "target_long": 616.0, "target_short": 602.8, "vol_surge": false, "vp_poc": 644.836, "vp_vah": 674.02, "vp_val": 624.7719999999999}, "KRW-SOL": {"signal": 0, "current_price": 83.15, "ma200": 139.6719, "trend": "downtrend", "target_long": 84.096, "target_short": 81.024, "vol_surge": false, "vp_poc": 88.4629, "vp_vah": 94.0999, "vp_val": 85.45649999999999}, "KRW-XRP": {"signal": 2, "current_price": 1.3215, "ma200": 2.035168, "trend": "downtrend", "target_long": 1.34424, "target_short": 1.30416, "vol_surge": false, "vp_poc": 1.404235, "vp_vah": 1.460413, "vp_val": 1.3293309999999998}, "KRW-DOGE": {"signal": 0, "current_price": 0.09125, "ma200": 0.14952555, "trend": "downtrend", "target_long": 0.092306, "target_short": 0.089394, "vol_surge": false, "vp_poc": 0.094696, "vp_vah": 0.09768399999999999, "vp_val": 0.08971599999999999}, "KRW-LINK": {"signal": 0, "current_price": 8.701, "ma200": 13.760575000000001, "trend": "downtrend", "target_long": 8.8384, "target_short": 8.4176, "vol_surge": false, "vp_poc": 9.118649999999999, "vp_vah": 9.53335, "vp_val": 8.62855}, "KRW-SUI": {"signal": 0, "current_price": 0.8721, "ma200": 1.78793, "trend": "downtrend", "target_long": 0.88248, "target_short": 0.8455199999999999, "vol_surge": false, "vp_poc": 0.9601029999999999, "vp_vah": 1.050237, "vp_val": 0.9176869999999999}}}