{"okx": {"KRW-BTC": {"signal": 0, "current_price": 80497.1, "ma200": 82304.662, "trend": "downtrend", "target_long": 81272.98, "target_short": 79712.81999999999, "vol_surge": false, "vp_poc": 80393.527, "vp_vah": 81657.255, "vp_val": 77392.17300000001}, "KRW-ETH": {"signal": 0, "current_price": 2275.49, "ma200": 2639.4970499999995, "trend": "downtrend", "target_long": 2308.8540000000003, "target_short": 2241.206, "vol_surge": false, "vp_poc": 2311.8419999999996, "vp_vah": 2368.7828, "vp_val": 2283.3716}, "KRW-BNB": {"signal": 0, "current_price": 664.8, "ma200": 768.6585, "trend": "downtrend", "target_long": 673.3, "target_short": 656.5, "vol_surge": false, "vp_poc": 619.5500000000001, "vp_vah": 651.0500000000001, "vp_val": 614.51}, "KRW-SOL": {"signal": 0, "current_price": 94.27, "ma200": 112.48935, "trend": "downtrend", "target_long": 95.91000000000001, "target_short": 92.67, "vol_surge": false, "vp_poc": 84.29489999999998, "vp_vah": 90.4041, "vp_val": 82.9373}, "KRW-XRP": {"signal": 0, "current_price": 1.438, "ma200": 1.7436505, "trend": "downtrend", "target_long": 1.4637, "target_short": 1.4105, "vol_surge": false, "vp_poc": 1.4188450000000001, "vp_vah": 1.448023, "vp_val": 1.3831830000000003}, "KRW-DOGE": {"signal": 0, "current_price": 0.1101, "ma200": 0.12104704999999999, "trend": "downtrend", "target_long": 0.111766, "target_short": 0.10849400000000001, "vol_surge": false, "vp_poc": 0.1083539, "vp_vah": 0.11524569999999999, "vp_val": 0.1042999}, "KRW-LINK": {"signal": 0, "current_price": 10.288, "ma200": 11.31068, "trend": "downtrend", "target_long": 10.4814, "target_short": 10.092600000000001, "vol_surge": false, "vp_poc": 9.16506, "vp_vah": 10.06758, "vp_val": 9.04734}, "KRW-SUI": {"signal": 0, "current_price": 1.2374, "ma200": 1.3169285, "trend": "downtrend", "target_long": 1.27818, "target_short": 1.1984199999999998, "vol_surge": false, "vp_poc": 0.9187609999999999, "vp_vah": 1.259433, "vp_val": 0.908115}}}