{"okx": {"KRW-BTC": {"signal": 2, "current_price": 62636.5, "ma200": 78821.085, "trend": "downtrend", "target_long": 65247.32, "target_short": 62530.68, "vol_surge": false, "vp_poc": 77032.443, "vp_vah": 78430.627, "vp_val": 69342.431}, "KRW-ETH": {"signal": 2, "current_price": 1680.87, "ma200": 2466.01005, "trend": "downtrend", "target_long": 1812.164, "target_short": 1729.276, "vol_surge": false, "vp_poc": 2112.0845, "vp_vah": 2146.6787000000004, "vp_val": 1904.5193}, "KRW-BNB": {"signal": 0, "current_price": 592.9, "ma200": 728.1320000000001, "trend": "downtrend", "target_long": 619.16, "target_short": 590.0400000000001, "vol_surge": false, "vp_poc": 656.346, "vp_vah": 715.982, "vp_val": 631.79}, "KRW-SOL": {"signal": 2, "current_price": 66.65, "ma200": 102.8356, "trend": "downtrend", "target_long": 71.046, "target_short": 66.694, "vol_surge": false, "vp_poc": 84.35849999999999, "vp_vah": 87.7759, "vp_val": 78.0119}, "KRW-XRP": {"signal": 2, "current_price": 1.1375, "ma200": 1.6218564999999998, "trend": "downtrend", "target_long": 1.19722, "target_short": 1.1405800000000001, "vol_surge": false, "vp_poc": 1.365094, "vp_vah": 1.398834, "vp_val": 1.2773700000000001}, "KRW-DOGE": {"signal": 2, "current_price": 0.08492, "ma200": 0.11249789999999998, "trend": "downtrend", "target_long": 0.090994, "target_short": 0.086106, "vol_surge": false, "vp_poc": 0.1008097, "vp_vah": 0.10880989999999999, "vp_val": 0.09711729999999999}, "KRW-LINK": {"signal": 2, "current_price": 7.627, "ma200": 10.54838, "trend": "downtrend", "target_long": 8.258, "target_short": 7.774, "vol_surge": false, "vp_poc": 9.52319, "vp_vah": 9.79309, "vp_val": 8.87543}, "KRW-SUI": {"signal": 2, "current_price": 0.7209, "ma200": 1.1844655, "trend": "downtrend", "target_long": 0.7996200000000001, "target_short": 0.73378, "vol_surge": false, "vp_poc": 1.053426, "vp_vah": 1.159862, "vp_val": 0.869582}}}