{"okx": {"KRW-BTC": {"signal": 0, "current_price": 76228.1, "ma200": 84229.2825, "trend": "downtrend", "target_long": 76963.59999999999, "target_short": 74605.2, "vol_surge": false, "vp_poc": 77422.117, "vp_vah": 78499.969, "vp_val": 74547.845}, "KRW-ETH": {"signal": 0, "current_price": 2263.0, "ma200": 2745.38745, "trend": "downtrend", "target_long": 2303.7799999999997, "target_short": 2202.38, "vol_surge": false, "vp_poc": 2317.59, "vp_vah": 2381.6099999999997, "vp_val": 2276.8500000000004}, "KRW-BNB": {"signal": 2, "current_price": 616.0, "ma200": 800.2365000000001, "trend": "downtrend", "target_long": 625.16, "target_short": 609.64, "vol_surge": false, "vp_poc": 627.432, "vp_vah": 640.392, "vp_val": 615.768}, "KRW-SOL": {"signal": 0, "current_price": 83.25, "ma200": 119.06035, "trend": "downtrend", "target_long": 84.72800000000001, "target_short": 81.392, "vol_surge": false, "vp_poc": 86.11439999999999, "vp_vah": 87.0584, "vp_val": 83.2824}, "KRW-XRP": {"signal": 0, "current_price": 1.3738, "ma200": 1.8098124999999998, "trend": "downtrend", "target_long": 1.3935199999999999, "target_short": 1.34528, "vol_surge": false, "vp_poc": 1.4278849999999998, "vp_vah": 1.4469349999999999, "vp_val": 1.359305}, "KRW-DOGE": {"signal": 0, "current_price": 0.10628, "ma200": 0.1266117, "trend": "downtrend", "target_long": 0.10928399999999999, "target_short": 0.098916, "vol_surge": false, "vp_poc": 0.09752029999999999, "vp_vah": 0.09971129999999999, "vp_val": 0.0927001}, "KRW-LINK": {"signal": 0, "current_price": 9.155, "ma200": 11.825705000000001, "trend": "downtrend", "target_long": 9.314, "target_short": 8.91, "vol_surge": false, "vp_poc": 9.35931, "vp_vah": 9.47761, "vp_val": 9.07539}, "KRW-SUI": {"signal": 0, "current_price": 0.9093, "ma200": 1.415154, "trend": "downtrend", "target_long": 0.92966, "target_short": 0.88454, "vol_surge": false, "vp_poc": 0.9543099999999999, "vp_vah": 0.967254, "vp_val": 0.9187139999999999}}}