{"okx": {"KRW-BTC": {"signal": 0, "current_price": 77615.0, "ma200": 85224.166, "trend": "downtrend", "target_long": 77937.73999999999, "target_short": 76889.26000000001, "vol_surge": false, "vp_poc": 74886.742, "vp_vah": 78406.402, "vp_val": 72305.65800000001}, "KRW-ETH": {"signal": 0, "current_price": 2318.16, "ma200": 2791.0684, "trend": "downtrend", "target_long": 2330.084, "target_short": 2300.076, "vol_surge": false, "vp_poc": 2323.9385, "vp_vah": 2388.8809, "vp_val": 2210.2893}, "KRW-BNB": {"signal": 0, "current_price": 637.4, "ma200": 815.2025, "trend": "downtrend", "target_long": 639.6400000000001, "target_short": 632.76, "vol_surge": false, "vp_poc": 636.504, "vp_vah": 640.392, "vp_val": 606.696}, "KRW-SOL": {"signal": 0, "current_price": 86.28, "ma200": 122.01244999999999, "trend": "downtrend", "target_long": 86.966, "target_short": 85.37400000000001, "vol_surge": false, "vp_poc": 85.178, "vp_vah": 86.9084, "vp_val": 82.4588}, "KRW-XRP": {"signal": 0, "current_price": 1.4365, "ma200": 1.8398745000000003, "trend": "downtrend", "target_long": 1.44414, "target_short": 1.42246, "vol_surge": false, "vp_poc": 1.352923, "vp_vah": 1.4302869999999999, "vp_val": 1.3228369999999998}, "KRW-DOGE": {"signal": 0, "current_price": 0.09858, "ma200": 0.12952325, "trend": "downtrend", "target_long": 0.09949599999999999, "target_short": 0.097344, "vol_surge": false, "vp_poc": 0.0929825, "vp_vah": 0.0976375, "vp_val": 0.0922475}, "KRW-LINK": {"signal": 0, "current_price": 9.423, "ma200": 12.084715000000001, "trend": "downtrend", "target_long": 9.457, "target_short": 9.297, "vol_surge": false, "vp_poc": 9.285250000000001, "vp_vah": 9.44065, "vp_val": 8.948550000000001}, "KRW-SUI": {"signal": 0, "current_price": 0.9509, "ma200": 1.466559, "trend": "downtrend", "target_long": 0.9535399999999999, "target_short": 0.93826, "vol_surge": false, "vp_poc": 0.9528949999999999, "vp_vah": 0.9750349999999999, "vp_val": 0.919685}}}