{"okx": {"KRW-BTC": {"signal": 0, "current_price": 64491.5, "ma200": 73672.062, "trend": "downtrend", "target_long": 63370.06, "target_short": 61294.14, "vol_surge": false, "vp_poc": 63057.808, "vp_vah": 64495.728, "vp_val": 60038.176}, "KRW-ETH": {"signal": 0, "current_price": 1875.83, "ma200": 2212.05965, "trend": "downtrend", "target_long": 1815.056, "target_short": 1738.2240000000002, "vol_surge": false, "vp_poc": 1779.6745, "vp_vah": 1839.9865, "vp_val": 1659.0504999999998}, "KRW-BNB": {"signal": 0, "current_price": 580.5, "ma200": 671.4390000000001, "trend": "downtrend", "target_long": 574.7, "target_short": 560.7, "vol_surge": false, "vp_poc": 575.978, "vp_vah": 582.722, "vp_val": 555.746}, "KRW-SOL": {"signal": 0, "current_price": 76.98, "ma200": 91.3409, "trend": "downtrend", "target_long": 76.658, "target_short": 73.36200000000001, "vol_surge": false, "vp_poc": 77.4031, "vp_vah": 80.9905, "vp_val": 70.6269}, "KRW-XRP": {"signal": 0, "current_price": 1.1125, "ma200": 1.4440025, "trend": "downtrend", "target_long": 1.08726, "target_short": 1.04774, "vol_surge": false, "vp_poc": 1.098399, "vp_vah": 1.119387, "vp_val": 1.035435}, "KRW-DOGE": {"signal": 0, "current_price": 0.07419, "ma200": 0.10056595, "trend": "downtrend", "target_long": 0.073308, "target_short": 0.07069199999999999, "vol_surge": false, "vp_poc": 0.07335710000000001, "vp_vah": 0.07612630000000001, "vp_val": 0.07197250000000001}, "KRW-LINK": {"signal": 0, "current_price": 8.29, "ma200": 9.515039999999999, "trend": "downtrend", "target_long": 8.024799999999999, "target_short": 7.7512, "vol_surge": false, "vp_poc": 7.91575, "vp_vah": 8.16685, "vp_val": 7.35775}, "KRW-SUI": {"signal": 0, "current_price": 0.7595, "ma200": 1.032158, "trend": "downtrend", "target_long": 0.73788, "target_short": 0.70612, "vol_surge": false, "vp_poc": 0.731293, "vp_vah": 0.765431, "vp_val": 0.694529}}}