{"okx": {"KRW-BTC": {"signal": 0, "current_price": 68714.1, "ma200": 89155.16050000001, "trend": "downtrend", "target_long": 70039.52, "target_short": 68020.48, "vol_surge": false, "vp_poc": 68577.382, "vp_vah": 71284.59, "vp_val": 67223.778}, "KRW-ETH": {"signal": 0, "current_price": 2099.26, "ma200": 2981.3452500000003, "trend": "downtrend", "target_long": 2150.7239999999997, "target_short": 2069.2760000000003, "vol_surge": false, "vp_poc": 2156.5292, "vp_vah": 2172.9948, "vp_val": 2041.27}, "KRW-BNB": {"signal": 0, "current_price": 599.3, "ma200": 856.952, "trend": "downtrend", "target_long": 608.44, "target_short": 594.76, "vol_surge": false, "vp_poc": 639.44, "vp_vah": 652.112, "vp_val": 603.5360000000001}, "KRW-SOL": {"signal": 0, "current_price": 79.93, "ma200": 134.85915, "trend": "downtrend", "target_long": 83.334, "target_short": 80.446, "vol_surge": false, "vp_poc": 81.4375, "vp_vah": 89.3965, "vp_val": 79.1635}, "KRW-XRP": {"signal": 0, "current_price": 1.3198, "ma200": 1.9833075000000002, "trend": "downtrend", "target_long": 1.34782, "target_short": 1.30518, "vol_surge": false, "vp_poc": 1.3183699999999998, "vp_vah": 1.42389, "vp_val": 1.307818}, "KRW-DOGE": {"signal": 0, "current_price": 0.09042, "ma200": 0.14394205, "trend": "downtrend", "target_long": 0.093476, "target_short": 0.091284, "vol_surge": false, "vp_poc": 0.0919384, "vp_vah": 0.094172, "vp_val": 0.089984}, "KRW-LINK": {"signal": 0, "current_price": 8.779, "ma200": 13.300314999999998, "trend": "downtrend", "target_long": 8.979199999999999, "target_short": 8.6648, "vol_surge": false, "vp_poc": 8.76623, "vp_vah": 9.18167, "vp_val": 8.52389}, "KRW-SUI": {"signal": 0, "current_price": 0.8736, "ma200": 1.7027065, "trend": "downtrend", "target_long": 0.88534, "target_short": 0.85686, "vol_surge": false, "vp_poc": 0.8725, "vp_vah": 0.9507000000000001, "vp_val": 0.8449}}}