{"okx": {"KRW-BTC": {"signal": 0, "current_price": 79412.3, "ma200": 82299.238, "trend": "downtrend", "target_long": 81272.98, "target_short": 79712.81999999999, "vol_surge": false, "vp_poc": 80393.527, "vp_vah": 81657.255, "vp_val": 77550.139}, "KRW-ETH": {"signal": 0, "current_price": 2260.04, "ma200": 2639.4197999999997, "trend": "downtrend", "target_long": 2308.8540000000003, "target_short": 2241.206, "vol_surge": false, "vp_poc": 2311.8419999999996, "vp_vah": 2356.5811999999996, "vp_val": 2267.1027999999997}, "KRW-BNB": {"signal": 0, "current_price": 672.5, "ma200": 768.6970000000001, "trend": "downtrend", "target_long": 673.3, "target_short": 656.5, "vol_surge": true, "vp_poc": 619.941, "vp_vah": 653.249, "vp_val": 615.3990000000001}, "KRW-SOL": {"signal": 0, "current_price": 91.21, "ma200": 112.47405, "trend": "downtrend", "target_long": 95.91000000000001, "target_short": 92.67, "vol_surge": false, "vp_poc": 84.29489999999998, "vp_vah": 91.0829, "vp_val": 82.2585}, "KRW-XRP": {"signal": 2, "current_price": 1.4224, "ma200": 1.7435725, "trend": "downtrend", "target_long": 1.4637, "target_short": 1.4105, "vol_surge": false, "vp_poc": 1.4188450000000001, "vp_vah": 1.448023, "vp_val": 1.3831830000000003}, "KRW-DOGE": {"signal": 0, "current_price": 0.11377, "ma200": 0.12106539999999999, "trend": "downtrend", "target_long": 0.111766, "target_short": 0.10849400000000001, "vol_surge": false, "vp_poc": 0.1083539, "vp_vah": 0.11443489999999999, "vp_val": 0.1042999}, "KRW-LINK": {"signal": 0, "current_price": 10.199, "ma200": 11.310235, "trend": "downtrend", "target_long": 10.4814, "target_short": 10.092600000000001, "vol_surge": false, "vp_poc": 9.16506, "vp_vah": 10.1853, "vp_val": 9.04734}, "KRW-SUI": {"signal": 0, "current_price": 1.2064, "ma200": 1.3167734999999998, "trend": "downtrend", "target_long": 1.27818, "target_short": 1.1984199999999998, "vol_surge": false, "vp_poc": 0.9187609999999999, "vp_vah": 1.2487869999999999, "vp_val": 0.908115}}}