{"okx": {"KRW-BTC": {"signal": 0, "current_price": 78838.5, "ma200": 83565.735, "trend": "downtrend", "target_long": 79131.96, "target_short": 78022.04, "vol_surge": false, "vp_poc": 77328.36, "vp_vah": 78645.81599999999, "vp_val": 75425.368}, "KRW-ETH": {"signal": 0, "current_price": 2335.52, "ma200": 2710.4808000000003, "trend": "downtrend", "target_long": 2346.724, "target_short": 2299.5159999999996, "vol_surge": false, "vp_poc": 2321.0546999999997, "vp_vah": 2375.1021, "vp_val": 2286.6609}, "KRW-BNB": {"signal": 0, "current_price": 622.8, "ma200": 788.543, "trend": "downtrend", "target_long": 620.5600000000001, "target_short": 614.64, "vol_surge": false, "vp_poc": 619.319, "vp_vah": 636.001, "vp_val": 615.807}, "KRW-SOL": {"signal": 0, "current_price": 83.98, "ma200": 116.78984999999999, "trend": "downtrend", "target_long": 84.472, "target_short": 83.36800000000001, "vol_surge": false, "vp_poc": 84.6755, "vp_vah": 87.1013, "vp_val": 83.3693}, "KRW-XRP": {"signal": 0, "current_price": 1.3935, "ma200": 1.788347, "trend": "downtrend", "target_long": 1.39712, "target_short": 1.3788799999999999, "vol_surge": false, "vp_poc": 1.4294890000000002, "vp_vah": 1.449157, "vp_val": 1.383597}, "KRW-DOGE": {"signal": 0, "current_price": 0.11061, "ma200": 0.12477775, "trend": "downtrend", "target_long": 0.109304, "target_short": 0.10729599999999999, "vol_surge": false, "vp_poc": 0.0982767, "vp_vah": 0.1037913, "vp_val": 0.09276209999999999}, "KRW-LINK": {"signal": 0, "current_price": 9.385, "ma200": 11.637205, "trend": "downtrend", "target_long": 9.192400000000001, "target_short": 9.0676, "vol_surge": true, "vp_poc": 9.36026, "vp_vah": 9.436900000000001, "vp_val": 9.09202}, "KRW-SUI": {"signal": 0, "current_price": 0.9259, "ma200": 1.378577, "trend": "downtrend", "target_long": 0.9279000000000001, "target_short": 0.9127, "vol_surge": false, "vp_poc": 0.9543099999999999, "vp_vah": 0.967254, "vp_val": 0.9154779999999999}}}