{"okx": {"KRW-BTC": {"signal": 0, "current_price": 76727.9, "ma200": 84776.27050000001, "trend": "downtrend", "target_long": 79295.86, "target_short": 78002.74, "vol_surge": false, "vp_poc": 77412.273, "vp_vah": 78495.261, "vp_val": 73260.819}, "KRW-ETH": {"signal": 0, "current_price": 2281.7, "ma200": 2769.8605, "trend": "downtrend", "target_long": 2398.652, "target_short": 2340.068, "vol_surge": false, "vp_poc": 2321.0002999999997, "vp_vah": 2401.2129, "vp_val": 2259.2982999999995}, "KRW-BNB": {"signal": 0, "current_price": 622.8, "ma200": 808.6355, "trend": "downtrend", "target_long": 640.1, "target_short": 631.3000000000001, "vol_surge": false, "vp_poc": 632.616, "vp_vah": 640.392, "vp_val": 610.5840000000001}, "KRW-SOL": {"signal": 0, "current_price": 84.39, "ma200": 120.6185, "trend": "downtrend", "target_long": 87.52600000000001, "target_short": 86.334, "vol_surge": false, "vp_poc": 85.548, "vp_vah": 87.0584, "vp_val": 83.2824}, "KRW-XRP": {"signal": 0, "current_price": 1.3926, "ma200": 1.8255185, "trend": "downtrend", "target_long": 1.4380000000000002, "target_short": 1.4236, "vol_surge": false, "vp_poc": 1.4278849999999998, "vp_vah": 1.450745, "vp_val": 1.355495}, "KRW-DOGE": {"signal": 0, "current_price": 0.09768, "ma200": 0.12798400000000001, "trend": "downtrend", "target_long": 0.100202, "target_short": 0.098258, "vol_surge": false, "vp_poc": 0.09516079999999999, "vp_vah": 0.09801199999999999, "vp_val": 0.0925472}, "KRW-LINK": {"signal": 0, "current_price": 9.216, "ma200": 11.95471, "trend": "downtrend", "target_long": 9.5782, "target_short": 9.3878, "vol_surge": false, "vp_poc": 9.35931, "vp_vah": 9.47761, "vp_val": 9.02807}, "KRW-SUI": {"signal": 0, "current_price": 0.9232, "ma200": 1.441128, "trend": "downtrend", "target_long": 0.9529799999999999, "target_short": 0.9380200000000001, "vol_surge": false, "vp_poc": 0.9540569999999999, "vp_vah": 0.968687, "vp_val": 0.924797}}}