{"okx": {"KRW-BTC": {"signal": 2, "current_price": 65851.4, "ma200": 79129.464, "trend": "downtrend", "target_long": 68843.94, "target_short": 64671.060000000005, "vol_surge": false, "vp_poc": 76964.567, "vp_vah": 78910.69099999999, "vp_val": 73396.67300000001}, "KRW-ETH": {"signal": 2, "current_price": 1823.36, "ma200": 2479.4378, "trend": "downtrend", "target_long": 1927.114, "target_short": 1792.7060000000001, "vol_surge": false, "vp_poc": 2109.4512999999997, "vp_vah": 2148.5977000000003, "vp_val": 1982.2255}, "KRW-BNB": {"signal": 0, "current_price": 625.6, "ma200": 731.3394999999999, "trend": "downtrend", "target_long": 672.0799999999999, "target_short": 629.52, "vol_surge": false, "vp_poc": 656.482, "vp_vah": 704.2860000000001, "vp_val": 636.354}, "KRW-SOL": {"signal": 2, "current_price": 72.58, "ma200": 103.5037, "trend": "downtrend", "target_long": 77.662, "target_short": 70.798, "vol_surge": false, "vp_poc": 85.44300000000001, "vp_vah": 87.505, "vp_val": 80.9066}, "KRW-XRP": {"signal": 0, "current_price": 1.2158, "ma200": 1.6322924999999997, "trend": "downtrend", "target_long": 1.25302, "target_short": 1.17078, "vol_surge": false, "vp_poc": 1.354418, "vp_vah": 1.397902, "vp_val": 1.286086}, "KRW-DOGE": {"signal": 2, "current_price": 0.09194, "ma200": 0.11318705, "trend": "downtrend", "target_long": 0.09676599999999999, "target_short": 0.08873400000000001, "vol_surge": false, "vp_poc": 0.1006957, "vp_vah": 0.1065499, "vp_val": 0.09697030000000001}, "KRW-LINK": {"signal": 2, "current_price": 8.268, "ma200": 10.605169999999998, "trend": "downtrend", "target_long": 8.706399999999999, "target_short": 8.0456, "vol_surge": false, "vp_poc": 9.531880000000001, "vp_vah": 9.81796, "vp_val": 9.05508}, "KRW-SUI": {"signal": 0, "current_price": 0.8146, "ma200": 1.193459, "trend": "downtrend", "target_long": 0.8442799999999999, "target_short": 0.77292, "vol_surge": false, "vp_poc": 1.0479180000000001, "vp_vah": 1.195014, "vp_val": 0.925338}}}