{"okx": {"KRW-BTC": {"signal": 2, "current_price": 63469.3, "ma200": 78825.24900000001, "trend": "downtrend", "target_long": 65247.32, "target_short": 62530.68, "vol_surge": false, "vp_poc": 77053.764, "vp_vah": 78088.188, "vp_val": 70847.22}, "KRW-ETH": {"signal": 2, "current_price": 1758.77, "ma200": 2466.39955, "trend": "downtrend", "target_long": 1812.164, "target_short": 1729.276, "vol_surge": false, "vp_poc": 2107.0717000000004, "vp_vah": 2155.2287, "vp_val": 1972.2321000000002}, "KRW-BNB": {"signal": 0, "current_price": 601.6, "ma200": 728.1755, "trend": "downtrend", "target_long": 619.16, "target_short": 590.0400000000001, "vol_surge": false, "vp_poc": 655.911, "vp_vah": 712.683, "vp_val": 633.833}, "KRW-SOL": {"signal": 2, "current_price": 68.68, "ma200": 102.84575000000001, "trend": "downtrend", "target_long": 71.046, "target_short": 66.694, "vol_surge": false, "vp_poc": 85.6715, "vp_vah": 87.3795, "vp_val": 80.12049999999999}, "KRW-XRP": {"signal": 2, "current_price": 1.158, "ma200": 1.621959, "trend": "downtrend", "target_long": 1.19722, "target_short": 1.1405800000000001, "vol_surge": false, "vp_poc": 1.3572250000000001, "vp_vah": 1.3975309999999999, "vp_val": 1.293887}, "KRW-DOGE": {"signal": 2, "current_price": 0.08797, "ma200": 0.11251315, "trend": "downtrend", "target_long": 0.090994, "target_short": 0.086106, "vol_surge": false, "vp_poc": 0.100633, "vp_vah": 0.10658619999999999, "vp_val": 0.0968446}, "KRW-LINK": {"signal": 2, "current_price": 7.985, "ma200": 10.550170000000001, "trend": "downtrend", "target_long": 8.258, "target_short": 7.774, "vol_surge": false, "vp_poc": 9.52034, "vp_vah": 9.78938, "vp_val": 8.93742}, "KRW-SUI": {"signal": 2, "current_price": 0.7608, "ma200": 1.1846649999999999, "trend": "downtrend", "target_long": 0.7996200000000001, "target_short": 0.73378, "vol_surge": false, "vp_poc": 1.052272, "vp_vah": 1.160536, "vp_val": 0.885712}}}