{"okx": {"KRW-BTC": {"signal": 2, "current_price": 62242.9, "ma200": 74397.8645, "trend": "downtrend", "target_long": 64026.840000000004, "target_short": 62705.96, "vol_surge": false, "vp_poc": 59920.827000000005, "vp_vah": 62892.465, "vp_val": 58356.807}, "KRW-ETH": {"signal": 2, "current_price": 1739.71, "ma200": 2246.87615, "trend": "downtrend", "target_long": 1793.702, "target_short": 1749.238, "vol_surge": false, "vp_poc": 1734.1924, "vp_vah": 1830.7804, "vp_val": 1695.5572000000002}, "KRW-BNB": {"signal": 2, "current_price": 567.0, "ma200": 679.585, "trend": "downtrend", "target_long": 581.8799999999999, "target_short": 571.72, "vol_surge": false, "vp_poc": 571.703, "vp_vah": 591.233, "vp_val": 558.683}, "KRW-SOL": {"signal": 2, "current_price": 77.33, "ma200": 92.73334999999999, "trend": "downtrend", "target_long": 81.534, "target_short": 79.56599999999999, "vol_surge": false, "vp_poc": 72.6199, "vp_vah": 78.2003, "vp_val": 65.04650000000001}, "KRW-XRP": {"signal": 2, "current_price": 1.0906, "ma200": 1.4673919999999998, "trend": "downtrend", "target_long": 1.12976, "target_short": 1.09424, "vol_surge": false, "vp_poc": 1.136877, "vp_vah": 1.161363, "vp_val": 1.0564230000000001}, "KRW-DOGE": {"signal": 2, "current_price": 0.07259, "ma200": 0.1022078, "trend": "downtrend", "target_long": 0.075562, "target_short": 0.07281800000000001, "vol_surge": false, "vp_poc": 0.073712, "vp_vah": 0.078392, "vp_val": 0.07215200000000001}, "KRW-LINK": {"signal": 2, "current_price": 7.65, "ma200": 9.64586, "trend": "downtrend", "target_long": 7.973000000000001, "target_short": 7.753, "vol_surge": false, "vp_poc": 7.88425, "vp_vah": 8.14099, "vp_val": 7.37077}, "KRW-SUI": {"signal": 2, "current_price": 0.7108, "ma200": 1.0527525, "trend": "downtrend", "target_long": 0.7421, "target_short": 0.7137, "vol_surge": false, "vp_poc": 0.702407, "vp_vah": 0.739171, "vp_val": 0.673521}}}