{"upbit": {"KRW-BTC": {"signal": 0, "current_price": 109277000.0, "ma200": 137009250.0, "trend": "downtrend", "target_long": 110990000.0, "target_short": 107040000.0, "vol_surge": false, "vp_poc": 101153740.0, "vp_vah": 107099140.0, "vp_val": 97586500.0}, "KRW-ETH": {"signal": 0, "current_price": 3427000.0, "ma200": 4695800.0, "trend": "downtrend", "target_long": 3486000.0, "target_short": 3354000.0, "vol_surge": false, "vp_poc": 2967960.0, "vp_vah": 3179080.0, "vp_val": 2854280.0}}, "okx": {"KRW-BTC": {"signal": 0, "current_price": 74049.0, "ma200": 93415.94949999999, "trend": "downtrend", "target_long": 75215.70000000001, "target_short": 72592.9, "vol_surge": false, "vp_poc": 67827.029, "vp_vah": 71724.539, "vp_val": 65748.357}, "KRW-ETH": {"signal": 0, "current_price": 2321.59, "ma200": 3205.3755499999997, "trend": "downtrend", "target_long": 2357.8900000000003, "target_short": 2277.21, "vol_surge": false, "vp_poc": 2028.586, "vp_vah": 2116.8676, "vp_val": 1918.234}}}