{"okx": {"KRW-BTC": {"signal": 0, "current_price": 63012.4, "ma200": 74142.9005, "trend": "downtrend", "target_long": 63949.799999999996, "target_short": 62507.4, "vol_surge": false, "vp_poc": 59920.827000000005, "vp_vah": 62736.063, "vp_val": 58356.807}, "KRW-ETH": {"signal": 0, "current_price": 1740.28, "ma200": 2234.26225, "trend": "downtrend", "target_long": 1761.636, "target_short": 1728.844, "vol_surge": false, "vp_poc": 1734.1924, "vp_vah": 1830.7804, "vp_val": 1695.5572000000002}, "KRW-BNB": {"signal": 0, "current_price": 570.1, "ma200": 676.7035, "trend": "downtrend", "target_long": 573.26, "target_short": 564.1400000000001, "vol_surge": false, "vp_poc": 570.4010000000001, "vp_vah": 579.515, "vp_val": 546.965}, "KRW-SOL": {"signal": 0, "current_price": 78.08, "ma200": 92.2567, "trend": "downtrend", "target_long": 78.884, "target_short": 77.19600000000001, "vol_surge": false, "vp_poc": 72.6199, "vp_vah": 78.59890000000001, "vp_val": 65.04650000000001}, "KRW-XRP": {"signal": 0, "current_price": 1.0919, "ma200": 1.4591874999999999, "trend": "downtrend", "target_long": 1.1015599999999999, "target_short": 1.08524, "vol_surge": false, "vp_poc": 1.049427, "vp_vah": 1.129881, "vp_val": 1.028439}, "KRW-DOGE": {"signal": 0, "current_price": 0.07284, "ma200": 0.10161709999999999, "trend": "downtrend", "target_long": 0.07355400000000001, "target_short": 0.072266, "vol_surge": false, "vp_poc": 0.073088, "vp_vah": 0.077768, "vp_val": 0.07215200000000001}, "KRW-LINK": {"signal": 0, "current_price": 7.739, "ma200": 9.59806, "trend": "downtrend", "target_long": 7.8304, "target_short": 7.6376, "vol_surge": false, "vp_poc": 7.88425, "vp_vah": 8.04763, "vp_val": 7.32409}, "KRW-SUI": {"signal": 0, "current_price": 0.7139, "ma200": 1.0453695, "trend": "downtrend", "target_long": 0.72708, "target_short": 0.70732, "vol_surge": false, "vp_poc": 0.697155, "vp_vah": 0.739171, "vp_val": 0.673521}}}