{"okx": {"KRW-BTC": {"signal": 0, "current_price": 63086.3, "ma200": 74270.2335, "trend": "downtrend", "target_long": 63169.0, "target_short": 61397.8, "vol_surge": true, "vp_poc": 63361.671, "vp_vah": 64300.083, "vp_val": 59920.827000000005}, "KRW-ETH": {"signal": 2, "current_price": 1742.6, "ma200": 2240.59775, "trend": "downtrend", "target_long": 1772.338, "target_short": 1714.642, "vol_surge": false, "vp_poc": 1734.1924, "vp_vah": 1830.7804, "vp_val": 1701.9964}, "KRW-BNB": {"signal": 0, "current_price": 568.8, "ma200": 678.145, "trend": "downtrend", "target_long": 576.24, "target_short": 561.3599999999999, "vol_surge": false, "vp_poc": 570.4010000000001, "vp_vah": 580.817, "vp_val": 546.965}, "KRW-SOL": {"signal": 2, "current_price": 77.79, "ma200": 92.49465000000001, "trend": "downtrend", "target_long": 79.62599999999999, "target_short": 76.034, "vol_surge": false, "vp_poc": 72.6199, "vp_vah": 78.2003, "vp_val": 65.04650000000001}, "KRW-XRP": {"signal": 0, "current_price": 1.0925, "ma200": 1.463246, "trend": "downtrend", "target_long": 1.10966, "target_short": 1.0721399999999999, "vol_surge": false, "vp_poc": 1.049427, "vp_vah": 1.133379, "vp_val": 1.028439}, "KRW-DOGE": {"signal": 0, "current_price": 0.07282, "ma200": 0.10191544999999999, "trend": "downtrend", "target_long": 0.073818, "target_short": 0.071042, "vol_surge": false, "vp_poc": 0.073088, "vp_vah": 0.07808, "vp_val": 0.07215200000000001}, "KRW-LINK": {"signal": 0, "current_price": 7.726, "ma200": 9.622255000000001, "trend": "downtrend", "target_long": 7.7908, "target_short": 7.489199999999999, "vol_surge": false, "vp_poc": 7.88425, "vp_vah": 8.04763, "vp_val": 7.32409}, "KRW-SUI": {"signal": 0, "current_price": 0.7152, "ma200": 1.0491025, "trend": "downtrend", "target_long": 0.7259399999999999, "target_short": 0.69626, "vol_surge": false, "vp_poc": 0.699781, "vp_vah": 0.739171, "vp_val": 0.673521}}}