{"okx": {"KRW-BTC": {"signal": 0, "current_price": 60242.7, "ma200": 75249.53600000001, "trend": "downtrend", "target_long": 59458.979999999996, "target_short": 57797.22, "vol_surge": false, "vp_poc": 63978.29, "vp_vah": 67205.094, "vp_val": 59992.238}, "KRW-ETH": {"signal": 0, "current_price": 1620.39, "ma200": 2288.3070000000002, "trend": "downtrend", "target_long": 1597.7520000000002, "target_short": 1546.528, "vol_surge": false, "vp_poc": 1711.0824000000002, "vp_vah": 1805.5432, "vp_val": 1623.3688000000002}, "KRW-BNB": {"signal": 0, "current_price": 553.5, "ma200": 689.4355, "trend": "downtrend", "target_long": 553.32, "target_short": 539.88, "vol_surge": false, "vp_poc": 555.5540000000001, "vp_vah": 603.8539999999999, "vp_val": 542.0300000000001}, "KRW-SOL": {"signal": 0, "current_price": 77.73, "ma200": 94.31, "trend": "downtrend", "target_long": 75.00800000000001, "target_short": 72.352, "vol_surge": false, "vp_poc": 72.428, "vp_vah": 74.98400000000001, "vp_val": 68.73599999999999}, "KRW-XRP": {"signal": 0, "current_price": 1.0597, "ma200": 1.4945935, "trend": "downtrend", "target_long": 1.05278, "target_short": 1.02742, "vol_surge": false, "vp_poc": 1.1370900000000002, "vp_vah": 1.2507700000000002, "vp_val": 1.057514}, "KRW-DOGE": {"signal": 0, "current_price": 0.07304, "ma200": 0.10409945000000001, "trend": "downtrend", "target_long": 0.073734, "target_short": 0.07044600000000001, "vol_surge": false, "vp_poc": 0.0729485, "vp_vah": 0.08628270000000002, "vp_val": 0.06972990000000001}, "KRW-LINK": {"signal": 0, "current_price": 7.423, "ma200": 9.811354999999999, "trend": "downtrend", "target_long": 7.313400000000001, "target_short": 7.0926, "vol_surge": false, "vp_poc": 7.86071, "vp_vah": 8.47137, "vp_val": 7.34647}, "KRW-SUI": {"signal": 0, "current_price": 0.7172, "ma200": 1.077914, "trend": "downtrend", "target_long": 0.70102, "target_short": 0.68038, "vol_surge": false, "vp_poc": 0.702704, "vp_vah": 0.755984, "vp_val": 0.652976}}}