{"okx": {"KRW-BTC": {"signal": 0, "current_price": 67287.1, "ma200": 89634.025, "trend": "downtrend", "target_long": 67396.44, "target_short": 66523.56, "vol_surge": false, "vp_poc": 66872.006, "vp_vah": 71056.49, "vp_val": 66211.298}, "KRW-ETH": {"signal": 0, "current_price": 2063.5, "ma200": 3006.17635, "trend": "downtrend", "target_long": 2070.728, "target_short": 2037.312, "vol_surge": false, "vp_poc": 2167.2837, "vp_vah": 2194.2159, "vp_val": 2005.6905}, "KRW-BNB": {"signal": 0, "current_price": 593.3, "ma200": 860.8075, "trend": "downtrend", "target_long": 591.48, "target_short": 584.9200000000001, "vol_surge": false, "vp_poc": 644.447, "vp_vah": 653.799, "vp_val": 593.011}, "KRW-SOL": {"signal": 0, "current_price": 80.82, "ma200": 136.5116, "trend": "downtrend", "target_long": 81.206, "target_short": 79.574, "vol_surge": false, "vp_poc": 88.6529, "vp_vah": 95.36330000000001, "vp_val": 82.3619}, "KRW-XRP": {"signal": 0, "current_price": 1.3183, "ma200": 2.000877, "trend": "downtrend", "target_long": 1.33112, "target_short": 1.30528, "vol_surge": false, "vp_poc": 1.342392, "vp_vah": 1.453504, "vp_val": 1.309712}, "KRW-DOGE": {"signal": 0, "current_price": 0.09215, "ma200": 0.1458344, "trend": "downtrend", "target_long": 0.092614, "target_short": 0.09048600000000001, "vol_surge": false, "vp_poc": 0.09204, "vp_vah": 0.095692, "vp_val": 0.08938399999999999}, "KRW-LINK": {"signal": 0, "current_price": 8.706, "ma200": 13.45545, "trend": "downtrend", "target_long": 8.7474, "target_short": 8.5706, "vol_surge": false, "vp_poc": 9.19405, "vp_vah": 9.30715, "vp_val": 8.44005}, "KRW-SUI": {"signal": 0, "current_price": 0.8682, "ma200": 1.732277, "trend": "downtrend", "target_long": 0.88498, "target_short": 0.8624200000000001, "vol_surge": false, "vp_poc": 0.8752709999999999, "vp_vah": 0.970707, "vp_val": 0.843459}}}