{"okx": {"KRW-BTC": {"signal": 0, "current_price": 74623.3, "ma200": 87542.915, "trend": "downtrend", "target_long": 76150.15999999999, "target_short": 72686.24, "vol_surge": false, "vp_poc": 66881.798, "vp_vah": 71437.73, "vp_val": 65693.294}, "KRW-ETH": {"signal": 0, "current_price": 2377.8, "ma200": 2902.7454, "trend": "downtrend", "target_long": 2457.12, "target_short": 2281.76, "vol_surge": false, "vp_poc": 2061.5178, "vp_vah": 2207.4826, "vp_val": 1988.5353999999998}, "KRW-BNB": {"signal": 0, "current_price": 614.6, "ma200": 841.193, "trend": "downtrend", "target_long": 625.3599999999999, "target_short": 604.24, "vol_surge": false, "vp_poc": 610.682, "vp_vah": 620.066, "vp_val": 596.606}, "KRW-SOL": {"signal": 0, "current_price": 85.89, "ma200": 129.4481, "trend": "downtrend", "target_long": 88.66, "target_short": 84.34, "vol_surge": false, "vp_poc": 82.9648, "vp_vah": 85.71520000000001, "vp_val": 80.52000000000001}, "KRW-XRP": {"signal": 0, "current_price": 1.3736, "ma200": 1.9222335000000002, "trend": "downtrend", "target_long": 1.40166, "target_short": 1.34974, "vol_surge": false, "vp_poc": 1.3407200000000001, "vp_vah": 1.365488, "vp_val": 1.3187039999999999}, "KRW-DOGE": {"signal": 0, "current_price": 0.0934, "ma200": 0.13782625, "trend": "downtrend", "target_long": 0.095558, "target_short": 0.092662, "vol_surge": false, "vp_poc": 0.0923367, "vp_vah": 0.0936791, "vp_val": 0.09032309999999999}, "KRW-LINK": {"signal": 0, "current_price": 9.212, "ma200": 12.784360000000001, "trend": "downtrend", "target_long": 9.6594, "target_short": 9.0586, "vol_surge": false, "vp_poc": 8.7539, "vp_vah": 9.07682, "vp_val": 8.505500000000001}, "KRW-SUI": {"signal": 0, "current_price": 0.946, "ma200": 1.603762, "trend": "downtrend", "target_long": 0.9852799999999999, "target_short": 0.93472, "vol_surge": false, "vp_poc": 0.872004, "vp_vah": 0.932348, "vp_val": 0.846596}}}