{"okx": {"KRW-BTC": {"signal": 2, "current_price": 62941.7, "ma200": 77163.17050000001, "trend": "downtrend", "target_long": 65509.50000000001, "target_short": 63494.299999999996, "vol_surge": false, "vp_poc": 63509.166, "vp_vah": 65632.322, "vp_val": 60779.394}, "KRW-ETH": {"signal": 2, "current_price": 1707.5, "ma200": 2384.1103, "trend": "downtrend", "target_long": 1784.4060000000002, "target_short": 1716.454, "vol_surge": false, "vp_poc": 1680.4583, "vp_vah": 1819.1709, "vp_val": 1595.0967}, "KRW-BNB": {"signal": 2, "current_price": 580.4, "ma200": 710.2545000000001, "trend": "downtrend", "target_long": 608.6200000000001, "target_short": 594.78, "vol_surge": false, "vp_poc": 603.9000000000001, "vp_vah": 687.1479999999999, "vp_val": 558.492}, "KRW-SOL": {"signal": 2, "current_price": 69.62, "ma200": 98.4233, "trend": "downtrend", "target_long": 73.584, "target_short": 70.49600000000001, "vol_surge": false, "vp_poc": 67.32990000000001, "vp_vah": 72.4537, "vp_val": 62.2061}, "KRW-XRP": {"signal": 2, "current_price": 1.1453, "ma200": 1.5585785, "trend": "downtrend", "target_long": 1.2094, "target_short": 1.1642000000000001, "vol_surge": false, "vp_poc": 1.1350820000000001, "vp_vah": 1.22373, "vp_val": 1.0907580000000001}, "KRW-DOGE": {"signal": 2, "current_price": 0.08333, "ma200": 0.10832130000000001, "trend": "downtrend", "target_long": 0.087348, "target_short": 0.084572, "vol_surge": false, "vp_poc": 0.0865666, "vp_vah": 0.0914026, "vp_val": 0.0822142}, "KRW-LINK": {"signal": 2, "current_price": 7.99, "ma200": 10.2186, "trend": "downtrend", "target_long": 8.2838, "target_short": 7.902200000000001, "vol_surge": false, "vp_poc": 7.94497, "vp_vah": 8.54739, "vp_val": 7.574249999999999}, "KRW-SUI": {"signal": 2, "current_price": 0.724, "ma200": 1.135848, "trend": "downtrend", "target_long": 0.7924599999999999, "target_short": 0.74214, "vol_surge": false, "vp_poc": 0.7590319999999999, "vp_vah": 0.817024, "vp_val": 0.7168559999999999}}}