{"okx": {"KRW-BTC": {"signal": 2, "current_price": 61535.2, "ma200": 78815.5785, "trend": "downtrend", "target_long": 65247.32, "target_short": 62530.68, "vol_surge": false, "vp_poc": 77032.443, "vp_vah": 78430.627, "vp_val": 70041.523}, "KRW-ETH": {"signal": 2, "current_price": 1642.48, "ma200": 2465.8181, "trend": "downtrend", "target_long": 1812.164, "target_short": 1729.276, "vol_surge": false, "vp_poc": 2112.0845, "vp_vah": 2146.6787000000004, "vp_val": 1939.1135}, "KRW-BNB": {"signal": 0, "current_price": 573.6, "ma200": 728.0355000000001, "trend": "downtrend", "target_long": 619.16, "target_short": 590.0400000000001, "vol_surge": false, "vp_poc": 656.346, "vp_vah": 715.982, "vp_val": 631.79}, "KRW-SOL": {"signal": 2, "current_price": 64.46, "ma200": 102.82465, "trend": "downtrend", "target_long": 71.046, "target_short": 66.694, "vol_surge": false, "vp_poc": 84.35849999999999, "vp_vah": 87.7759, "vp_val": 79.47649999999999}, "KRW-XRP": {"signal": 2, "current_price": 1.102, "ma200": 1.621679, "trend": "downtrend", "target_long": 1.19722, "target_short": 1.1405800000000001, "vol_surge": false, "vp_poc": 1.365094, "vp_vah": 1.398834, "vp_val": 1.284118}, "KRW-DOGE": {"signal": 2, "current_price": 0.08311, "ma200": 0.11248885, "trend": "downtrend", "target_long": 0.090994, "target_short": 0.086106, "vol_surge": false, "vp_poc": 0.1008097, "vp_vah": 0.1081945, "vp_val": 0.09711729999999999}, "KRW-LINK": {"signal": 2, "current_price": 7.421, "ma200": 10.547350000000002, "trend": "downtrend", "target_long": 8.258, "target_short": 7.774, "vol_surge": false, "vp_poc": 9.52319, "vp_vah": 9.79309, "vp_val": 8.92941}, "KRW-SUI": {"signal": 2, "current_price": 0.6995, "ma200": 1.1843585, "trend": "downtrend", "target_long": 0.7996200000000001, "target_short": 0.73378, "vol_surge": false, "vp_poc": 1.0547369999999998, "vp_vah": 1.159919, "vp_val": 0.873059}}}