{"okx": {"KRW-BTC": {"signal": 0, "current_price": 66283.9, "ma200": 77557.655, "trend": "downtrend", "target_long": 66589.42, "target_short": 64898.780000000006, "vol_surge": false, "vp_poc": 63037.460999999996, "vp_vah": 65768.77299999999, "vp_val": 59623.320999999996}, "KRW-ETH": {"signal": 0, "current_price": 1762.5, "ma200": 2402.7473999999997, "trend": "downtrend", "target_long": 1756.748, "target_short": 1694.5720000000001, "vol_surge": false, "vp_poc": 1664.5073000000002, "vp_vah": 1818.6846999999998, "vp_val": 1534.0495}, "KRW-BNB": {"signal": 0, "current_price": 620.5, "ma200": 714.507, "trend": "downtrend", "target_long": 622.6999999999999, "target_short": 611.1, "vol_surge": false, "vp_poc": 603.9000000000001, "vp_vah": 687.1479999999999, "vp_val": 558.492}, "KRW-SOL": {"signal": 0, "current_price": 72.41, "ma200": 99.37314999999998, "trend": "downtrend", "target_long": 73.012, "target_short": 69.548, "vol_surge": false, "vp_poc": 67.27879999999999, "vp_vah": 72.2228, "vp_val": 61.8404}, "KRW-XRP": {"signal": 0, "current_price": 1.2313, "ma200": 1.573474, "trend": "downtrend", "target_long": 1.21064, "target_short": 1.16176, "vol_surge": false, "vp_poc": 1.1350820000000001, "vp_vah": 1.230062, "vp_val": 1.071762}, "KRW-DOGE": {"signal": 0, "current_price": 0.0897, "ma200": 0.10926995, "trend": "downtrend", "target_long": 0.09027, "target_short": 0.08755, "vol_surge": false, "vp_poc": 0.08611749999999999, "vp_vah": 0.09281249999999999, "vp_val": 0.07942250000000001}, "KRW-LINK": {"signal": 0, "current_price": 8.297, "ma200": 10.292105000000001, "trend": "downtrend", "target_long": 8.338799999999999, "target_short": 8.0212, "vol_surge": false, "vp_poc": 7.8665, "vp_vah": 8.6633, "vp_val": 7.0199}, "KRW-SUI": {"signal": 0, "current_price": 0.8088, "ma200": 1.1470710000000002, "trend": "downtrend", "target_long": 0.82648, "target_short": 0.7795200000000001, "vol_surge": false, "vp_poc": 0.7501, "vp_vah": 0.82098, "vp_val": 0.672132}}}