{"okx": {"KRW-BTC": {"signal": 0, "current_price": 60306.3, "ma200": 76045.454, "trend": "downtrend", "target_long": 61340.48, "target_short": 58257.12, "vol_surge": false, "vp_poc": 63348.3, "vp_vah": 64267.3, "vp_val": 60958.9}, "KRW-ETH": {"signal": 0, "current_price": 1572.5, "ma200": 2328.9117, "trend": "downtrend", "target_long": 1619.234, "target_short": 1516.426, "vol_surge": false, "vp_poc": 1711.0824000000002, "vp_vah": 1778.5544, "vp_val": 1657.1048}, "KRW-BNB": {"signal": 0, "current_price": 568.0, "ma200": 697.8734999999999, "trend": "downtrend", "target_long": 573.64, "target_short": 547.9599999999999, "vol_surge": false, "vp_poc": 588.1320000000001, "vp_vah": 612.364, "vp_val": 575.0840000000001}, "KRW-SOL": {"signal": 0, "current_price": 69.86, "ma200": 95.83730000000001, "trend": "downtrend", "target_long": 69.964, "target_short": 65.476, "vol_surge": false, "vp_poc": 67.1944, "vp_vah": 71.7128, "vp_val": 63.8056}, "KRW-XRP": {"signal": 2, "current_price": 1.0403, "ma200": 1.5193395, "trend": "downtrend", "target_long": 1.07526, "target_short": 1.01214, "vol_surge": false, "vp_poc": 1.1370900000000002, "vp_vah": 1.1939300000000002, "vp_val": 1.0916180000000002}, "KRW-DOGE": {"signal": 2, "current_price": 0.07452, "ma200": 0.1057996, "trend": "downtrend", "target_long": 0.077366, "target_short": 0.072454, "vol_surge": false, "vp_poc": 0.0863652, "vp_vah": 0.08932200000000001, "vp_val": 0.0821412}, "KRW-LINK": {"signal": 0, "current_price": 7.273, "ma200": 9.977805, "trend": "downtrend", "target_long": 7.4654, "target_short": 7.0325999999999995, "vol_surge": false, "vp_poc": 7.86071, "vp_vah": 8.117830000000001, "vp_val": 7.50717}, "KRW-SUI": {"signal": 0, "current_price": 0.6887, "ma200": 1.1007354999999999, "trend": "downtrend", "target_long": 0.70442, "target_short": 0.66378, "vol_surge": false, "vp_poc": 0.759536, "vp_vah": 0.773744, "vp_val": 0.692048}}}