{"okx": {"KRW-ETH": {"signal": 0, "current_price": 1771.55, "ma200": 2253.06865, "trend": "downtrend", "target_long": 1841.626, "target_short": 1757.514, "vol_surge": false, "vp_poc": 1734.1924, "vp_vah": 1830.7804, "vp_val": 1682.6788000000001}, "KRW-BNB": {"signal": 2, "current_price": 579.1, "ma200": 681.033, "trend": "downtrend", "target_long": 595.2, "target_short": 576.8, "vol_surge": false, "vp_poc": 557.97, "vp_vah": 583.4300000000001, "vp_val": 547.25}, "KRW-SOL": {"signal": 0, "current_price": 81.44, "ma200": 92.98019999999998, "trend": "downtrend", "target_long": 83.756, "target_short": 80.124, "vol_surge": false, "vp_poc": 72.6199, "vp_vah": 76.2073, "vp_val": 65.4451}, "KRW-XRP": {"signal": 2, "current_price": 1.1282, "ma200": 1.4716875000000003, "trend": "downtrend", "target_long": 1.16746, "target_short": 1.12314, "vol_surge": false, "vp_poc": 1.1354009999999999, "vp_vah": 1.168323, "vp_val": 1.054925}, "KRW-DOGE": {"signal": 2, "current_price": 0.07498, "ma200": 0.10250854999999999, "trend": "downtrend", "target_long": 0.078288, "target_short": 0.075072, "vol_surge": false, "vp_poc": 0.0754745, "vp_vah": 0.07854710000000001, "vp_val": 0.07171910000000001}, "KRW-LINK": {"signal": 2, "current_price": 7.917, "ma200": 9.670655, "trend": "downtrend", "target_long": 8.1862, "target_short": 7.8598, "vol_surge": false, "vp_poc": 7.88425, "vp_vah": 8.14099, "vp_val": 7.347430000000001}, "KRW-SUI": {"signal": 2, "current_price": 0.739, "ma200": 1.056525, "trend": "downtrend", "target_long": 0.76886, "target_short": 0.73094, "vol_surge": false, "vp_poc": 0.702407, "vp_vah": 0.7417969999999999, "vp_val": 0.673521}}}