{"okx": {"KRW-BTC": {"signal": 0, "current_price": 64103.6, "ma200": 73200.192, "trend": "downtrend", "target_long": 64679.5, "target_short": 63195.100000000006, "vol_surge": false, "vp_poc": 63029.102, "vp_vah": 64898.846000000005, "vp_val": 60691.922000000006}, "KRW-ETH": {"signal": 0, "current_price": 1841.9, "ma200": 2190.4122, "trend": "downtrend", "target_long": 1869.0780000000002, "target_short": 1814.702, "vol_surge": false, "vp_poc": 1760.1201999999998, "vp_vah": 1831.4614000000001, "vp_val": 1728.413}, "KRW-BNB": {"signal": 0, "current_price": 569.1, "ma200": 665.8014999999999, "trend": "downtrend", "target_long": 575.9200000000001, "target_short": 560.48, "vol_surge": false, "vp_poc": 575.978, "vp_vah": 584.97, "vp_val": 562.49}, "KRW-SOL": {"signal": 2, "current_price": 74.77, "ma200": 90.366, "trend": "downtrend", "target_long": 75.992, "target_short": 74.08800000000001, "vol_surge": false, "vp_poc": 77.3013, "vp_vah": 80.29990000000001, "vp_val": 72.3945}, "KRW-XRP": {"signal": 0, "current_price": 1.0865, "ma200": 1.4285405, "trend": "downtrend", "target_long": 1.0994, "target_short": 1.0786, "vol_surge": false, "vp_poc": 1.101378, "vp_vah": 1.12733, "vp_val": 1.049474}, "KRW-DOGE": {"signal": 0, "current_price": 0.0721, "ma200": 0.09954980000000001, "trend": "downtrend", "target_long": 0.073352, "target_short": 0.071768, "vol_surge": false, "vp_poc": 0.07335710000000001, "vp_vah": 0.0755329, "vp_val": 0.0715769}, "KRW-LINK": {"signal": 0, "current_price": 8.295, "ma200": 9.4338, "trend": "downtrend", "target_long": 8.3998, "target_short": 8.1102, "vol_surge": false, "vp_poc": 7.92845, "vp_vah": 8.14671, "vp_val": 7.336029999999999}, "KRW-SUI": {"signal": 0, "current_price": 0.7343, "ma200": 1.018154, "trend": "downtrend", "target_long": 0.75106, "target_short": 0.72954, "vol_surge": false, "vp_poc": 0.746167, "vp_vah": 0.7659849999999999, "vp_val": 0.719743}}}