{"okx": {"KRW-BTC": {"signal": 0, "current_price": 70870.6, "ma200": 93018.52050000001, "trend": "downtrend", "target_long": 71052.37999999999, "target_short": 68795.02, "vol_surge": false, "vp_poc": 70860.459, "vp_vah": 71956.489, "vp_val": 66257.133}, "KRW-ETH": {"signal": 0, "current_price": 2154.23, "ma200": 3182.7126999999996, "trend": "downtrend", "target_long": 2191.744, "target_short": 2083.896, "vol_surge": false, "vp_poc": 2084.9371, "vp_vah": 2161.7099, "vp_val": 1931.3915000000002}, "KRW-BNB": {"signal": 0, "current_price": 644.9, "ma200": 881.3754999999999, "trend": "downtrend", "target_long": 648.22, "target_short": 629.98, "vol_surge": false, "vp_poc": 651.745, "vp_vah": 664.529, "vp_val": 621.383}, "KRW-SOL": {"signal": 0, "current_price": 89.55, "ma200": 146.7323, "trend": "downtrend", "target_long": 90.67, "target_short": 87.14999999999999, "vol_surge": false, "vp_poc": 87.0377, "vp_vah": 90.52369999999999, "vp_val": 82.5059}, "KRW-XRP": {"signal": 0, "current_price": 1.4559, "ma200": 2.1202105, "trend": "downtrend", "target_long": 1.4713800000000001, "target_short": 1.4236199999999999, "vol_surge": false, "vp_poc": 1.387342, "vp_vah": 1.4501300000000001, "vp_val": 1.341678}, "KRW-DOGE": {"signal": 0, "current_price": 0.0942, "ma200": 0.15730905, "trend": "downtrend", "target_long": 0.095264, "target_short": 0.091816, "vol_surge": false, "vp_poc": 0.094623, "vp_vah": 0.0992874, "vp_val": 0.09067620000000001}, "KRW-ADA": {"signal": 0, "current_price": 0.2703, "ma200": 0.4916705, "trend": "downtrend", "target_long": 0.27314, "target_short": 0.26186000000000004, "vol_surge": false, "vp_poc": 0.270206, "vp_vah": 0.281074, "vp_val": 0.257362}, "KRW-AVAX": {"signal": 0, "current_price": 9.563, "ma200": 16.417585000000003, "trend": "downtrend", "target_long": 9.637599999999999, "target_short": 9.3064, "vol_surge": false, "vp_poc": 9.51925, "vp_vah": 9.780349999999999, "vp_val": 8.88515}, "KRW-LINK": {"signal": 0, "current_price": 9.133, "ma200": 14.55473, "trend": "downtrend", "target_long": 9.2204, "target_short": 8.867600000000001, "vol_surge": false, "vp_poc": 9.08349, "vp_vah": 9.38751, "vp_val": 8.64435}, "KRW-DOT": {"signal": 0, "current_price": 1.541, "ma200": 2.482205, "trend": "downtrend", "target_long": 1.5552, "target_short": 1.4888000000000001, "vol_surge": false, "vp_poc": 1.51167, "vp_vah": 1.56907, "vp_val": 1.4485299999999999}, "KRW-TON": {"signal": 2, "current_price": 1.207, "ma200": 1.9008849999999997, "trend": "downtrend", "target_long": 1.2566000000000002, "target_short": 1.1934, "vol_surge": false, "vp_poc": 1.3160999999999998, "vp_vah": 1.3538999999999999, "vp_val": 1.2825}, "KRW-MATIC": {"signal": 0, "current_price": 0.09781, "ma200": 0.15505955, "trend": "downtrend", "target_long": 0.096766, "target_short": 0.094174, "vol_surge": false, "vp_poc": 0.0973993, "vp_vah": 0.1020385, "vp_val": 0.0954663}, "KRW-UNI": {"signal": 0, "current_price": 3.614, "ma200": 5.912829999999999, "trend": "downtrend", "target_long": 3.6676, "target_short": 3.4924, "vol_surge": false, "vp_poc": 3.9332699999999994, "vp_vah": 4.08881, "vp_val": 3.7918699999999994}, "KRW-LTC": {"signal": 0, "current_price": 55.97, "ma200": 82.9532, "trend": "downtrend", "target_long": 56.228, "target_short": 54.852, "vol_surge": false, "vp_poc": 54.745999999999995, "vp_vah": 56.522, "vp_val": 53.266}, "KRW-BCH": {"signal": 0, "current_price": 464.6, "ma200": 547.355, "trend": "downtrend", "target_long": 459.78, "target_short": 451.22, "vol_surge": false, "vp_poc": 454.36, "vp_vah": 466.84000000000003, "vp_val": 443.96000000000004}, "KRW-APT": {"signal": 0, "current_price": 0.9681, "ma200": 2.4197800000000003, "trend": "downtrend", "target_long": 0.9773, "target_short": 0.9197000000000001, "vol_surge": false, "vp_poc": 0.9871349999999999, "vp_vah": 1.016725, "vp_val": 0.938715}, "KRW-NEAR": {"signal": 0, "current_price": 1.354, "ma200": 1.8909400000000003, "trend": "downtrend", "target_long": 1.3646, "target_short": 1.3054, "vol_surge": false, "vp_poc": 1.32394, "vp_vah": 1.4114999999999998, "vp_val": 1.2284199999999998}, "KRW-OP": {"signal": 0, "current_price": 0.1231, "ma200": 0.37335749999999995, "trend": "downtrend", "target_long": 0.12512, "target_short": 0.11808, "vol_surge": false, "vp_poc": 0.12566100000000002, "vp_vah": 0.129869, "vp_val": 0.118823}, "KRW-ARB": {"signal": 0, "current_price": 0.10041, "ma200": 0.24801660000000003, "trend": "downtrend", "target_long": 0.101842, "target_short": 0.096898, "vol_surge": false, "vp_poc": 0.1012073, "vp_vah": 0.1055537, "vp_val": 0.0979475}, "KRW-SUI": {"signal": 0, "current_price": 0.9683, "ma200": 1.9284800000000002, "trend": "downtrend", "target_long": 0.98144, "target_short": 0.93576, "vol_surge": false, "vp_poc": 0.9595849999999999, "vp_vah": 0.9990950000000001, "vp_val": 0.889345}}}