{"okx": {"KRW-BTC": {"signal": 2, "current_price": 63974.9, "ma200": 73439.35149999999, "trend": "downtrend", "target_long": 65205.9, "target_short": 64314.700000000004, "vol_surge": false, "vp_poc": 63029.102, "vp_vah": 64898.846000000005, "vp_val": 60380.297999999995}, "KRW-ETH": {"signal": 0, "current_price": 1869.57, "ma200": 2201.5791, "trend": "downtrend", "target_long": 1950.516, "target_short": 1884.924, "vol_surge": false, "vp_poc": 1759.1755, "vp_vah": 1830.8785, "vp_val": 1711.3735}, "KRW-BNB": {"signal": 2, "current_price": 574.0, "ma200": 668.6935000000001, "trend": "downtrend", "target_long": 584.5, "target_short": 576.9000000000001, "vol_surge": false, "vp_poc": 575.978, "vp_vah": 584.97, "vp_val": 559.118}, "KRW-SOL": {"signal": 2, "current_price": 75.34, "ma200": 90.8585, "trend": "downtrend", "target_long": 78.116, "target_short": 76.444, "vol_surge": false, "vp_poc": 77.2825, "vp_vah": 82.41250000000001, "vp_val": 74.7175}, "KRW-XRP": {"signal": 0, "current_price": 1.0901, "ma200": 1.4363195, "trend": "downtrend", "target_long": 1.12574, "target_short": 1.10086, "vol_surge": false, "vp_poc": 1.101378, "vp_vah": 1.12733, "vp_val": 1.04623}, "KRW-DOGE": {"signal": 2, "current_price": 0.07274, "ma200": 0.1000599, "trend": "downtrend", "target_long": 0.07484799999999998, "target_short": 0.073312, "vol_surge": false, "vp_poc": 0.07335710000000001, "vp_vah": 0.0755329, "vp_val": 0.0715769}, "KRW-LINK": {"signal": 0, "current_price": 8.378, "ma200": 9.47487, "trend": "downtrend", "target_long": 8.682, "target_short": 8.394, "vol_surge": false, "vp_poc": 7.92845, "vp_vah": 8.14671, "vp_val": 7.336029999999999}, "KRW-SUI": {"signal": 2, "current_price": 0.7432, "ma200": 1.0251744999999999, "trend": "downtrend", "target_long": 0.76462, "target_short": 0.74558, "vol_surge": false, "vp_poc": 0.74554, "vp_vah": 0.7657, "vp_val": 0.71194}}}