{"okx": {"KRW-BTC": {"signal": 0, "current_price": 80946.0, "ma200": 83443.44350000001, "trend": "downtrend", "target_long": 80894.0, "target_short": 78836.0, "vol_surge": false, "vp_poc": 77396.417, "vp_vah": 78841.223, "vp_val": 75630.543}, "KRW-ETH": {"signal": 0, "current_price": 2379.21, "ma200": 2703.27605, "trend": "downtrend", "target_long": 2383.158, "target_short": 2311.342, "vol_surge": false, "vp_poc": 2321.0546999999997, "vp_vah": 2380.0155, "vp_val": 2286.6609}, "KRW-BNB": {"signal": 0, "current_price": 627.8, "ma200": 786.328, "trend": "downtrend", "target_long": 632.16, "target_short": 613.4399999999999, "vol_surge": false, "vp_poc": 619.319, "vp_vah": 635.123, "vp_val": 615.807}, "KRW-SOL": {"signal": 0, "current_price": 84.86, "ma200": 116.30485, "trend": "downtrend", "target_long": 85.15599999999999, "target_short": 83.044, "vol_surge": false, "vp_poc": 84.6755, "vp_vah": 87.1013, "vp_val": 83.3693}, "KRW-XRP": {"signal": 0, "current_price": 1.4016, "ma200": 1.783878, "trend": "downtrend", "target_long": 1.40682, "target_short": 1.37658, "vol_surge": false, "vp_poc": 1.4294890000000002, "vp_vah": 1.449157, "vp_val": 1.386875}, "KRW-DOGE": {"signal": 0, "current_price": 0.11163, "ma200": 0.12440965, "trend": "downtrend", "target_long": 0.11256200000000001, "target_short": 0.107698, "vol_surge": false, "vp_poc": 0.0982767, "vp_vah": 0.10506389999999999, "vp_val": 0.09276209999999999}, "KRW-LINK": {"signal": 0, "current_price": 9.55, "ma200": 11.601805000000002, "trend": "downtrend", "target_long": 9.587800000000001, "target_short": 9.1342, "vol_surge": false, "vp_poc": 9.36026, "vp_vah": 9.436900000000001, "vp_val": 9.09202}, "KRW-SUI": {"signal": 0, "current_price": 0.9444, "ma200": 1.371131, "trend": "downtrend", "target_long": 0.94754, "target_short": 0.91066, "vol_surge": false, "vp_poc": 0.9446019999999999, "vp_vah": 0.9640179999999999, "vp_val": 0.912242}}}