{"okx": {"KRW-BTC": {"signal": 0, "current_price": 63629.2, "ma200": 74529.786, "trend": "downtrend", "target_long": 65404.299999999996, "target_short": 62693.9, "vol_surge": false, "vp_poc": 59920.827000000005, "vp_vah": 62892.465, "vp_val": 58200.405}, "KRW-ETH": {"signal": 0, "current_price": 1778.02, "ma200": 2253.101, "trend": "downtrend", "target_long": 1841.626, "target_short": 1757.514, "vol_surge": false, "vp_poc": 1734.1924, "vp_vah": 1830.7804, "vp_val": 1689.118}, "KRW-BNB": {"signal": 2, "current_price": 579.5, "ma200": 681.035, "trend": "downtrend", "target_long": 595.2, "target_short": 576.8, "vol_surge": false, "vp_poc": 584.77, "vp_vah": 592.8100000000001, "vp_val": 557.97}, "KRW-SOL": {"signal": 0, "current_price": 81.07, "ma200": 92.97834999999999, "trend": "downtrend", "target_long": 83.756, "target_short": 80.124, "vol_surge": false, "vp_poc": 72.6199, "vp_vah": 76.2073, "vp_val": 64.64789999999999}, "KRW-XRP": {"signal": 2, "current_price": 1.1167, "ma200": 1.4716300000000002, "trend": "downtrend", "target_long": 1.16746, "target_short": 1.12314, "vol_surge": false, "vp_poc": 1.1354009999999999, "vp_vah": 1.168323, "vp_val": 1.058583}, "KRW-DOGE": {"signal": 2, "current_price": 0.07431, "ma200": 0.1025052, "trend": "downtrend", "target_long": 0.078288, "target_short": 0.075072, "vol_surge": false, "vp_poc": 0.0754745, "vp_vah": 0.07854710000000001, "vp_val": 0.0720605}, "KRW-LINK": {"signal": 2, "current_price": 7.877, "ma200": 9.670455, "trend": "downtrend", "target_long": 8.1862, "target_short": 7.8598, "vol_surge": false, "vp_poc": 7.88425, "vp_vah": 8.14099, "vp_val": 7.347430000000001}, "KRW-SUI": {"signal": 2, "current_price": 0.728, "ma200": 1.05647, "trend": "downtrend", "target_long": 0.76886, "target_short": 0.73094, "vol_surge": false, "vp_poc": 0.702407, "vp_vah": 0.7417969999999999, "vp_val": 0.673521}}}