{"okx": {"KRW-BTC": {"signal": 0, "current_price": 79827.5, "ma200": 83017.851, "trend": "downtrend", "target_long": 80900.0, "target_short": 79136.4, "vol_surge": false, "vp_poc": 78371.19099999999, "vp_vah": 79466.083, "vp_val": 75451.47899999999}, "KRW-ETH": {"signal": 0, "current_price": 2291.19, "ma200": 2678.5995500000004, "trend": "downtrend", "target_long": 2320.714, "target_short": 2262.3860000000004, "vol_surge": false, "vp_poc": 2316.0972, "vp_vah": 2373.15, "vp_val": 2283.4956}, "KRW-BNB": {"signal": 0, "current_price": 642.8, "ma200": 779.4644999999999, "trend": "downtrend", "target_long": 645.3399999999999, "target_short": 629.26, "vol_surge": false, "vp_poc": 634.6700000000001, "vp_vah": 640.1300000000001, "vp_val": 618.29}, "KRW-SOL": {"signal": 0, "current_price": 89.62, "ma200": 114.8224, "trend": "downtrend", "target_long": 89.55199999999999, "target_short": 87.328, "vol_surge": false, "vp_poc": 84.5635, "vp_vah": 87.0863, "vp_val": 83.12190000000001}, "KRW-XRP": {"signal": 0, "current_price": 1.3942, "ma200": 1.7687369999999998, "trend": "downtrend", "target_long": 1.4052799999999999, "target_short": 1.3687200000000002, "vol_surge": false, "vp_poc": 1.393788, "vp_vah": 1.4335, "vp_val": 1.3821080000000001}, "KRW-DOGE": {"signal": 0, "current_price": 0.10735, "ma200": 0.1231395, "trend": "downtrend", "target_long": 0.110182, "target_short": 0.10555799999999999, "vol_surge": false, "vp_poc": 0.1079976, "vp_vah": 0.11633439999999999, "vp_val": 0.09818959999999999}, "KRW-LINK": {"signal": 0, "current_price": 10.083, "ma200": 11.488795, "trend": "downtrend", "target_long": 9.9848, "target_short": 9.7192, "vol_surge": false, "vp_poc": 9.32509, "vp_vah": 9.53933, "vp_val": 9.05729}, "KRW-SUI": {"signal": 0, "current_price": 1.0061, "ma200": 1.3477869999999998, "trend": "downtrend", "target_long": 0.9911800000000001, "target_short": 0.94582, "vol_surge": false, "vp_poc": 0.944107, "vp_vah": 0.9654849999999999, "vp_val": 0.913567}}}