{"okx": {"KRW-BTC": {"signal": 0, "current_price": 59949.8, "ma200": 75107.43699999999, "trend": "downtrend", "target_long": 61449.14, "target_short": 58623.06, "vol_surge": false, "vp_poc": 59992.238, "vp_vah": 63978.29, "vp_val": 58283.93000000001}, "KRW-ETH": {"signal": 0, "current_price": 1605.7, "ma200": 2280.9655, "trend": "downtrend", "target_long": 1647.124, "target_short": 1572.356, "vol_surge": false, "vp_poc": 1711.0824000000002, "vp_vah": 1805.5432, "vp_val": 1616.6216}, "KRW-BNB": {"signal": 0, "current_price": 549.7, "ma200": 687.7819999999999, "trend": "downtrend", "target_long": 559.7, "target_short": 541.7, "vol_surge": false, "vp_poc": 555.5540000000001, "vp_vah": 601.922, "vp_val": 542.0300000000001}, "KRW-SOL": {"signal": 0, "current_price": 77.38, "ma200": 94.0485, "trend": "downtrend", "target_long": 80.13999999999999, "target_short": 74.78, "vol_surge": false, "vp_poc": 72.5487, "vp_vah": 74.9343, "vp_val": 68.9703}, "KRW-XRP": {"signal": 0, "current_price": 1.0521, "ma200": 1.4899285, "trend": "downtrend", "target_long": 1.07376, "target_short": 1.0322399999999998, "vol_surge": false, "vp_poc": 1.05183, "vp_vah": 1.159826, "vp_val": 1.012042}, "KRW-DOGE": {"signal": 0, "current_price": 0.07223, "ma200": 0.1037861, "trend": "downtrend", "target_long": 0.073622, "target_short": 0.070838, "vol_surge": false, "vp_poc": 0.0731397, "vp_vah": 0.08555750000000001, "vp_val": 0.0697141}, "KRW-LINK": {"signal": 0, "current_price": 7.356, "ma200": 9.781395, "trend": "downtrend", "target_long": 7.5436, "target_short": 7.1724, "vol_surge": false, "vp_poc": 7.34647, "vp_vah": 7.95713, "vp_val": 7.02507}, "KRW-SUI": {"signal": 0, "current_price": 0.7163, "ma200": 1.0737205, "trend": "downtrend", "target_long": 0.73656, "target_short": 0.69464, "vol_surge": false, "vp_poc": 0.702704, "vp_vah": 0.752432, "vp_val": 0.652976}}}