{"okx": {"KRW-BTC": {"signal": 0, "current_price": 71547.3, "ma200": 88716.52700000002, "trend": "downtrend", "target_long": 73926.95999999999, "target_short": 69903.04000000001, "vol_surge": false, "vp_poc": 68378.94, "vp_vah": 70422.02, "vp_val": 66335.86}, "KRW-ETH": {"signal": 0, "current_price": 2216.08, "ma200": 2958.9172000000003, "trend": "downtrend", "target_long": 2325.332, "target_short": 2154.668, "vol_surge": false, "vp_poc": 2122.654, "vp_vah": 2169.5652, "vp_val": 2035.5331999999999}, "KRW-BNB": {"signal": 0, "current_price": 605.9, "ma200": 852.9434999999999, "trend": "downtrend", "target_long": 633.36, "target_short": 607.0400000000001, "vol_surge": false, "vp_poc": 611.127, "vp_vah": 637.463, "vp_val": 593.021}, "KRW-SOL": {"signal": 0, "current_price": 83.48, "ma200": 133.31439999999998, "trend": "downtrend", "target_long": 89.00000000000001, "target_short": 82.08, "vol_surge": false, "vp_poc": 82.57300000000001, "vp_vah": 86.9358, "vp_val": 78.5458}, "KRW-XRP": {"signal": 0, "current_price": 1.3519, "ma200": 1.9671375, "trend": "downtrend", "target_long": 1.41924, "target_short": 1.33796, "vol_surge": false, "vp_poc": 1.321948, "vp_vah": 1.396988, "vp_val": 1.30694}, "KRW-DOGE": {"signal": 0, "current_price": 0.09328, "ma200": 0.14221965, "trend": "downtrend", "target_long": 0.097302, "target_short": 0.09251799999999999, "vol_surge": false, "vp_poc": 0.09180949999999999, "vp_vah": 0.0940205, "vp_val": 0.0900005}, "KRW-LINK": {"signal": 0, "current_price": 8.996, "ma200": 13.1578, "trend": "downtrend", "target_long": 9.6242, "target_short": 8.949800000000002, "vol_surge": false, "vp_poc": 8.755289999999999, "vp_vah": 9.172249999999998, "vp_val": 8.57287}, "KRW-SUI": {"signal": 0, "current_price": 0.9266, "ma200": 1.675655, "trend": "downtrend", "target_long": 1.0068, "target_short": 0.9128000000000001, "vol_surge": false, "vp_poc": 0.870967, "vp_vah": 0.940561, "vp_val": 0.847769}}}