{"okx": {"KRW-BTC": {"signal": 0, "current_price": 75022.7, "ma200": 87180.7045, "trend": "downtrend", "target_long": 75581.62, "target_short": 74043.38, "vol_surge": false, "vp_poc": 66878.177, "vp_vah": 72402.227, "vp_val": 65773.367}, "KRW-ETH": {"signal": 0, "current_price": 2357.23, "ma200": 2885.2512000000006, "trend": "downtrend", "target_long": 2390.828, "target_short": 2329.292, "vol_surge": false, "vp_poc": 2229.4154, "vp_vah": 2267.5866, "vp_val": 2029.0166}, "KRW-BNB": {"signal": 0, "current_price": 625.5, "ma200": 837.6235, "trend": "downtrend", "target_long": 629.5, "target_short": 615.9000000000001, "vol_surge": false, "vp_poc": 611.1990000000001, "vp_vah": 619.165, "vp_val": 597.543}, "KRW-SOL": {"signal": 0, "current_price": 85.41, "ma200": 128.21734999999998, "trend": "downtrend", "target_long": 86.168, "target_short": 83.632, "vol_surge": false, "vp_poc": 83.8175, "vp_vah": 85.7885, "vp_val": 81.18950000000001}, "KRW-XRP": {"signal": 0, "current_price": 1.4064, "ma200": 1.9078075, "trend": "downtrend", "target_long": 1.4157600000000001, "target_short": 1.36904, "vol_surge": false, "vp_poc": 1.354095, "vp_vah": 1.365047, "vp_val": 1.3130249999999999}, "KRW-DOGE": {"signal": 0, "current_price": 0.09658, "ma200": 0.13644045, "trend": "downtrend", "target_long": 0.096546, "target_short": 0.093234, "vol_surge": false, "vp_poc": 0.09243950000000001, "vp_vah": 0.09425929999999999, "vp_val": 0.0904175}, "KRW-LINK": {"signal": 0, "current_price": 9.307, "ma200": 12.663335000000002, "trend": "downtrend", "target_long": 9.4116, "target_short": 9.1084, "vol_surge": false, "vp_poc": 8.7539, "vp_vah": 9.15134, "vp_val": 8.55518}, "KRW-SUI": {"signal": 0, "current_price": 0.9713, "ma200": 1.5810680000000001, "trend": "downtrend", "target_long": 0.9780599999999999, "target_short": 0.93974, "vol_surge": false, "vp_poc": 0.869572, "vp_vah": 0.937276, "vp_val": 0.8470040000000001}}}