{"okx": {"KRW-BTC": {"signal": 0, "current_price": 63969.9, "ma200": 76623.58300000001, "trend": "downtrend", "target_long": 63845.9, "target_short": 62780.299999999996, "vol_surge": false, "vp_poc": 63393.873999999996, "vp_vah": 64569.51, "vp_val": 61210.55}, "KRW-ETH": {"signal": 0, "current_price": 1724.71, "ma200": 2357.9647999999997, "trend": "downtrend", "target_long": 1723.246, "target_short": 1691.054, "vol_surge": true, "vp_poc": 1710.3421, "vp_vah": 1772.5133, "vp_val": 1640.3995}, "KRW-BNB": {"signal": 0, "current_price": 590.0, "ma200": 704.3444999999999, "trend": "downtrend", "target_long": 587.9, "target_short": 580.6999999999999, "vol_surge": false, "vp_poc": 601.96, "vp_vah": 618.088, "vp_val": 579.7840000000001}, "KRW-SOL": {"signal": 2, "current_price": 72.07, "ma200": 97.11619999999999, "trend": "downtrend", "target_long": 73.416, "target_short": 71.50399999999999, "vol_surge": false, "vp_poc": 66.98140000000001, "vp_vah": 72.095, "vp_val": 62.507000000000005}, "KRW-XRP": {"signal": 0, "current_price": 1.1288, "ma200": 1.5389015000000001, "trend": "downtrend", "target_long": 1.1375, "target_short": 1.1123, "vol_surge": false, "vp_poc": 1.1349300000000002, "vp_vah": 1.1885660000000002, "vp_val": 1.095922}, "KRW-DOGE": {"signal": 0, "current_price": 0.08236, "ma200": 0.10708000000000001, "trend": "downtrend", "target_long": 0.08293400000000001, "target_short": 0.081566, "vol_surge": false, "vp_poc": 0.08624409999999999, "vp_vah": 0.08861150000000001, "vp_val": 0.0821857}, "KRW-LINK": {"signal": 0, "current_price": 7.861, "ma200": 10.1045, "trend": "downtrend", "target_long": 7.881, "target_short": 7.6850000000000005, "vol_surge": false, "vp_poc": 7.8871, "vp_vah": 8.30882, "vp_val": 7.660020000000001}, "KRW-SUI": {"signal": 0, "current_price": 0.7183, "ma200": 1.1184795, "trend": "downtrend", "target_long": 0.70372, "target_short": 0.68308, "vol_surge": false, "vp_poc": 0.758119, "vp_vah": 0.779995, "vp_val": 0.696137}}}