{"okx": {"KRW-BTC": {"signal": 0, "current_price": 67056.7, "ma200": 79135.4905, "trend": "downtrend", "target_long": 68843.94, "target_short": 64671.060000000005, "vol_surge": false, "vp_poc": 76964.567, "vp_vah": 78910.69099999999, "vp_val": 73396.67300000001}, "KRW-ETH": {"signal": 0, "current_price": 1873.16, "ma200": 2479.6868, "trend": "downtrend", "target_long": 1927.114, "target_short": 1792.7060000000001, "vol_surge": false, "vp_poc": 2111.7484, "vp_vah": 2150.4236, "vp_val": 1995.7228}, "KRW-BNB": {"signal": 0, "current_price": 641.6, "ma200": 731.4195, "trend": "downtrend", "target_long": 672.0799999999999, "target_short": 629.52, "vol_surge": false, "vp_poc": 655.325, "vp_vah": 704.675, "vp_val": 636.5249999999999}, "KRW-SOL": {"signal": 0, "current_price": 74.94, "ma200": 103.51549999999999, "trend": "downtrend", "target_long": 77.662, "target_short": 70.798, "vol_surge": false, "vp_poc": 85.527, "vp_vah": 87.1574, "vp_val": 81.451}, "KRW-XRP": {"signal": 0, "current_price": 1.2408, "ma200": 1.6324174999999999, "trend": "downtrend", "target_long": 1.25302, "target_short": 1.17078, "vol_surge": false, "vp_poc": 1.354418, "vp_vah": 1.397902, "vp_val": 1.292298}, "KRW-DOGE": {"signal": 0, "current_price": 0.09396, "ma200": 0.11319715000000001, "trend": "downtrend", "target_long": 0.09676599999999999, "target_short": 0.08873400000000001, "vol_surge": false, "vp_poc": 0.1006957, "vp_vah": 0.1065499, "vp_val": 0.09750249999999999}, "KRW-LINK": {"signal": 0, "current_price": 8.525, "ma200": 10.606454999999999, "trend": "downtrend", "target_long": 8.706399999999999, "target_short": 8.0456, "vol_surge": false, "vp_poc": 9.531880000000001, "vp_vah": 9.81796, "vp_val": 9.05508}, "KRW-SUI": {"signal": 0, "current_price": 0.8327, "ma200": 1.1935495, "trend": "downtrend", "target_long": 0.8442799999999999, "target_short": 0.77292, "vol_surge": false, "vp_poc": 1.0479180000000001, "vp_vah": 1.195014, "vp_val": 0.9335100000000001}}}