{"okx": {"KRW-BTC": {"signal": 0, "current_price": 81423.8, "ma200": 82750.7235, "trend": "downtrend", "target_long": 81054.06, "target_short": 80297.34, "vol_surge": false, "vp_poc": 78272.652, "vp_vah": 79394.948, "vp_val": 75386.748}, "KRW-ETH": {"signal": 0, "current_price": 2347.95, "ma200": 2663.6606, "trend": "downtrend", "target_long": 2341.8619999999996, "target_short": 2310.998, "vol_surge": false, "vp_poc": 2320.1724, "vp_vah": 2377.2252, "vp_val": 2287.5708}, "KRW-BNB": {"signal": 0, "current_price": 655.8, "ma200": 775.3815000000001, "trend": "downtrend", "target_long": 653.9799999999999, "target_short": 645.82, "vol_surge": false, "vp_poc": 634.6700000000001, "vp_vah": 642.3140000000001, "vp_val": 616.106}, "KRW-SOL": {"signal": 0, "current_price": 94.51, "ma200": 113.9438, "trend": "downtrend", "target_long": 94.05799999999999, "target_short": 92.202, "vol_surge": false, "vp_poc": 84.49889999999999, "vp_vah": 88.2593, "vp_val": 83.1559}, "KRW-XRP": {"signal": 0, "current_price": 1.4445, "ma200": 1.7592480000000001, "trend": "downtrend", "target_long": 1.43006, "target_short": 1.41094, "vol_surge": false, "vp_poc": 1.419484, "vp_vah": 1.440508, "vp_val": 1.389116}, "KRW-DOGE": {"signal": 0, "current_price": 0.10904, "ma200": 0.12231834999999998, "trend": "downtrend", "target_long": 0.110038, "target_short": 0.10742199999999999, "vol_surge": false, "vp_poc": 0.1083787, "vp_vah": 0.11636529999999999, "vp_val": 0.09992229999999999}, "KRW-LINK": {"signal": 0, "current_price": 10.595, "ma200": 11.42093, "trend": "downtrend", "target_long": 10.5064, "target_short": 10.2456, "vol_surge": false, "vp_poc": 9.370619999999999, "vp_vah": 9.81418, "vp_val": 9.02942}, "KRW-SUI": {"signal": 0, "current_price": 1.2156, "ma200": 1.3349425, "trend": "downtrend", "target_long": 1.10512, "target_short": 1.03568, "vol_surge": true, "vp_poc": 0.94534, "vp_vah": 1.00582, "vp_val": 0.91174}}}