{"okx": {"KRW-BTC": {"signal": 0, "current_price": 60479.4, "ma200": 75250.7195, "trend": "downtrend", "target_long": 59458.979999999996, "target_short": 57797.22, "vol_surge": false, "vp_poc": 63978.29, "vp_vah": 67205.094, "vp_val": 60182.05}, "KRW-ETH": {"signal": 0, "current_price": 1624.56, "ma200": 2288.32785, "trend": "downtrend", "target_long": 1597.7520000000002, "target_short": 1546.528, "vol_surge": false, "vp_poc": 1711.0824000000002, "vp_vah": 1805.5432, "vp_val": 1623.3688000000002}, "KRW-BNB": {"signal": 0, "current_price": 554.0, "ma200": 689.438, "trend": "downtrend", "target_long": 553.32, "target_short": 539.88, "vol_surge": false, "vp_poc": 555.5540000000001, "vp_vah": 601.922, "vp_val": 542.0300000000001}, "KRW-SOL": {"signal": 0, "current_price": 77.96, "ma200": 94.31115, "trend": "downtrend", "target_long": 75.00800000000001, "target_short": 72.352, "vol_surge": false, "vp_poc": 72.5487, "vp_vah": 74.9343, "vp_val": 68.6721}, "KRW-XRP": {"signal": 0, "current_price": 1.0616, "ma200": 1.494603, "trend": "downtrend", "target_long": 1.05278, "target_short": 1.02742, "vol_surge": false, "vp_poc": 1.1370900000000002, "vp_vah": 1.2507700000000002, "vp_val": 1.057514}, "KRW-DOGE": {"signal": 0, "current_price": 0.07312, "ma200": 0.10409985000000001, "trend": "downtrend", "target_long": 0.073734, "target_short": 0.07044600000000001, "vol_surge": false, "vp_poc": 0.0729485, "vp_vah": 0.08628270000000002, "vp_val": 0.06972990000000001}, "KRW-LINK": {"signal": 0, "current_price": 7.452, "ma200": 9.8115, "trend": "downtrend", "target_long": 7.313400000000001, "target_short": 7.0926, "vol_surge": false, "vp_poc": 7.86071, "vp_vah": 8.47137, "vp_val": 7.34647}, "KRW-SUI": {"signal": 0, "current_price": 0.7228, "ma200": 1.077942, "trend": "downtrend", "target_long": 0.70102, "target_short": 0.68038, "vol_surge": false, "vp_poc": 0.702704, "vp_vah": 0.755984, "vp_val": 0.652976}}}