{"okx": {"KRW-BTC": {"signal": 2, "current_price": 62827.3, "ma200": 78282.369, "trend": "downtrend", "target_long": 63814.36, "target_short": 62369.64, "vol_surge": false, "vp_poc": 73427.79999999999, "vp_vah": 78009.112, "vp_val": 63501.623999999996}, "KRW-ETH": {"signal": 2, "current_price": 1674.11, "ma200": 2439.8993, "trend": "downtrend", "target_long": 1717.976, "target_short": 1662.464, "vol_surge": false, "vp_poc": 2020.4201000000003, "vp_vah": 2151.0581, "vp_val": 1693.8251}, "KRW-BNB": {"signal": 0, "current_price": 602.9, "ma200": 722.3025, "trend": "downtrend", "target_long": 609.6, "target_short": 594.4, "vol_surge": false, "vp_poc": 656.876, "vp_vah": 743.9079999999999, "vp_val": 630.3879999999999}, "KRW-SOL": {"signal": 0, "current_price": 66.58, "ma200": 101.43054999999998, "trend": "downtrend", "target_long": 68.09199999999998, "target_short": 65.548, "vol_surge": false, "vp_poc": 82.15889999999999, "vp_vah": 87.7409, "vp_val": 67.0875}, "KRW-XRP": {"signal": 0, "current_price": 1.1669, "ma200": 1.6031895, "trend": "downtrend", "target_long": 1.19004, "target_short": 1.1463599999999998, "vol_surge": false, "vp_poc": 1.335795, "vp_vah": 1.382933, "vp_val": 1.160711}, "KRW-DOGE": {"signal": 0, "current_price": 0.08577, "ma200": 0.1111547, "trend": "downtrend", "target_long": 0.087594, "target_short": 0.085066, "vol_surge": false, "vp_poc": 0.10065640000000001, "vp_vah": 0.1064884, "vp_val": 0.0866596}, "KRW-LINK": {"signal": 0, "current_price": 7.897, "ma200": 10.44125, "trend": "downtrend", "target_long": 8.159, "target_short": 7.835, "vol_surge": false, "vp_poc": 9.51903, "vp_vah": 9.823129999999999, "vp_val": 7.998530000000001}, "KRW-SUI": {"signal": 2, "current_price": 0.7488, "ma200": 1.168464, "trend": "downtrend", "target_long": 0.773, "target_short": 0.7373999999999999, "vol_surge": false, "vp_poc": 0.757108, "vp_vah": 0.958388, "vp_val": 0.6665319999999999}}}