{"okx": {"KRW-BTC": {"signal": 0, "current_price": 62679.8, "ma200": 74754.818, "trend": "downtrend", "target_long": 63595.08, "target_short": 62686.119999999995, "vol_surge": false, "vp_poc": 59922.065, "vp_vah": 63045.134999999995, "vp_val": 58268.675}, "KRW-ETH": {"signal": 0, "current_price": 1780.92, "ma200": 2264.23, "trend": "downtrend", "target_long": 1806.184, "target_short": 1755.1360000000002, "vol_surge": false, "vp_poc": 1711.7906, "vp_vah": 1803.4794, "vp_val": 1626.6509999999998}, "KRW-BNB": {"signal": 0, "current_price": 585.9, "ma200": 683.618, "trend": "downtrend", "target_long": 579.5, "target_short": 571.5, "vol_surge": false, "vp_poc": 557.825, "vp_vah": 585.875, "vp_val": 546.2750000000001}, "KRW-SOL": {"signal": 2, "current_price": 81.2, "ma200": 93.3907, "trend": "downtrend", "target_long": 82.852, "target_short": 80.74799999999999, "vol_surge": false, "vp_poc": 72.6199, "vp_vah": 75.4101, "vp_val": 67.0395}, "KRW-XRP": {"signal": 0, "current_price": 1.1372, "ma200": 1.4788035, "trend": "downtrend", "target_long": 1.17848, "target_short": 1.13632, "vol_surge": false, "vp_poc": 1.0511220000000001, "vp_vah": 1.1448300000000002, "vp_val": 1.0165980000000001}, "KRW-DOGE": {"signal": 0, "current_price": 0.0773, "ma200": 0.1030189, "trend": "downtrend", "target_long": 0.078782, "target_short": 0.076558, "vol_surge": false, "vp_poc": 0.07322020000000001, "vp_vah": 0.08026900000000001, "vp_val": 0.0696958}, "KRW-LINK": {"signal": 0, "current_price": 7.994, "ma200": 9.712975, "trend": "downtrend", "target_long": 8.125, "target_short": 7.888999999999999, "vol_surge": false, "vp_poc": 7.9069199999999995, "vp_vah": 8.17188, "vp_val": 7.31812}, "KRW-SUI": {"signal": 2, "current_price": 0.7561, "ma200": 1.0632225, "trend": "downtrend", "target_long": 0.77442, "target_short": 0.74938, "vol_surge": false, "vp_poc": 0.700007, "vp_vah": 0.750497, "vp_val": 0.673079}}}