{"okx": {"KRW-BTC": {"signal": 2, "current_price": 65669.0, "ma200": 77306.134, "trend": "downtrend", "target_long": 66331.56, "target_short": 65028.44, "vol_surge": false, "vp_poc": 62612.674, "vp_vah": 66266.386, "vp_val": 60785.818}, "KRW-ETH": {"signal": 2, "current_price": 1776.29, "ma200": 2390.65985, "trend": "downtrend", "target_long": 1825.534, "target_short": 1760.726, "vol_surge": false, "vp_poc": 1661.5365000000002, "vp_vah": 1813.2545, "vp_val": 1574.8405}, "KRW-BNB": {"signal": 0, "current_price": 606.9, "ma200": 711.7539999999999, "trend": "downtrend", "target_long": 612.38, "target_short": 597.82, "vol_surge": false, "vp_poc": 603.9000000000001, "vp_vah": 687.1479999999999, "vp_val": 562.2760000000001}, "KRW-SOL": {"signal": 0, "current_price": 73.76, "ma200": 98.75110000000001, "trend": "downtrend", "target_long": 74.878, "target_short": 72.222, "vol_surge": false, "vp_poc": 67.32990000000001, "vp_vah": 72.4537, "vp_val": 61.7403}, "KRW-XRP": {"signal": 2, "current_price": 1.2128, "ma200": 1.563758, "trend": "downtrend", "target_long": 1.23778, "target_short": 1.19722, "vol_surge": false, "vp_poc": 1.1350820000000001, "vp_vah": 1.236394, "vp_val": 1.0907580000000001}, "KRW-DOGE": {"signal": 0, "current_price": 0.0873, "ma200": 0.1086417, "trend": "downtrend", "target_long": 0.088328, "target_short": 0.08603199999999998, "vol_surge": false, "vp_poc": 0.0865666, "vp_vah": 0.0918862, "vp_val": 0.0817306}, "KRW-LINK": {"signal": 2, "current_price": 8.252, "ma200": 10.24423, "trend": "downtrend", "target_long": 8.435599999999999, "target_short": 8.1244, "vol_surge": false, "vp_poc": 7.805949999999999, "vp_vah": 8.59373, "vp_val": 7.48157}, "KRW-SUI": {"signal": 0, "current_price": 0.7979, "ma200": 1.139867, "trend": "downtrend", "target_long": 0.8118799999999999, "target_short": 0.78132, "vol_surge": false, "vp_poc": 0.7528109999999999, "vp_vah": 0.8247530000000001, "vp_val": 0.719607}}}