{"okx": {"KRW-ETH": {"signal": 0, "current_price": 1934.52, "ma200": 2167.583, "trend": "downtrend", "target_long": 1951.246, "target_short": 1909.134, "vol_surge": false, "vp_poc": 1759.31, "vp_vah": 1826.546, "vp_val": 1733.45}, "KRW-BNB": {"signal": 0, "current_price": 571.7, "ma200": 659.81, "trend": "downtrend", "target_long": 577.9, "target_short": 570.6999999999999, "vol_surge": false, "vp_poc": 571.854, "vp_vah": 583.194, "vp_val": 568.8299999999999}, "KRW-SOL": {"signal": 0, "current_price": 78.13, "ma200": 89.33635, "trend": "downtrend", "target_long": 78.728, "target_short": 77.552, "vol_surge": false, "vp_poc": 77.5079, "vp_vah": 80.4787, "vp_val": 74.53710000000001}, "KRW-XRP": {"signal": 0, "current_price": 1.1405, "ma200": 1.4123109999999999, "trend": "downtrend", "target_long": 1.16512, "target_short": 1.12248, "vol_surge": false, "vp_poc": 1.091303, "vp_vah": 1.1383549999999998, "vp_val": 1.0834609999999998}, "KRW-DOGE": {"signal": 0, "current_price": 0.0734, "ma200": 0.09836254999999999, "trend": "downtrend", "target_long": 0.07416800000000001, "target_short": 0.072632, "vol_surge": false, "vp_poc": 0.07267499999999999, "vp_vah": 0.075225, "vp_val": 0.07148499999999999}, "KRW-LINK": {"signal": 0, "current_price": 8.726, "ma200": 9.349255000000001, "trend": "downtrend", "target_long": 8.738199999999999, "target_short": 8.5838, "vol_surge": false, "vp_poc": 8.00516, "vp_vah": 8.3286, "vp_val": 7.582199999999999}, "KRW-SUI": {"signal": 0, "current_price": 0.7665, "ma200": 1.002714, "trend": "downtrend", "target_long": 0.77888, "target_short": 0.76512, "vol_surge": false, "vp_poc": 0.745477, "vp_vah": 0.766141, "vp_val": 0.728257}}}