{"okx": {"KRW-BTC": {"signal": 0, "current_price": 77655.0, "ma200": 81137.292, "trend": "downtrend", "target_long": 77341.95999999999, "target_short": 76334.04000000001, "vol_surge": false, "vp_poc": 80465.85, "vp_vah": 81687.87, "vp_val": 77614.47}, "KRW-ETH": {"signal": 0, "current_price": 2136.11, "ma200": 2576.9573, "trend": "downtrend", "target_long": 2133.246, "target_short": 2090.8140000000003, "vol_surge": false, "vp_poc": 2316.4734, "vp_vah": 2406.397, "vp_val": 2240.3842}, "KRW-BNB": {"signal": 0, "current_price": 649.7, "ma200": 752.885, "trend": "downtrend", "target_long": 644.3, "target_short": 635.5, "vol_surge": false, "vp_poc": 651.191, "vp_vah": 672.443, "vp_val": 634.4929999999999}, "KRW-SOL": {"signal": 0, "current_price": 85.86, "ma200": 108.7924, "trend": "downtrend", "target_long": 85.19800000000001, "target_short": 83.382, "vol_surge": false, "vp_poc": 84.15100000000001, "vp_vah": 92.107, "vp_val": 83.53899999999999}, "KRW-XRP": {"signal": 0, "current_price": 1.3678, "ma200": 1.7034245000000001, "trend": "downtrend", "target_long": 1.3794199999999999, "target_short": 1.34358, "vol_surge": false, "vp_poc": 1.422247, "vp_vah": 1.4628670000000001, "vp_val": 1.381627}, "KRW-DOGE": {"signal": 0, "current_price": 0.10404, "ma200": 0.1181116, "trend": "downtrend", "target_long": 0.104162, "target_short": 0.10181799999999999, "vol_surge": false, "vp_poc": 0.1084186, "vp_vah": 0.1137754, "vp_val": 0.10707939999999999}, "KRW-LINK": {"signal": 0, "current_price": 9.63, "ma200": 11.03335, "trend": "downtrend", "target_long": 9.6028, "target_short": 9.2932, "vol_surge": false, "vp_poc": 9.446839999999998, "vp_vah": 10.421, "vp_val": 9.3386}, "KRW-SUI": {"signal": 0, "current_price": 1.0707, "ma200": 1.2679900000000002, "trend": "downtrend", "target_long": 1.07406, "target_short": 1.03014, "vol_surge": false, "vp_poc": 1.0337749999999999, "vp_vah": 1.226321, "vp_val": 0.912167}}}