{"okx": {"KRW-BTC": {"signal": 2, "current_price": 62006.1, "ma200": 78959.62150000001, "trend": "downtrend", "target_long": 65515.920000000006, "target_short": 62779.68, "vol_surge": false, "vp_poc": 77266.71900000001, "vp_vah": 78338.745, "vp_val": 72978.615}, "KRW-ETH": {"signal": 2, "current_price": 1740.34, "ma200": 2472.61165, "trend": "downtrend", "target_long": 1863.194, "target_short": 1763.306, "vol_surge": false, "vp_poc": 2113.0726000000004, "vp_vah": 2154.223, "vp_val": 1979.3338}, "KRW-BNB": {"signal": 0, "current_price": 598.5, "ma200": 729.6735000000001, "trend": "downtrend", "target_long": 637.1400000000001, "target_short": 604.26, "vol_surge": false, "vp_poc": 657.222, "vp_vah": 706.9499999999999, "vp_val": 635.4659999999999}, "KRW-SOL": {"signal": 2, "current_price": 68.01, "ma200": 103.15299999999999, "trend": "downtrend", "target_long": 73.538, "target_short": 69.682, "vol_surge": false, "vp_poc": 85.56909999999999, "vp_vah": 87.3907, "vp_val": 81.0151}, "KRW-XRP": {"signal": 2, "current_price": 1.1564, "ma200": 1.626926, "trend": "downtrend", "target_long": 1.22608, "target_short": 1.17632, "vol_surge": false, "vp_poc": 1.364875, "vp_vah": 1.400647, "vp_val": 1.299293}, "KRW-DOGE": {"signal": 2, "current_price": 0.08751, "ma200": 0.11282879999999999, "trend": "downtrend", "target_long": 0.092952, "target_short": 0.089808, "vol_surge": false, "vp_poc": 0.10377449999999999, "vp_vah": 0.1059929, "vp_val": 0.09711929999999999}, "KRW-LINK": {"signal": 2, "current_price": 7.947, "ma200": 10.576545, "trend": "downtrend", "target_long": 8.5346, "target_short": 8.1274, "vol_surge": false, "vp_poc": 9.52575, "vp_vah": 9.84901, "vp_val": 9.06395}, "KRW-SUI": {"signal": 0, "current_price": 0.7715, "ma200": 1.188972, "trend": "downtrend", "target_long": 0.84602, "target_short": 0.80338, "vol_surge": false, "vp_poc": 1.052272, "vp_vah": 1.160536, "vp_val": 0.910696}}}