{"okx": {"KRW-BTC": {"signal": 2, "current_price": 65698.9, "ma200": 72602.46399999999, "trend": "downtrend", "target_long": 66592.78, "target_short": 65635.01999999999, "vol_surge": false, "vp_poc": 64305.751000000004, "vp_vah": 64869.421, "vp_val": 62389.273}, "KRW-ETH": {"signal": 0, "current_price": 1923.07, "ma200": 2161.47335, "trend": "downtrend", "target_long": 1952.8999999999999, "target_short": 1915.7, "vol_surge": false, "vp_poc": 1784.1156, "vp_vah": 1827.9708, "vp_val": 1730.5148}, "KRW-BNB": {"signal": 2, "current_price": 569.8, "ma200": 658.1775, "trend": "downtrend", "target_long": 574.76, "target_short": 567.6400000000001, "vol_surge": false, "vp_poc": 571.854, "vp_vah": 580.9259999999999, "vp_val": 567.318}, "KRW-SOL": {"signal": 2, "current_price": 77.56, "ma200": 89.0529, "trend": "downtrend", "target_long": 78.724, "target_short": 77.236, "vol_surge": false, "vp_poc": 77.5079, "vp_vah": 79.6299, "vp_val": 74.53710000000001}, "KRW-XRP": {"signal": 2, "current_price": 1.1345, "ma200": 1.4075374999999999, "trend": "downtrend", "target_long": 1.1535399999999998, "target_short": 1.13066, "vol_surge": false, "vp_poc": 1.091303, "vp_vah": 1.143583, "vp_val": 1.0834609999999998}, "KRW-DOGE": {"signal": 2, "current_price": 0.07246, "ma200": 0.09797535, "trend": "downtrend", "target_long": 0.07375, "target_short": 0.07227000000000001, "vol_surge": false, "vp_poc": 0.07267499999999999, "vp_vah": 0.074715, "vp_val": 0.07148499999999999}, "KRW-LINK": {"signal": 2, "current_price": 8.572, "ma200": 9.324505, "trend": "downtrend", "target_long": 8.706, "target_short": 8.558, "vol_surge": false, "vp_poc": 8.00516, "vp_vah": 8.35348, "vp_val": 7.582199999999999}, "KRW-SUI": {"signal": 0, "current_price": 0.7669, "ma200": 0.9980695, "trend": "downtrend", "target_long": 0.77552, "target_short": 0.7540800000000001, "vol_surge": false, "vp_poc": 0.745477, "vp_vah": 0.766141, "vp_val": 0.728257}}}