{"okx": {"KRW-BTC": {"signal": 0, "current_price": 66458.0, "ma200": 91326.744, "trend": "downtrend", "target_long": 67854.29999999999, "target_short": 64953.49999999999, "vol_surge": false, "vp_poc": 70681.17800000001, "vp_vah": 72144.486, "vp_val": 67545.51800000001}, "KRW-ETH": {"signal": 0, "current_price": 1998.88, "ma200": 3093.1237000000006, "trend": "downtrend", "target_long": 2037.014, "target_short": 1948.606, "vol_surge": false, "vp_poc": 2070.9547000000002, "vp_vah": 2199.2983, "vp_val": 2015.9503}, "KRW-BNB": {"signal": 2, "current_price": 612.1, "ma200": 872.0559999999999, "trend": "downtrend", "target_long": 624.5, "target_short": 603.7, "vol_surge": false, "vp_poc": 644.399, "vp_vah": 665.6410000000001, "vp_val": 623.157}, "KRW-SOL": {"signal": 2, "current_price": 82.26, "ma200": 141.91205, "trend": "downtrend", "target_long": 85.176, "target_short": 81.02399999999999, "vol_surge": false, "vp_poc": 86.8629, "vp_vah": 92.0245, "vp_val": 84.9273}, "KRW-XRP": {"signal": 0, "current_price": 1.3353, "ma200": 2.060953, "trend": "downtrend", "target_long": 1.3476400000000002, "target_short": 1.30396, "vol_surge": false, "vp_poc": 1.407759, "vp_vah": 1.4655390000000001, "vp_val": 1.355757}, "KRW-DOGE": {"signal": 0, "current_price": 0.09101, "ma200": 0.1520476, "trend": "downtrend", "target_long": 0.091492, "target_short": 0.08874800000000001, "vol_surge": false, "vp_poc": 0.09473129999999999, "vp_vah": 0.0975195, "vp_val": 0.0897745}, "KRW-LINK": {"signal": 2, "current_price": 8.474, "ma200": 13.99783, "trend": "downtrend", "target_long": 8.767800000000001, "target_short": 8.3702, "vol_surge": false, "vp_poc": 9.039950000000001, "vp_vah": 9.51735, "vp_val": 8.76715}, "KRW-SUI": {"signal": 2, "current_price": 0.861, "ma200": 1.8300595, "trend": "downtrend", "target_long": 0.9059400000000001, "target_short": 0.85546, "vol_surge": false, "vp_poc": 0.967435, "vp_vah": 1.0372949999999999, "vp_val": 0.932505}}}