{"okx": {"KRW-BTC": {"signal": 2, "current_price": 63080.8, "ma200": 73790.158, "trend": "downtrend", "target_long": 64046.86, "target_short": 63524.53999999999, "vol_surge": false, "vp_poc": 59947.439, "vp_vah": 62706.19900000001, "vp_val": 58292.183000000005}, "KRW-ETH": {"signal": 0, "current_price": 1781.5, "ma200": 2217.3454, "trend": "downtrend", "target_long": 1825.64, "target_short": 1787.9599999999998, "vol_surge": false, "vp_poc": 1762.54, "vp_vah": 1829.34, "vp_val": 1635.62}, "KRW-BNB": {"signal": 2, "current_price": 569.7, "ma200": 672.7209999999999, "trend": "downtrend", "target_long": 579.8199999999999, "target_short": 567.98, "vol_surge": false, "vp_poc": 575.978, "vp_vah": 581.598, "vp_val": 554.6220000000001}, "KRW-SOL": {"signal": 0, "current_price": 76.3, "ma200": 91.57385000000001, "trend": "downtrend", "target_long": 77.76599999999999, "target_short": 76.054, "vol_surge": false, "vp_poc": 77.4031, "vp_vah": 82.98349999999999, "vp_val": 71.8227}, "KRW-XRP": {"signal": 2, "current_price": 1.0778, "ma200": 1.4477115, "trend": "downtrend", "target_long": 1.09518, "target_short": 1.0766200000000001, "vol_surge": false, "vp_poc": 1.098399, "vp_vah": 1.115889, "vp_val": 1.031937}, "KRW-DOGE": {"signal": 2, "current_price": 0.0722, "ma200": 0.10080675, "trend": "downtrend", "target_long": 0.073378, "target_short": 0.07208200000000001, "vol_surge": false, "vp_poc": 0.0733073, "vp_vah": 0.0763943, "vp_val": 0.07207250000000001}, "KRW-LINK": {"signal": 0, "current_price": 7.985, "ma200": 9.53501, "trend": "downtrend", "target_long": 8.0958, "target_short": 7.8942000000000005, "vol_surge": false, "vp_poc": 7.32409, "vp_vah": 7.88425, "vp_val": 7.09069}, "KRW-SUI": {"signal": 0, "current_price": 0.7336, "ma200": 1.0354115, "trend": "downtrend", "target_long": 0.7466200000000001, "target_short": 0.7251799999999999, "vol_surge": false, "vp_poc": 0.731293, "vp_vah": 0.765431, "vp_val": 0.689277}}}