{"okx": {"KRW-BTC": {"signal": 0, "current_price": 62982.3, "ma200": 78393.353, "trend": "downtrend", "target_long": 64789.76, "target_short": 61884.24, "vol_surge": false, "vp_poc": 77245.56, "vp_vah": 78009.112, "vp_val": 63883.399999999994}, "KRW-ETH": {"signal": 0, "current_price": 1666.08, "ma200": 2445.23765, "trend": "downtrend", "target_long": 1754.1599999999999, "target_short": 1626.96, "vol_surge": false, "vp_poc": 2111.8667, "vp_vah": 2151.0581, "vp_val": 1719.9527000000003}, "KRW-BNB": {"signal": 0, "current_price": 595.7, "ma200": 723.41, "trend": "downtrend", "target_long": 619.48, "target_short": 589.3199999999999, "vol_surge": false, "vp_poc": 656.876, "vp_vah": 740.124, "vp_val": 634.172}, "KRW-SOL": {"signal": 0, "current_price": 65.73, "ma200": 101.73555, "trend": "downtrend", "target_long": 68.86999999999999, "target_short": 64.11, "vol_surge": false, "vp_poc": 85.5081, "vp_vah": 87.7409, "vp_val": 67.6457}, "KRW-XRP": {"signal": 0, "current_price": 1.1406, "ma200": 1.60697, "trend": "downtrend", "target_long": 1.18914, "target_short": 1.1218599999999999, "vol_surge": false, "vp_poc": 1.3559970000000001, "vp_vah": 1.382933, "vp_val": 1.1674450000000003}, "KRW-DOGE": {"signal": 0, "current_price": 0.08528, "ma200": 0.11142205, "trend": "downtrend", "target_long": 0.088654, "target_short": 0.083886, "vol_surge": false, "vp_poc": 0.10065640000000001, "vp_vah": 0.1064884, "vp_val": 0.08782599999999999}, "KRW-LINK": {"signal": 0, "current_price": 7.829, "ma200": 10.461495, "trend": "downtrend", "target_long": 8.183, "target_short": 7.651, "vol_surge": false, "vp_poc": 9.51903, "vp_vah": 9.823129999999999, "vp_val": 8.241810000000001}, "KRW-SUI": {"signal": 0, "current_price": 0.7465, "ma200": 1.1716305, "trend": "downtrend", "target_long": 0.78432, "target_short": 0.7324799999999999, "vol_surge": false, "vp_poc": 0.757108, "vp_vah": 0.9986440000000001, "vp_val": 0.6665319999999999}}}