{"okx": {"KRW-BTC": {"signal": 2, "current_price": 61249.8, "ma200": 78814.1515, "trend": "downtrend", "target_long": 65247.32, "target_short": 62530.68, "vol_surge": false, "vp_poc": 77029.40999999999, "vp_vah": 78430.29, "vp_val": 69324.56999999999}, "KRW-ETH": {"signal": 2, "current_price": 1638.4, "ma200": 2465.7977, "trend": "downtrend", "target_long": 1812.164, "target_short": 1729.276, "vol_surge": true, "vp_poc": 2112.0845, "vp_vah": 2146.6787000000004, "vp_val": 1892.9879}, "KRW-BNB": {"signal": 0, "current_price": 588.0, "ma200": 728.1075, "trend": "downtrend", "target_long": 619.16, "target_short": 590.0400000000001, "vol_surge": false, "vp_poc": 656.346, "vp_vah": 715.982, "vp_val": 631.79}, "KRW-SOL": {"signal": 2, "current_price": 65.28, "ma200": 102.82875, "trend": "downtrend", "target_long": 71.046, "target_short": 66.694, "vol_surge": true, "vp_poc": 84.35849999999999, "vp_vah": 87.7759, "vp_val": 77.0355}, "KRW-XRP": {"signal": 2, "current_price": 1.1127, "ma200": 1.6217325, "trend": "downtrend", "target_long": 1.19722, "target_short": 1.1405800000000001, "vol_surge": false, "vp_poc": 1.365094, "vp_vah": 1.398834, "vp_val": 1.2706220000000001}, "KRW-DOGE": {"signal": 2, "current_price": 0.08324, "ma200": 0.1124895, "trend": "downtrend", "target_long": 0.090994, "target_short": 0.086106, "vol_surge": false, "vp_poc": 0.1008097, "vp_vah": 0.10880989999999999, "vp_val": 0.0965019}, "KRW-LINK": {"signal": 2, "current_price": 7.505, "ma200": 10.54777, "trend": "downtrend", "target_long": 8.258, "target_short": 7.774, "vol_surge": false, "vp_poc": 9.52319, "vp_vah": 9.79309, "vp_val": 8.87543}, "KRW-SUI": {"signal": 2, "current_price": 0.7124, "ma200": 1.184423, "trend": "downtrend", "target_long": 0.7996200000000001, "target_short": 0.73378, "vol_surge": false, "vp_poc": 1.053426, "vp_vah": 1.159862, "vp_val": 0.869582}}}