{"okx": {"KRW-ETH": {"signal": 0, "current_price": 1676.17, "ma200": 2408.7644, "trend": "downtrend", "target_long": 1695.58, "target_short": 1667.38, "vol_surge": false, "vp_poc": 1663.3875, "vp_vah": 1854.1725000000001, "vp_val": 1510.7595000000001}, "KRW-BNB": {"signal": 0, "current_price": 610.6, "ma200": 715.852, "trend": "downtrend", "target_long": 614.9599999999999, "target_short": 604.64, "vol_surge": false, "vp_poc": 600.116, "vp_vah": 690.932, "vp_val": 558.492}, "KRW-SOL": {"signal": 0, "current_price": 68.26, "ma200": 99.70025000000001, "trend": "downtrend", "target_long": 70.13400000000001, "target_short": 67.726, "vol_surge": false, "vp_poc": 67.14080000000001, "vp_vah": 73.3904, "vp_val": 60.370400000000004}, "KRW-XRP": {"signal": 0, "current_price": 1.1464, "ma200": 1.5781185, "trend": "downtrend", "target_long": 1.16318, "target_short": 1.13822, "vol_surge": false, "vp_poc": 1.1477460000000002, "vp_vah": 1.249058, "vp_val": 1.059098}, "KRW-DOGE": {"signal": 0, "current_price": 0.08738, "ma200": 0.10957709999999998, "trend": "downtrend", "target_long": 0.08908, "target_short": 0.08668, "vol_surge": false, "vp_poc": 0.0862792, "vp_vah": 0.09415119999999999, "vp_val": 0.078932}, "KRW-LINK": {"signal": 0, "current_price": 7.914, "ma200": 10.31599, "trend": "downtrend", "target_long": 8.065, "target_short": 7.909, "vol_surge": false, "vp_poc": 7.88237, "vp_vah": 8.90419, "vp_val": 7.02189}, "KRW-SUI": {"signal": 0, "current_price": 0.7588, "ma200": 1.150523, "trend": "downtrend", "target_long": 0.77988, "target_short": 0.75652, "vol_surge": false, "vp_poc": 0.7605999999999999, "vp_vah": 0.83988, "vp_val": 0.673392}}}