{"okx": {"KRW-BTC": {"signal": 0, "current_price": 80338.4, "ma200": 83020.4055, "trend": "downtrend", "target_long": 80900.0, "target_short": 79136.4, "vol_surge": false, "vp_poc": 78371.19099999999, "vp_vah": 79466.083, "vp_val": 75451.47899999999}, "KRW-ETH": {"signal": 0, "current_price": 2313.21, "ma200": 2678.70965, "trend": "downtrend", "target_long": 2320.714, "target_short": 2262.3860000000004, "vol_surge": false, "vp_poc": 2316.0972, "vp_vah": 2373.15, "vp_val": 2283.4956}, "KRW-BNB": {"signal": 0, "current_price": 651.1, "ma200": 779.5059999999999, "trend": "downtrend", "target_long": 645.3399999999999, "target_short": 629.26, "vol_surge": false, "vp_poc": 634.6700000000001, "vp_vah": 640.1300000000001, "vp_val": 617.1980000000001}, "KRW-SOL": {"signal": 0, "current_price": 92.41, "ma200": 114.83635, "trend": "downtrend", "target_long": 89.55199999999999, "target_short": 87.328, "vol_surge": false, "vp_poc": 84.7131, "vp_vah": 87.44669999999999, "vp_val": 83.1185}, "KRW-XRP": {"signal": 0, "current_price": 1.4194, "ma200": 1.768863, "trend": "downtrend", "target_long": 1.4052799999999999, "target_short": 1.3687200000000002, "vol_surge": false, "vp_poc": 1.419484, "vp_vah": 1.435836, "vp_val": 1.38678}, "KRW-DOGE": {"signal": 0, "current_price": 0.10935, "ma200": 0.1231495, "trend": "downtrend", "target_long": 0.110182, "target_short": 0.10555799999999999, "vol_surge": false, "vp_poc": 0.1079976, "vp_vah": 0.11633439999999999, "vp_val": 0.09818959999999999}, "KRW-LINK": {"signal": 0, "current_price": 10.349, "ma200": 11.490125, "trend": "downtrend", "target_long": 9.9848, "target_short": 9.7192, "vol_surge": false, "vp_poc": 9.37023, "vp_vah": 9.56067, "vp_val": 9.05283}, "KRW-SUI": {"signal": 0, "current_price": 1.0241, "ma200": 1.347877, "trend": "downtrend", "target_long": 0.9911800000000001, "target_short": 0.94582, "vol_surge": false, "vp_poc": 0.9326829999999999, "vp_vah": 0.969907, "vp_val": 0.914071}}}