{"okx": {"KRW-BTC": {"signal": 2, "current_price": 71067.0, "ma200": 88493.308, "trend": "downtrend", "target_long": 71934.64, "target_short": 70211.36, "vol_surge": false, "vp_poc": 68378.94, "vp_vah": 70107.7, "vp_val": 66021.54000000001}, "KRW-ETH": {"signal": 2, "current_price": 2185.33, "ma200": 2947.48695, "trend": "downtrend", "target_long": 2226.434, "target_short": 2153.946, "vol_surge": false, "vp_poc": 2109.2508, "vp_vah": 2169.5652, "vp_val": 2035.5331999999999}, "KRW-BNB": {"signal": 2, "current_price": 601.0, "ma200": 850.6845, "trend": "downtrend", "target_long": 609.8599999999999, "target_short": 592.74, "vol_surge": false, "vp_poc": 611.127, "vp_vah": 634.171, "vp_val": 593.021}, "KRW-SOL": {"signal": 2, "current_price": 82.26, "ma200": 132.54015, "trend": "downtrend", "target_long": 84.026, "target_short": 81.11399999999999, "vol_surge": false, "vp_poc": 82.57300000000001, "vp_vah": 86.6002, "vp_val": 78.8814}, "KRW-XRP": {"signal": 2, "current_price": 1.3333, "ma200": 1.9589055, "trend": "downtrend", "target_long": 1.3632, "target_short": 1.3224, "vol_surge": false, "vp_poc": 1.340609, "vp_vah": 1.389307, "vp_val": 1.306895}, "KRW-DOGE": {"signal": 2, "current_price": 0.09163, "ma200": 0.1413697, "trend": "downtrend", "target_long": 0.093798, "target_short": 0.091022, "vol_surge": false, "vp_poc": 0.0922115, "vp_vah": 0.0938195, "vp_val": 0.0900005}, "KRW-LINK": {"signal": 2, "current_price": 8.792, "ma200": 13.086310000000001, "trend": "downtrend", "target_long": 9.0586, "target_short": 8.6594, "vol_surge": false, "vp_poc": 8.85953, "vp_vah": 9.12013, "vp_val": 8.52075}, "KRW-SUI": {"signal": 2, "current_price": 0.9106, "ma200": 1.6620985, "trend": "downtrend", "target_long": 0.9407, "target_short": 0.8866999999999999, "vol_surge": false, "vp_poc": 0.872004, "vp_vah": 0.9387000000000001, "vp_val": 0.852948}}}