{"okx": {"KRW-BTC": {"signal": 0, "current_price": 62443.3, "ma200": 76489.434, "trend": "downtrend", "target_long": 64954.159999999996, "target_short": 63101.04, "vol_surge": false, "vp_poc": 63451.263999999996, "vp_vah": 64433.92, "vp_val": 61322.176}, "KRW-ETH": {"signal": 0, "current_price": 1655.61, "ma200": 2351.1527499999997, "trend": "downtrend", "target_long": 1757.504, "target_short": 1699.216, "vol_surge": false, "vp_poc": 1707.95, "vp_vah": 1776.95, "vp_val": 1652.75}, "KRW-BNB": {"signal": 0, "current_price": 572.2, "ma200": 702.7875, "trend": "downtrend", "target_long": 597.48, "target_short": 582.9200000000001, "vol_surge": false, "vp_poc": 603.692, "vp_vah": 611.412, "vp_val": 577.444}, "KRW-SOL": {"signal": 2, "current_price": 69.01, "ma200": 96.7942, "trend": "downtrend", "target_long": 73.416, "target_short": 70.50399999999999, "vol_surge": false, "vp_poc": 66.98140000000001, "vp_vah": 71.45580000000001, "vp_val": 62.507000000000005}, "KRW-XRP": {"signal": 0, "current_price": 1.1061, "ma200": 1.5342645, "trend": "downtrend", "target_long": 1.14652, "target_short": 1.11268, "vol_surge": false, "vp_poc": 1.1349300000000002, "vp_vah": 1.1836900000000001, "vp_val": 1.1007980000000002}, "KRW-DOGE": {"signal": 0, "current_price": 0.07923, "ma200": 0.10677895000000001, "trend": "downtrend", "target_long": 0.083768, "target_short": 0.081192, "vol_surge": false, "vp_poc": 0.0863933, "vp_vah": 0.0887725, "vp_val": 0.08222969999999999}, "KRW-LINK": {"signal": 0, "current_price": 7.553, "ma200": 10.074349999999999, "trend": "downtrend", "target_long": 8.0218, "target_short": 7.7242, "vol_surge": false, "vp_poc": 7.88655, "vp_vah": 8.178329999999999, "vp_val": 7.56235}, "KRW-SUI": {"signal": 0, "current_price": 0.6908, "ma200": 1.1141625, "trend": "downtrend", "target_long": 0.74026, "target_short": 0.69914, "vol_surge": false, "vp_poc": 0.757887, "vp_vah": 0.778179, "vp_val": 0.7003929999999999}}}