{"okx": {"KRW-BTC": {"signal": 0, "current_price": 77776.9, "ma200": 85676.745, "trend": "downtrend", "target_long": 79511.86000000002, "target_short": 76854.34, "vol_surge": false, "vp_poc": 74962.84, "vp_vah": 78305.296, "vp_val": 71877.496}, "KRW-ETH": {"signal": 0, "current_price": 2330.2, "ma200": 2813.5586, "trend": "downtrend", "target_long": 2418.418, "target_short": 2329.722, "vol_surge": false, "vp_poc": 2319.3678, "vp_vah": 2408.2358000000004, "vp_val": 2212.7262}, "KRW-BNB": {"signal": 0, "current_price": 634.2, "ma200": 821.4605, "trend": "downtrend", "target_long": 646.62, "target_short": 628.38, "vol_surge": false, "vp_poc": 603.75, "vp_vah": 633.23, "vp_val": 598.39}, "KRW-SOL": {"signal": 0, "current_price": 85.98, "ma200": 123.4109, "trend": "downtrend", "target_long": 88.186, "target_short": 85.554, "vol_surge": false, "vp_poc": 85.42519999999999, "vp_vah": 86.9084, "vp_val": 81.71719999999999}, "KRW-XRP": {"signal": 2, "current_price": 1.4199, "ma200": 1.8546325, "trend": "downtrend", "target_long": 1.4440199999999999, "target_short": 1.41538, "vol_surge": false, "vp_poc": 1.35503, "vp_vah": 1.4243299999999999, "vp_val": 1.31345}, "KRW-DOGE": {"signal": 0, "current_price": 0.09673, "ma200": 0.13110025, "trend": "downtrend", "target_long": 0.09709999999999999, "target_short": 0.09414, "vol_surge": false, "vp_poc": 0.0930742, "vp_vah": 0.096563, "vp_val": 0.0910806}, "KRW-LINK": {"signal": 2, "current_price": 9.287, "ma200": 12.216320000000001, "trend": "downtrend", "target_long": 9.402, "target_short": 9.182, "vol_surge": false, "vp_poc": 9.29769, "vp_vah": 9.46461, "vp_val": 8.90821}, "KRW-SUI": {"signal": 2, "current_price": 0.941, "ma200": 1.492416, "trend": "downtrend", "target_long": 0.95774, "target_short": 0.93126, "vol_surge": false, "vp_poc": 0.954591, "vp_vah": 0.9752209999999999, "vp_val": 0.905079}}}