{"okx": {"KRW-BTC": {"signal": 0, "current_price": 62666.5, "ma200": 73662.937, "trend": "downtrend", "target_long": 63370.06, "target_short": 61294.14, "vol_surge": false, "vp_poc": 59947.439, "vp_vah": 62706.19900000001, "vp_val": 58292.183000000005}, "KRW-ETH": {"signal": 0, "current_price": 1785.76, "ma200": 2211.6093, "trend": "downtrend", "target_long": 1815.056, "target_short": 1738.2240000000002, "vol_surge": false, "vp_poc": 1762.54, "vp_vah": 1842.6999999999998, "vp_val": 1669.02}, "KRW-BNB": {"signal": 0, "current_price": 569.7, "ma200": 671.385, "trend": "downtrend", "target_long": 574.7, "target_short": 560.7, "vol_surge": false, "vp_poc": 570.358, "vp_vah": 579.35, "vp_val": 552.374}, "KRW-SOL": {"signal": 0, "current_price": 75.25, "ma200": 91.33225, "trend": "downtrend", "target_long": 76.658, "target_short": 73.36200000000001, "vol_surge": false, "vp_poc": 77.4031, "vp_vah": 81.38910000000001, "vp_val": 70.6269}, "KRW-XRP": {"signal": 0, "current_price": 1.0707, "ma200": 1.4437935, "trend": "downtrend", "target_long": 1.08726, "target_short": 1.04774, "vol_surge": false, "vp_poc": 1.098399, "vp_vah": 1.119387, "vp_val": 1.031937}, "KRW-DOGE": {"signal": 0, "current_price": 0.07239, "ma200": 0.10055695, "trend": "downtrend", "target_long": 0.073308, "target_short": 0.07069199999999999, "vol_surge": false, "vp_poc": 0.07335710000000001, "vp_vah": 0.07612630000000001, "vp_val": 0.07197250000000001}, "KRW-LINK": {"signal": 0, "current_price": 7.959, "ma200": 9.513385, "trend": "downtrend", "target_long": 8.024799999999999, "target_short": 7.7512, "vol_surge": false, "vp_poc": 7.93093, "vp_vah": 8.16433, "vp_val": 7.347430000000001}, "KRW-SUI": {"signal": 0, "current_price": 0.731, "ma200": 1.0320155, "trend": "downtrend", "target_long": 0.73788, "target_short": 0.70612, "vol_surge": false, "vp_poc": 0.731293, "vp_vah": 0.765431, "vp_val": 0.694529}}}