{"okx": {"KRW-BTC": {"signal": 2, "current_price": 62218.2, "ma200": 73785.845, "trend": "downtrend", "target_long": 64046.86, "target_short": 63524.53999999999, "vol_surge": false, "vp_poc": 59947.439, "vp_vah": 62706.19900000001, "vp_val": 58292.183000000005}, "KRW-ETH": {"signal": 0, "current_price": 1769.12, "ma200": 2217.2835, "trend": "downtrend", "target_long": 1825.64, "target_short": 1787.9599999999998, "vol_surge": false, "vp_poc": 1762.54, "vp_vah": 1829.34, "vp_val": 1642.3}, "KRW-BNB": {"signal": 2, "current_price": 566.7, "ma200": 672.7059999999999, "trend": "downtrend", "target_long": 579.8199999999999, "target_short": 567.98, "vol_surge": false, "vp_poc": 575.978, "vp_vah": 579.35, "vp_val": 552.374}, "KRW-SOL": {"signal": 0, "current_price": 74.8, "ma200": 91.56635, "trend": "downtrend", "target_long": 77.76599999999999, "target_short": 76.054, "vol_surge": false, "vp_poc": 77.4031, "vp_vah": 82.98349999999999, "vp_val": 71.8227}, "KRW-XRP": {"signal": 2, "current_price": 1.0647, "ma200": 1.447646, "trend": "downtrend", "target_long": 1.09518, "target_short": 1.0766200000000001, "vol_surge": false, "vp_poc": 1.098399, "vp_vah": 1.115889, "vp_val": 1.031937}, "KRW-DOGE": {"signal": 2, "current_price": 0.07171, "ma200": 0.1008043, "trend": "downtrend", "target_long": 0.073378, "target_short": 0.07208200000000001, "vol_surge": false, "vp_poc": 0.0733073, "vp_vah": 0.0763943, "vp_val": 0.07207250000000001}, "KRW-LINK": {"signal": 0, "current_price": 7.859, "ma200": 9.53438, "trend": "downtrend", "target_long": 8.0958, "target_short": 7.8942000000000005, "vol_surge": false, "vp_poc": 7.93093, "vp_vah": 8.117650000000001, "vp_val": 7.347430000000001}, "KRW-SUI": {"signal": 0, "current_price": 0.7195, "ma200": 1.0353409999999998, "trend": "downtrend", "target_long": 0.7466200000000001, "target_short": 0.7251799999999999, "vol_surge": false, "vp_poc": 0.731293, "vp_vah": 0.765431, "vp_val": 0.6919029999999999}}}