{"okx": {"KRW-BTC": {"signal": 0, "current_price": 75568.8, "ma200": 86588.19399999999, "trend": "downtrend", "target_long": 76488.32, "target_short": 74909.68, "vol_surge": false, "vp_poc": 72655.13, "vp_vah": 78217.87400000001, "vp_val": 69115.20199999999}, "KRW-ETH": {"signal": 0, "current_price": 2341.11, "ma200": 2857.21725, "trend": "downtrend", "target_long": 2386.036, "target_short": 2315.044, "vol_surge": false, "vp_poc": 2343.5685000000003, "vp_vah": 2407.0515, "vp_val": 2125.9125000000004}, "KRW-BNB": {"signal": 2, "current_price": 625.4, "ma200": 831.8409999999999, "trend": "downtrend", "target_long": 638.3199999999999, "target_short": 621.6800000000001, "vol_surge": false, "vp_poc": 612.246, "vp_vah": 623.194, "vp_val": 591.914}, "KRW-SOL": {"signal": 2, "current_price": 85.54, "ma200": 126.32045, "trend": "downtrend", "target_long": 87.494, "target_short": 84.80600000000001, "vol_surge": false, "vp_poc": 83.8604, "vp_vah": 86.10679999999999, "vp_val": 80.21000000000001}, "KRW-XRP": {"signal": 2, "current_price": 1.4319, "ma200": 1.8863705, "trend": "downtrend", "target_long": 1.4559199999999999, "target_short": 1.40888, "vol_surge": false, "vp_poc": 1.35503, "vp_vah": 1.38275, "vp_val": 1.3042099999999999}, "KRW-DOGE": {"signal": 0, "current_price": 0.09483, "ma200": 0.13431505, "trend": "downtrend", "target_long": 0.09705000000000001, "target_short": 0.09257, "vol_surge": false, "vp_poc": 0.0925486, "vp_vah": 0.0954482, "vp_val": 0.0901762}, "KRW-LINK": {"signal": 2, "current_price": 9.201, "ma200": 12.4772, "trend": "downtrend", "target_long": 9.4384, "target_short": 9.1256, "vol_surge": false, "vp_poc": 8.75227, "vp_vah": 9.33187, "vp_val": 8.694310000000002}, "KRW-SUI": {"signal": 2, "current_price": 0.9487, "ma200": 1.5454165, "trend": "downtrend", "target_long": 0.9800800000000001, "target_short": 0.93312, "vol_surge": false, "vp_poc": 0.954591, "vp_vah": 1.008229, "vp_val": 0.8885749999999999}}}