{"okx": {"KRW-BTC": {"signal": 0, "current_price": 71361.1, "ma200": 92389.1835, "trend": "downtrend", "target_long": 68749.98000000001, "target_short": 66970.22, "vol_surge": false, "vp_poc": 70710.095, "vp_vah": 72373.375, "vp_val": 67591.445}, "KRW-ETH": {"signal": 0, "current_price": 2177.04, "ma200": 3148.8782, "trend": "downtrend", "target_long": 2094.362, "target_short": 2013.4579999999999, "vol_surge": false, "vp_poc": 2077.0305, "vp_vah": 2201.1103000000003, "vp_val": 1981.5845}, "KRW-BNB": {"signal": 0, "current_price": 645.8, "ma200": 878.125, "trend": "downtrend", "target_long": 632.96, "target_short": 620.24, "vol_surge": false, "vp_poc": 646.951, "vp_vah": 664.529, "vp_val": 626.1769999999999}, "KRW-SOL": {"signal": 0, "current_price": 91.38, "ma200": 144.9461, "trend": "downtrend", "target_long": 87.852, "target_short": 84.588, "vol_surge": false, "vp_poc": 87.3863, "vp_vah": 92.2667, "vp_val": 84.9461}, "KRW-XRP": {"signal": 0, "current_price": 1.4494, "ma200": 2.0988694999999997, "trend": "downtrend", "target_long": 1.40692, "target_short": 1.36308, "vol_surge": false, "vp_poc": 1.4044660000000002, "vp_vah": 1.461546, "vp_val": 1.358802}, "KRW-DOGE": {"signal": 0, "current_price": 0.09427, "ma200": 0.1554501, "trend": "downtrend", "target_long": 0.091654, "target_short": 0.088686, "vol_surge": false, "vp_poc": 0.094623, "vp_vah": 0.0989286, "vp_val": 0.09031739999999999}, "KRW-ADA": {"signal": 0, "current_price": 0.2632, "ma200": 0.4831025, "trend": "downtrend", "target_long": 0.25561999999999996, "target_short": 0.24578, "vol_surge": false, "vp_poc": 0.265266, "vp_vah": 0.276134, "vp_val": 0.252422}, "KRW-AVAX": {"signal": 0, "current_price": 9.639, "ma200": 16.187665000000003, "trend": "downtrend", "target_long": 9.216, "target_short": 8.836, "vol_surge": false, "vp_poc": 9.51925, "vp_vah": 10.041450000000001, "vp_val": 9.18355}, "KRW-LINK": {"signal": 0, "current_price": 9.192, "ma200": 14.340610000000002, "trend": "downtrend", "target_long": 8.8468, "target_short": 8.529200000000001, "vol_surge": false, "vp_poc": 9.08349, "vp_vah": 9.42129, "vp_val": 8.67813}, "KRW-DOT": {"signal": 0, "current_price": 1.467, "ma200": 2.44649, "trend": "downtrend", "target_long": 1.4494, "target_short": 1.3766, "vol_surge": false, "vp_poc": 1.50824, "vp_vah": 1.54576, "vp_val": 1.4332}, "KRW-TON": {"signal": 0, "current_price": 1.3, "ma200": 1.872935, "trend": "downtrend", "target_long": 1.263, "target_short": 1.2389999999999999, "vol_surge": false, "vp_poc": 1.30588, "vp_vah": 1.35292, "vp_val": 1.2902}, "KRW-MATIC": {"signal": 0, "current_price": 0.09556, "ma200": 0.15221785000000002, "trend": "downtrend", "target_long": 0.093732, "target_short": 0.090628, "vol_surge": false, "vp_poc": 0.0966332, "vp_vah": 0.1006268, "vp_val": 0.0954044}, "KRW-UNI": {"signal": 0, "current_price": 3.579, "ma200": 5.822745, "trend": "downtrend", "target_long": 3.5236, "target_short": 3.4204, "vol_surge": false, "vp_poc": 3.97729, "vp_vah": 4.185029999999999, "vp_val": 3.81749}, "KRW-LTC": {"signal": 0, "current_price": 55.63, "ma200": 82.095, "trend": "downtrend", "target_long": 54.328, "target_short": 52.712, "vol_surge": false, "vp_poc": 54.745999999999995, "vp_vah": 56.67, "vp_val": 53.562}, "KRW-BCH": {"signal": 0, "current_price": 481.5, "ma200": 545.5880000000001, "trend": "downtrend", "target_long": 472.96, "target_short": 461.84, "vol_surge": false, "vp_poc": 460.395, "vp_vah": 472.641, "vp_val": 450.033}, "KRW-APT": {"signal": 0, "current_price": 0.9579, "ma200": 2.369456, "trend": "downtrend", "target_long": 0.9584199999999999, "target_short": 0.89858, "vol_surge": false, "vp_poc": 0.967272, "vp_vah": 1.002888, "vp_val": 0.924024}, "KRW-NEAR": {"signal": 0, "current_price": 1.313, "ma200": 1.87368, "trend": "downtrend", "target_long": 1.292, "target_short": 1.256, "vol_surge": false, "vp_poc": 1.32746, "vp_vah": 1.3661, "vp_val": 1.21798}, "KRW-OP": {"signal": 0, "current_price": 0.1164, "ma200": 0.36450899999999997, "trend": "downtrend", "target_long": 0.11782000000000001, "target_short": 0.11198, "vol_surge": false, "vp_poc": 0.125728, "vp_vah": 0.128992, "vp_val": 0.11593600000000001}, "KRW-ARB": {"signal": 0, "current_price": 0.09595, "ma200": 0.2419639, "trend": "downtrend", "target_long": 0.09499, "target_short": 0.09007, "vol_surge": false, "vp_poc": 0.1010903, "vp_vah": 0.10559370000000001, "vp_val": 0.0957681}, "KRW-SUI": {"signal": 0, "current_price": 0.9589, "ma200": 1.8925155, "trend": "downtrend", "target_long": 0.92664, "target_short": 0.88416, "vol_surge": false, "vp_poc": 0.9595849999999999, "vp_vah": 1.034215, "vp_val": 0.9244649999999999}}}