{"okx": {"KRW-BTC": {"signal": 2, "current_price": 63974.4, "ma200": 77168.334, "trend": "downtrend", "target_long": 65509.50000000001, "target_short": 63494.299999999996, "vol_surge": false, "vp_poc": 63509.166, "vp_vah": 65935.63, "vp_val": 60779.394}, "KRW-ETH": {"signal": 2, "current_price": 1729.19, "ma200": 2384.21875, "trend": "downtrend", "target_long": 1784.4060000000002, "target_short": 1716.454, "vol_surge": false, "vp_poc": 1659.1179000000002, "vp_vah": 1819.1709, "vp_val": 1595.0967}, "KRW-BNB": {"signal": 2, "current_price": 588.7, "ma200": 710.296, "trend": "downtrend", "target_long": 608.6200000000001, "target_short": 594.78, "vol_surge": false, "vp_poc": 603.9000000000001, "vp_vah": 687.1479999999999, "vp_val": 558.492}, "KRW-SOL": {"signal": 2, "current_price": 70.92, "ma200": 98.4298, "trend": "downtrend", "target_long": 73.584, "target_short": 70.49600000000001, "vol_surge": false, "vp_poc": 67.32990000000001, "vp_vah": 72.4537, "vp_val": 61.7403}, "KRW-XRP": {"signal": 2, "current_price": 1.1649, "ma200": 1.5586765, "trend": "downtrend", "target_long": 1.2094, "target_short": 1.1642000000000001, "vol_surge": false, "vp_poc": 1.1350820000000001, "vp_vah": 1.22373, "vp_val": 1.0907580000000001}, "KRW-DOGE": {"signal": 2, "current_price": 0.08422, "ma200": 0.10832575, "trend": "downtrend", "target_long": 0.087348, "target_short": 0.084572, "vol_surge": false, "vp_poc": 0.0865666, "vp_vah": 0.0914026, "vp_val": 0.0817306}, "KRW-LINK": {"signal": 2, "current_price": 7.925, "ma200": 10.218275, "trend": "downtrend", "target_long": 8.2838, "target_short": 7.902200000000001, "vol_surge": false, "vp_poc": 7.94497, "vp_vah": 8.59373, "vp_val": 7.574249999999999}, "KRW-SUI": {"signal": 2, "current_price": 0.7425, "ma200": 1.1359405, "trend": "downtrend", "target_long": 0.7924599999999999, "target_short": 0.74214, "vol_surge": false, "vp_poc": 0.7590319999999999, "vp_vah": 0.817024, "vp_val": 0.7168559999999999}}}