{"okx": {"KRW-BTC": {"signal": 0, "current_price": 70558.4, "ma200": 92186.3035, "trend": "downtrend", "target_long": 72642.8, "target_short": 69157.2, "vol_surge": false, "vp_poc": 70710.095, "vp_vah": 72165.465, "vp_val": 67383.535}, "KRW-ETH": {"signal": 0, "current_price": 2139.44, "ma200": 3137.9136, "trend": "downtrend", "target_long": 2222.5020000000004, "target_short": 2081.598, "vol_surge": false, "vp_poc": 2077.0305, "vp_vah": 2201.1103000000003, "vp_val": 1972.0399}, "KRW-BNB": {"signal": 0, "current_price": 633.0, "ma200": 877.007, "trend": "downtrend", "target_long": 651.74, "target_short": 626.8599999999999, "vol_surge": false, "vp_poc": 646.951, "vp_vah": 667.725, "vp_val": 626.1769999999999}, "KRW-SOL": {"signal": 0, "current_price": 90.41, "ma200": 144.38145, "trend": "downtrend", "target_long": 94.312, "target_short": 88.568, "vol_surge": false, "vp_poc": 87.3863, "vp_vah": 92.2667, "vp_val": 84.9461}, "KRW-XRP": {"signal": 0, "current_price": 1.4156, "ma200": 2.0917885000000003, "trend": "downtrend", "target_long": 1.4739799999999998, "target_short": 1.39062, "vol_surge": false, "vp_poc": 1.4044660000000002, "vp_vah": 1.461546, "vp_val": 1.353094}, "KRW-DOGE": {"signal": 0, "current_price": 0.09348, "ma200": 0.15482775000000001, "trend": "downtrend", "target_long": 0.096782, "target_short": 0.091558, "vol_surge": false, "vp_poc": 0.094623, "vp_vah": 0.0978522, "vp_val": 0.08959980000000001}, "KRW-LINK": {"signal": 0, "current_price": 9.071, "ma200": 14.274085, "trend": "downtrend", "target_long": 9.3956, "target_short": 8.824399999999999, "vol_surge": false, "vp_poc": 9.08349, "vp_vah": 9.38751, "vp_val": 8.64435}, "KRW-SUI": {"signal": 0, "current_price": 0.9419, "ma200": 1.8803264999999998, "trend": "downtrend", "target_long": 0.9854400000000001, "target_short": 0.92096, "vol_surge": false, "vp_poc": 0.9683649999999999, "vp_vah": 1.034215, "vp_val": 0.9244649999999999}}}