{"okx": {"KRW-BTC": {"signal": 0, "current_price": 81618.6, "ma200": 82134.099, "trend": "downtrend", "target_long": 80346.3, "target_short": 78294.7, "vol_surge": false, "vp_poc": 80393.527, "vp_vah": 81973.187, "vp_val": 77866.071}, "KRW-ETH": {"signal": 0, "current_price": 2305.4, "ma200": 2630.1441499999996, "trend": "downtrend", "target_long": 2294.48, "target_short": 2223.0800000000004, "vol_surge": false, "vp_poc": 2311.8419999999996, "vp_vah": 2356.5811999999996, "vp_val": 2267.1027999999997}, "KRW-BNB": {"signal": 0, "current_price": 682.0, "ma200": 766.41, "trend": "downtrend", "target_long": 680.46, "target_short": 662.94, "vol_surge": false, "vp_poc": 620.1880000000001, "vp_vah": 655.884, "vp_val": 615.5319999999999}, "KRW-SOL": {"signal": 0, "current_price": 93.46, "ma200": 111.9408, "trend": "downtrend", "target_long": 93.44, "target_short": 88.88, "vol_surge": false, "vp_poc": 84.29489999999998, "vp_vah": 92.44049999999999, "vp_val": 83.2767}, "KRW-XRP": {"signal": 0, "current_price": 1.5459, "ma200": 1.7380970000000002, "trend": "downtrend", "target_long": 1.45034, "target_short": 1.40426, "vol_surge": true, "vp_poc": 1.42138, "vp_vah": 1.45402, "vp_val": 1.3805800000000001}, "KRW-DOGE": {"signal": 0, "current_price": 0.11718, "ma200": 0.1206167, "trend": "downtrend", "target_long": 0.1147, "target_short": 0.11062, "vol_surge": false, "vp_poc": 0.10836989999999999, "vp_vah": 0.1153555, "vp_val": 0.10575029999999999}, "KRW-LINK": {"signal": 0, "current_price": 10.69, "ma200": 11.27106, "trend": "downtrend", "target_long": 10.5218, "target_short": 9.9122, "vol_surge": false, "vp_poc": 9.16506, "vp_vah": 10.26378, "vp_val": 9.04734}, "KRW-SUI": {"signal": 0, "current_price": 1.2155, "ma200": 1.3094785000000002, "trend": "downtrend", "target_long": 1.2432, "target_short": 1.1727999999999998, "vol_surge": false, "vp_poc": 0.9187609999999999, "vp_vah": 1.2487869999999999, "vp_val": 0.908115}}}