{"okx": {"KRW-BTC": {"signal": 0, "current_price": 80734.3, "ma200": 82747.276, "trend": "downtrend", "target_long": 81054.06, "target_short": 80297.34, "vol_surge": false, "vp_poc": 78272.652, "vp_vah": 79394.948, "vp_val": 75386.748}, "KRW-ETH": {"signal": 0, "current_price": 2328.81, "ma200": 2663.5649, "trend": "downtrend", "target_long": 2341.8619999999996, "target_short": 2310.998, "vol_surge": false, "vp_poc": 2316.0972, "vp_vah": 2373.15, "vp_val": 2287.5708}, "KRW-BNB": {"signal": 0, "current_price": 651.7, "ma200": 775.3610000000001, "trend": "downtrend", "target_long": 653.9799999999999, "target_short": 645.82, "vol_surge": false, "vp_poc": 634.6700000000001, "vp_vah": 643.406, "vp_val": 616.106}, "KRW-SOL": {"signal": 0, "current_price": 94.53, "ma200": 113.9439, "trend": "downtrend", "target_long": 94.05799999999999, "target_short": 92.202, "vol_surge": false, "vp_poc": 84.6608, "vp_vah": 88.6856, "vp_val": 83.1128}, "KRW-XRP": {"signal": 0, "current_price": 1.4501, "ma200": 1.759276, "trend": "downtrend", "target_long": 1.43006, "target_short": 1.41094, "vol_surge": true, "vp_poc": 1.4188450000000001, "vp_vah": 1.438297, "vp_val": 1.3831830000000003}, "KRW-DOGE": {"signal": 0, "current_price": 0.10795, "ma200": 0.1223129, "trend": "downtrend", "target_long": 0.110038, "target_short": 0.10742199999999999, "vol_surge": false, "vp_poc": 0.1083787, "vp_vah": 0.11636529999999999, "vp_val": 0.09992229999999999}, "KRW-LINK": {"signal": 0, "current_price": 10.545, "ma200": 11.420679999999999, "trend": "downtrend", "target_long": 10.5064, "target_short": 10.2456, "vol_surge": false, "vp_poc": 9.36126, "vp_vah": 9.832139999999999, "vp_val": 9.04734}, "KRW-SUI": {"signal": 0, "current_price": 1.3449, "ma200": 1.335589, "trend": "uptrend", "target_long": 1.10512, "target_short": 1.03568, "vol_surge": true, "vp_poc": 0.950699, "vp_vah": 1.0784509999999998, "vp_val": 0.908115}}}