{"okx": {"KRW-BTC": {"signal": 0, "current_price": 64268.5, "ma200": 76768.82449999999, "trend": "downtrend", "target_long": 64773.9, "target_short": 63826.299999999996, "vol_surge": false, "vp_poc": 63418.369999999995, "vp_vah": 64648.98999999999, "vp_val": 60957.13}, "KRW-ETH": {"signal": 0, "current_price": 1738.03, "ma200": 2365.1616999999997, "trend": "downtrend", "target_long": 1759.1119999999999, "target_short": 1722.448, "vol_surge": false, "vp_poc": 1680.2715000000003, "vp_vah": 1810.9189000000001, "vp_val": 1619.9727000000003}, "KRW-BNB": {"signal": 0, "current_price": 588.6, "ma200": 705.9169999999999, "trend": "downtrend", "target_long": 592.0400000000001, "target_short": 584.36, "vol_surge": false, "vp_poc": 605.25, "vp_vah": 621.9300000000001, "vp_val": 574.6700000000001}, "KRW-SOL": {"signal": 0, "current_price": 73.13, "ma200": 97.45429999999999, "trend": "downtrend", "target_long": 75.148, "target_short": 71.292, "vol_surge": false, "vp_poc": 67.1027, "vp_vah": 71.7645, "vp_val": 62.4409}, "KRW-XRP": {"signal": 0, "current_price": 1.1501, "ma200": 1.543864, "trend": "downtrend", "target_long": 1.1587399999999999, "target_short": 1.14146, "vol_surge": false, "vp_poc": 1.136295, "vp_vah": 1.210605, "vp_val": 1.101617}, "KRW-DOGE": {"signal": 0, "current_price": 0.08366, "ma200": 0.10741234999999999, "trend": "downtrend", "target_long": 0.08439200000000001, "target_short": 0.083048, "vol_surge": false, "vp_poc": 0.0863594, "vp_vah": 0.09013859999999999, "vp_val": 0.0821078}, "KRW-LINK": {"signal": 0, "current_price": 7.979, "ma200": 10.137445, "trend": "downtrend", "target_long": 8.0652, "target_short": 7.9148000000000005, "vol_surge": false, "vp_poc": 7.888109999999999, "vp_vah": 8.46967, "vp_val": 7.68041}, "KRW-SUI": {"signal": 2, "current_price": 0.7127, "ma200": 1.1232765, "trend": "downtrend", "target_long": 0.7238399999999999, "target_short": 0.70456, "vol_surge": false, "vp_poc": 0.760005, "vp_vah": 0.795029, "vp_val": 0.703091}}}