{"okx": {"KRW-BTC": {"signal": 2, "current_price": 68767.2, "ma200": 92590.519, "trend": "downtrend", "target_long": 69939.1, "target_short": 67903.1, "vol_surge": false, "vp_poc": 70710.095, "vp_vah": 72581.285, "vp_val": 67591.445}, "KRW-ETH": {"signal": 2, "current_price": 2084.56, "ma200": 3159.6343500000007, "trend": "downtrend", "target_long": 2124.054, "target_short": 2045.326, "vol_surge": false, "vp_poc": 2077.0305, "vp_vah": 2191.5657, "vp_val": 1962.4953}, "KRW-BNB": {"signal": 0, "current_price": 630.6, "ma200": 879.1339999999999, "trend": "downtrend", "target_long": 638.1400000000001, "target_short": 623.26, "vol_surge": false, "vp_poc": 651.745, "vp_vah": 666.127, "vp_val": 626.1769999999999}, "KRW-SOL": {"signal": 2, "current_price": 87.5, "ma200": 145.50735, "trend": "downtrend", "target_long": 89.028, "target_short": 86.092, "vol_surge": false, "vp_poc": 87.3863, "vp_vah": 92.6153, "vp_val": 84.9461}, "KRW-XRP": {"signal": 2, "current_price": 1.3925, "ma200": 2.1056340000000002, "trend": "downtrend", "target_long": 1.4298600000000001, "target_short": 1.38714, "vol_surge": false, "vp_poc": 1.3930500000000001, "vp_vah": 1.455838, "vp_val": 1.3473860000000002}, "KRW-DOGE": {"signal": 2, "current_price": 0.09115, "ma200": 0.15604575, "trend": "downtrend", "target_long": 0.09310199999999999, "target_short": 0.089558, "vol_surge": false, "vp_poc": 0.094623, "vp_vah": 0.0989286, "vp_val": 0.09031739999999999}, "KRW-ADA": {"signal": 2, "current_price": 0.2559, "ma200": 0.48585900000000004, "trend": "downtrend", "target_long": 0.26214, "target_short": 0.25245999999999996, "vol_surge": false, "vp_poc": 0.265266, "vp_vah": 0.277122, "vp_val": 0.255386}, "KRW-AVAX": {"signal": 2, "current_price": 9.125, "ma200": 16.26103, "trend": "downtrend", "target_long": 9.404599999999999, "target_short": 9.0214, "vol_surge": false, "vp_poc": 9.51925, "vp_vah": 9.96685, "vp_val": 9.071649999999998}, "KRW-LINK": {"signal": 2, "current_price": 8.806, "ma200": 14.406825, "trend": "downtrend", "target_long": 8.9898, "target_short": 8.6562, "vol_surge": false, "vp_poc": 9.08349, "vp_vah": 9.42129, "vp_val": 8.67813}, "KRW-DOT": {"signal": 2, "current_price": 1.447, "ma200": 2.458145, "trend": "downtrend", "target_long": 1.4902, "target_short": 1.4438000000000002, "vol_surge": false, "vp_poc": 1.50881, "vp_vah": 1.55687, "vp_val": 1.45007}, "KRW-TON": {"signal": 2, "current_price": 1.248, "ma200": 1.88192, "trend": "downtrend", "target_long": 1.2637999999999998, "target_short": 1.2382, "vol_surge": false, "vp_poc": 1.30541, "vp_vah": 1.35663, "vp_val": 1.28571}, "KRW-MATIC": {"signal": 2, "current_price": 0.09336, "ma200": 0.15314555, "trend": "downtrend", "target_long": 0.09646600000000001, "target_short": 0.092514, "vol_surge": false, "vp_poc": 0.09738549999999999, "vp_vah": 0.1004061, "vp_val": 0.0954633}, "KRW-UNI": {"signal": 2, "current_price": 3.473, "ma200": 5.8513, "trend": "downtrend", "target_long": 3.5536000000000003, "target_short": 3.4184, "vol_surge": false, "vp_poc": 3.98222, "vp_vah": 4.0916999999999994, "vp_val": 3.76326}, "KRW-LTC": {"signal": 2, "current_price": 54.21, "ma200": 82.37555, "trend": "downtrend", "target_long": 55.666000000000004, "target_short": 53.913999999999994, "vol_surge": false, "vp_poc": 54.745999999999995, "vp_vah": 56.67, "vp_val": 53.562}, "KRW-BCH": {"signal": 0, "current_price": 466.7, "ma200": 546.111, "trend": "downtrend", "target_long": 468.88, "target_short": 455.12, "vol_surge": false, "vp_poc": 455.62, "vp_vah": 469.036, "vp_val": 446.332}, "KRW-APT": {"signal": 2, "current_price": 0.95, "ma200": 2.385987, "trend": "downtrend", "target_long": 0.99666, "target_short": 0.94874, "vol_surge": false, "vp_poc": 0.9871349999999999, "vp_vah": 1.0221049999999998, "vp_val": 0.949475}, "KRW-NEAR": {"signal": 0, "current_price": 1.291, "ma200": 1.879075, "trend": "downtrend", "target_long": 1.307, "target_short": 1.259, "vol_surge": false, "vp_poc": 1.32746, "vp_vah": 1.4111799999999999, "vp_val": 1.25018}, "KRW-OP": {"signal": 2, "current_price": 0.1166, "ma200": 0.3673855, "trend": "downtrend", "target_long": 0.12056, "target_short": 0.11463999999999999, "vol_surge": false, "vp_poc": 0.12566100000000002, "vp_vah": 0.12881700000000001, "vp_val": 0.116719}, "KRW-ARB": {"signal": 2, "current_price": 0.09413, "ma200": 0.24390265, "trend": "downtrend", "target_long": 0.098258, "target_short": 0.09428199999999999, "vol_surge": false, "vp_poc": 0.1012073, "vp_vah": 0.10591590000000001, "vp_val": 0.0975853}, "KRW-SUI": {"signal": 2, "current_price": 0.9241, "ma200": 1.904245, "trend": "downtrend", "target_long": 0.95134, "target_short": 0.91366, "vol_surge": false, "vp_poc": 0.9683649999999999, "vp_vah": 1.034215, "vp_val": 0.920075}}}