{"okx": {"KRW-BTC": {"signal": 0, "current_price": 80976.8, "ma200": 83176.2285, "trend": "downtrend", "target_long": 82287.98, "target_short": 80592.62000000001, "vol_surge": false, "vp_poc": 78371.19099999999, "vp_vah": 78918.63699999999, "vp_val": 75451.47899999999}, "KRW-ETH": {"signal": 0, "current_price": 2327.28, "ma200": 2687.2194, "trend": "downtrend", "target_long": 2385.654, "target_short": 2316.926, "vol_surge": false, "vp_poc": 2317.7046, "vp_vah": 2379.8586000000005, "vp_val": 2284.5558}, "KRW-BNB": {"signal": 0, "current_price": 644.0, "ma200": 781.7875, "trend": "downtrend", "target_long": 662.18, "target_short": 633.62, "vol_surge": false, "vp_poc": 632.4860000000001, "vp_vah": 640.1300000000001, "vp_val": 618.29}, "KRW-SOL": {"signal": 0, "current_price": 88.31, "ma200": 115.3223, "trend": "downtrend", "target_long": 90.752, "target_short": 87.568, "vol_surge": false, "vp_poc": 84.61789999999999, "vp_vah": 86.87209999999999, "vp_val": 83.57749999999999}, "KRW-XRP": {"signal": 0, "current_price": 1.4079, "ma200": 1.7743454999999997, "trend": "downtrend", "target_long": 1.44486, "target_short": 1.40494, "vol_surge": false, "vp_poc": 1.429165, "vp_vah": 1.445545, "vp_val": 1.3909449999999999}, "KRW-DOGE": {"signal": 0, "current_price": 0.1107, "ma200": 0.12361685, "trend": "downtrend", "target_long": 0.114732, "target_short": 0.11022799999999999, "vol_surge": false, "vp_poc": 0.09818959999999999, "vp_vah": 0.1079976, "vp_val": 0.0927952}, "KRW-LINK": {"signal": 0, "current_price": 9.946, "ma200": 11.532124999999999, "trend": "downtrend", "target_long": 10.193800000000001, "target_short": 9.8042, "vol_surge": false, "vp_poc": 9.32509, "vp_vah": 9.48577, "vp_val": 9.08407}, "KRW-SUI": {"signal": 0, "current_price": 0.9792, "ma200": 1.3556855, "trend": "downtrend", "target_long": 1.02158, "target_short": 0.96422, "vol_surge": false, "vp_poc": 0.944107, "vp_vah": 0.962431, "vp_val": 0.913567}}}