{"okx": {"KRW-BTC": {"signal": 0, "current_price": 76906.2, "ma200": 80558.3105, "trend": "downtrend", "target_long": 78005.84, "target_short": 75490.16, "vol_surge": false, "vp_poc": 76747.78600000001, "vp_vah": 80696.15, "vp_val": 75374.44200000001}, "KRW-ETH": {"signal": 0, "current_price": 2120.01, "ma200": 2548.00645, "trend": "downtrend", "target_long": 2174.6, "target_short": 2061.28, "vol_surge": false, "vp_poc": 2120.4845, "vp_vah": 2311.5455, "vp_val": 2062.3355}, "KRW-BNB": {"signal": 0, "current_price": 659.6, "ma200": 746.1410000000001, "trend": "downtrend", "target_long": 667.9, "target_short": 644.6999999999999, "vol_surge": false, "vp_poc": 651.596, "vp_vah": 667.7239999999999, "vp_val": 636.812}, "KRW-SOL": {"signal": 0, "current_price": 86.64, "ma200": 107.15855000000002, "trend": "downtrend", "target_long": 88.218, "target_short": 83.32199999999999, "vol_surge": false, "vp_poc": 85.63, "vp_vah": 92.42999999999999, "vp_val": 83.92999999999999}, "KRW-XRP": {"signal": 0, "current_price": 1.3649, "ma200": 1.6836595, "trend": "downtrend", "target_long": 1.3882800000000002, "target_short": 1.32852, "vol_surge": false, "vp_poc": 1.418336, "vp_vah": 1.468096, "vp_val": 1.368576}, "KRW-DOGE": {"signal": 0, "current_price": 0.10304, "ma200": 0.11676450000000001, "trend": "downtrend", "target_long": 0.106316, "target_short": 0.099884, "vol_surge": false, "vp_poc": 0.112366, "vp_vah": 0.11582200000000001, "vp_val": 0.10588600000000001}, "KRW-LINK": {"signal": 0, "current_price": 9.609, "ma200": 10.912080000000001, "trend": "downtrend", "target_long": 9.855599999999999, "target_short": 9.272400000000001, "vol_surge": false, "vp_poc": 9.54705, "vp_vah": 10.27305, "vp_val": 9.36555}, "KRW-SUI": {"signal": 0, "current_price": 1.0648, "ma200": 1.2473995, "trend": "downtrend", "target_long": 1.1152399999999998, "target_short": 1.01956, "vol_surge": false, "vp_poc": 1.0786669999999998, "vp_vah": 1.224377, "vp_val": 0.962099}}}