{"okx": {"KRW-BTC": {"signal": 2, "current_price": 61000.0, "ma200": 76203.13, "trend": "downtrend", "target_long": 62734.18, "target_short": 59424.02, "vol_surge": false, "vp_poc": 63449.29, "vp_vah": 64268.590000000004, "vp_val": 61155.25}, "KRW-ETH": {"signal": 0, "current_price": 1623.23, "ma200": 2336.94825, "trend": "downtrend", "target_long": 1678.864, "target_short": 1565.9360000000001, "vol_surge": false, "vp_poc": 1707.95, "vp_vah": 1776.95, "vp_val": 1652.75}, "KRW-BNB": {"signal": 0, "current_price": 566.0, "ma200": 699.5459999999999, "trend": "downtrend", "target_long": 579.04, "target_short": 550.56, "vol_surge": false, "vp_poc": 601.5360000000001, "vp_vah": 610.256, "vp_val": 575.376}, "KRW-SOL": {"signal": 2, "current_price": 67.87, "ma200": 96.15514999999999, "trend": "downtrend", "target_long": 70.41600000000001, "target_short": 65.824, "vol_surge": false, "vp_poc": 66.98140000000001, "vp_vah": 71.7754, "vp_val": 62.507000000000005}, "KRW-XRP": {"signal": 2, "current_price": 1.073, "ma200": 1.5246450000000003, "trend": "downtrend", "target_long": 1.10088, "target_short": 1.04672, "vol_surge": false, "vp_poc": 1.137664, "vp_vah": 1.18216, "vp_val": 1.093168}, "KRW-DOGE": {"signal": 2, "current_price": 0.07601, "ma200": 0.10614550000000002, "trend": "downtrend", "target_long": 0.07893399999999999, "target_short": 0.073366, "vol_surge": false, "vp_poc": 0.08639540000000001, "vp_vah": 0.0887546, "vp_val": 0.08207020000000001}, "KRW-LINK": {"signal": 2, "current_price": 7.414, "ma200": 10.011095000000001, "trend": "downtrend", "target_long": 7.6586, "target_short": 7.195399999999999, "vol_surge": false, "vp_poc": 7.88655, "vp_vah": 8.113489999999999, "vp_val": 7.49751}, "KRW-SUI": {"signal": 2, "current_price": 0.6834, "ma200": 1.105342, "trend": "downtrend", "target_long": 0.70948, "target_short": 0.6625200000000001, "vol_surge": false, "vp_poc": 0.75664, "vp_vah": 0.7707200000000001, "vp_val": 0.6968000000000001}}}