{"okx": {"KRW-BTC": {"signal": 0, "current_price": 78971.7, "ma200": 81786.849, "trend": "downtrend", "target_long": 80323.98, "target_short": 77909.81999999999, "vol_surge": false, "vp_poc": 80393.527, "vp_vah": 81815.22099999999, "vp_val": 78182.003}, "KRW-ETH": {"signal": 0, "current_price": 2223.8, "ma200": 2611.7761, "trend": "downtrend", "target_long": 2262.62, "target_short": 2186.66, "vol_surge": false, "vp_poc": 2312.3315000000002, "vp_vah": 2356.0015000000003, "vp_val": 2259.9275000000002}, "KRW-BNB": {"signal": 0, "current_price": 664.2, "ma200": 761.8645, "trend": "downtrend", "target_long": 680.7199999999999, "target_short": 664.08, "vol_surge": false, "vp_poc": 650.798, "vp_vah": 674.7379999999999, "vp_val": 625.2620000000001}, "KRW-SOL": {"signal": 0, "current_price": 88.44, "ma200": 110.85860000000001, "trend": "downtrend", "target_long": 90.894, "target_short": 87.606, "vol_surge": false, "vp_poc": 84.29489999999998, "vp_vah": 92.44049999999999, "vp_val": 83.2767}, "KRW-XRP": {"signal": 0, "current_price": 1.4223, "ma200": 1.7258865, "trend": "downtrend", "target_long": 1.46328, "target_short": 1.40512, "vol_surge": false, "vp_poc": 1.421491, "vp_vah": 1.462351, "vp_val": 1.3847170000000002}, "KRW-DOGE": {"signal": 0, "current_price": 0.11133, "ma200": 0.1197613, "trend": "downtrend", "target_long": 0.11601199999999999, "target_short": 0.110668, "vol_surge": false, "vp_poc": 0.10836989999999999, "vp_vah": 0.11491889999999999, "vp_val": 0.10662350000000001}, "KRW-LINK": {"signal": 0, "current_price": 9.934, "ma200": 11.189829999999999, "trend": "downtrend", "target_long": 10.3096, "target_short": 9.8384, "vol_surge": false, "vp_poc": 9.16506, "vp_vah": 10.30302, "vp_val": 9.04734}, "KRW-SUI": {"signal": 0, "current_price": 1.0747, "ma200": 1.2946339999999998, "trend": "downtrend", "target_long": 1.14668, "target_short": 1.05252, "vol_surge": false, "vp_poc": 0.9187609999999999, "vp_vah": 1.2487869999999999, "vp_val": 0.908115}}}