{"okx": {"KRW-BTC": {"signal": 0, "current_price": 73166.3, "ma200": 88104.22299999998, "trend": "downtrend", "target_long": 73765.70000000001, "target_short": 72152.5, "vol_surge": false, "vp_poc": 68462.245, "vp_vah": 70826.70499999999, "vp_val": 66097.785}, "KRW-ETH": {"signal": 0, "current_price": 2264.86, "ma200": 2928.2457999999997, "trend": "downtrend", "target_long": 2278.0240000000003, "target_short": 2212.496, "vol_surge": false, "vp_poc": 2163.413, "vp_vah": 2183.567, "vp_val": 2022.335}, "KRW-BNB": {"signal": 0, "current_price": 608.1, "ma200": 846.7165, "trend": "downtrend", "target_long": 610.98, "target_short": 600.4200000000001, "vol_surge": false, "vp_poc": 606.189, "vp_vah": 621.0029999999999, "vp_val": 584.7909999999999}, "KRW-SOL": {"signal": 0, "current_price": 84.95, "ma200": 131.226, "trend": "downtrend", "target_long": 86.032, "target_short": 83.60799999999999, "vol_surge": false, "vp_poc": 82.9086, "vp_vah": 85.929, "vp_val": 79.217}, "KRW-XRP": {"signal": 0, "current_price": 1.3547, "ma200": 1.944126, "trend": "downtrend", "target_long": 1.3684800000000001, "target_short": 1.34352, "vol_surge": false, "vp_poc": 1.340609, "vp_vah": 1.374323, "vp_val": 1.306895}, "KRW-DOGE": {"signal": 0, "current_price": 0.09329, "ma200": 0.13991779999999998, "trend": "downtrend", "target_long": 0.09501799999999999, "target_short": 0.092362, "vol_surge": false, "vp_poc": 0.0924125, "vp_vah": 0.0940205, "vp_val": 0.09020149999999999}, "KRW-LINK": {"signal": 0, "current_price": 9.107, "ma200": 12.962195, "trend": "downtrend", "target_long": 9.2018, "target_short": 8.968200000000001, "vol_surge": false, "vp_poc": 8.755289999999999, "vp_vah": 9.19831, "vp_val": 8.59893}, "KRW-SUI": {"signal": 0, "current_price": 0.9471, "ma200": 1.638236, "trend": "downtrend", "target_long": 0.96048, "target_short": 0.9279200000000001, "vol_surge": false, "vp_poc": 0.872004, "vp_vah": 0.941876, "vp_val": 0.852948}}}