{"okx": {"KRW-BTC": {"signal": 0, "current_price": 72232.8, "ma200": 87707.071, "trend": "downtrend", "target_long": 71799.52, "target_short": 69693.68000000001, "vol_surge": false, "vp_poc": 66849.512, "vp_vah": 71076.968, "vp_val": 65616.504}, "KRW-ETH": {"signal": 0, "current_price": 2226.61, "ma200": 2910.30365, "trend": "downtrend", "target_long": 2237.39, "target_short": 2145.39, "vol_surge": false, "vp_poc": 2044.1945999999998, "vp_vah": 2216.6658, "vp_val": 2028.5153999999998}, "KRW-BNB": {"signal": 0, "current_price": 606.8, "ma200": 842.8840000000001, "trend": "downtrend", "target_long": 599.64, "target_short": 584.7600000000001, "vol_surge": false, "vp_poc": 606.189, "vp_vah": 621.0029999999999, "vp_val": 594.6669999999999}, "KRW-SOL": {"signal": 0, "current_price": 83.34, "ma200": 130.0285, "trend": "downtrend", "target_long": 83.05, "target_short": 80.01, "vol_surge": false, "vp_poc": 82.9086, "vp_vah": 85.5934, "vp_val": 80.2238}, "KRW-XRP": {"signal": 0, "current_price": 1.3403, "ma200": 1.9291045, "trend": "downtrend", "target_long": 1.33938, "target_short": 1.31002, "vol_surge": false, "vp_poc": 1.340888, "vp_vah": 1.3663599999999998, "vp_val": 1.315416}, "KRW-DOGE": {"signal": 0, "current_price": 0.09202, "ma200": 0.13851095000000002, "trend": "downtrend", "target_long": 0.09203, "target_short": 0.08967, "vol_surge": false, "vp_poc": 0.0924125, "vp_vah": 0.0938195, "vp_val": 0.09020149999999999}, "KRW-LINK": {"signal": 0, "current_price": 8.893, "ma200": 12.841364999999998, "trend": "downtrend", "target_long": 8.892, "target_short": 8.576, "vol_surge": false, "vp_poc": 8.755289999999999, "vp_vah": 9.094069999999999, "vp_val": 8.52075}, "KRW-SUI": {"signal": 0, "current_price": 0.9193, "ma200": 1.6149365, "trend": "downtrend", "target_long": 0.91992, "target_short": 0.88248, "vol_surge": false, "vp_poc": 0.872004, "vp_vah": 0.932348, "vp_val": 0.846596}}}