{"okx": {"KRW-BTC": {"signal": 2, "current_price": 72184.4, "ma200": 79421.191, "trend": "downtrend", "target_long": 74031.5, "target_short": 73331.9, "vol_surge": false, "vp_poc": 77082.04800000001, "vp_vah": 81135.96800000001, "vp_val": 75460.48000000001}, "KRW-ETH": {"signal": 2, "current_price": 1991.0, "ma200": 2492.3456, "trend": "downtrend", "target_long": 2024.916, "target_short": 1989.8039999999999, "vol_surge": false, "vp_poc": 2106.357, "vp_vah": 2156.239, "vp_val": 2006.5929999999998}, "KRW-BNB": {"signal": 0, "current_price": 693.4, "ma200": 734.197, "trend": "downtrend", "target_long": 727.76, "target_short": 693.44, "vol_surge": true, "vp_poc": 657.675, "vp_vah": 704.675, "vp_val": 636.5249999999999}, "KRW-SOL": {"signal": 2, "current_price": 80.92, "ma200": 104.16060000000002, "trend": "downtrend", "target_long": 83.274, "target_short": 81.626, "vol_surge": false, "vp_poc": 85.6095, "vp_vah": 87.5259, "vp_val": 81.4573}, "KRW-XRP": {"signal": 2, "current_price": 1.3043, "ma200": 1.642597, "trend": "downtrend", "target_long": 1.34564, "target_short": 1.32076, "vol_surge": false, "vp_poc": 1.355344, "vp_vah": 1.417472, "vp_val": 1.298864}, "KRW-DOGE": {"signal": 0, "current_price": 0.09993, "ma200": 0.11386194999999999, "trend": "downtrend", "target_long": 0.10139200000000001, "target_short": 0.099488, "vol_surge": false, "vp_poc": 0.10292480000000001, "vp_vah": 0.1104456, "vp_val": 0.0971736}, "KRW-LINK": {"signal": 2, "current_price": 9.018, "ma200": 10.661505, "trend": "downtrend", "target_long": 9.271799999999999, "target_short": 9.0262, "vol_surge": false, "vp_poc": 9.52032, "vp_vah": 9.84608, "vp_val": 9.03168}, "KRW-SUI": {"signal": 2, "current_price": 0.8792, "ma200": 1.2028945, "trend": "downtrend", "target_long": 0.92624, "target_short": 0.86456, "vol_surge": false, "vp_poc": 1.052771, "vp_vah": 1.161425, "vp_val": 0.9274009999999999}}}