{"okx": {"KRW-BTC": {"signal": 0, "current_price": 81386.3, "ma200": 83445.645, "trend": "downtrend", "target_long": 80894.0, "target_short": 78836.0, "vol_surge": false, "vp_poc": 77464.125, "vp_vah": 78822.925, "vp_val": 75425.925}, "KRW-ETH": {"signal": 0, "current_price": 2374.82, "ma200": 2703.2540999999997, "trend": "downtrend", "target_long": 2383.158, "target_short": 2311.342, "vol_surge": false, "vp_poc": 2321.0546999999997, "vp_vah": 2380.0155, "vp_val": 2286.6609}, "KRW-BNB": {"signal": 0, "current_price": 633.6, "ma200": 786.3570000000001, "trend": "downtrend", "target_long": 632.16, "target_short": 613.4399999999999, "vol_surge": false, "vp_poc": 632.489, "vp_vah": 638.635, "vp_val": 619.319}, "KRW-SOL": {"signal": 0, "current_price": 86.72, "ma200": 116.31415000000001, "trend": "downtrend", "target_long": 85.15599999999999, "target_short": 83.044, "vol_surge": false, "vp_poc": 84.6755, "vp_vah": 86.9147, "vp_val": 83.3693}, "KRW-XRP": {"signal": 0, "current_price": 1.4172, "ma200": 1.783956, "trend": "downtrend", "target_long": 1.40682, "target_short": 1.37658, "vol_surge": false, "vp_poc": 1.4294890000000002, "vp_vah": 1.4458790000000001, "vp_val": 1.386875}, "KRW-DOGE": {"signal": 0, "current_price": 0.11606, "ma200": 0.1244318, "trend": "downtrend", "target_long": 0.11256200000000001, "target_short": 0.107698, "vol_surge": false, "vp_poc": 0.0985375, "vp_vah": 0.1062015, "vp_val": 0.0927895}, "KRW-LINK": {"signal": 0, "current_price": 9.822, "ma200": 11.603165, "trend": "downtrend", "target_long": 9.587800000000001, "target_short": 9.1342, "vol_surge": true, "vp_poc": 9.36026, "vp_vah": 9.47522, "vp_val": 9.09202}, "KRW-SUI": {"signal": 0, "current_price": 0.9753, "ma200": 1.3712855, "trend": "downtrend", "target_long": 0.94754, "target_short": 0.91066, "vol_surge": false, "vp_poc": 0.9543099999999999, "vp_vah": 0.967254, "vp_val": 0.9154779999999999}}}