{"okx": {"KRW-BTC": {"signal": 0, "current_price": 59834.8, "ma200": 76043.0965, "trend": "downtrend", "target_long": 61340.48, "target_short": 58257.12, "vol_surge": false, "vp_poc": 63348.3, "vp_vah": 64267.3, "vp_val": 60958.9}, "KRW-ETH": {"signal": 0, "current_price": 1569.67, "ma200": 2328.89755, "trend": "downtrend", "target_long": 1619.234, "target_short": 1516.426, "vol_surge": false, "vp_poc": 1712.9180000000001, "vp_vah": 1776.3980000000001, "vp_val": 1655.786}, "KRW-BNB": {"signal": 0, "current_price": 563.3, "ma200": 697.85, "trend": "downtrend", "target_long": 573.64, "target_short": 547.9599999999999, "vol_surge": false, "vp_poc": 588.1320000000001, "vp_vah": 612.364, "vp_val": 576.948}, "KRW-SOL": {"signal": 0, "current_price": 67.75, "ma200": 95.82675, "trend": "downtrend", "target_long": 69.964, "target_short": 65.476, "vol_surge": false, "vp_poc": 67.1944, "vp_vah": 71.4304, "vp_val": 63.2408}, "KRW-XRP": {"signal": 0, "current_price": 1.0446, "ma200": 1.5193610000000002, "trend": "downtrend", "target_long": 1.07526, "target_short": 1.01214, "vol_surge": false, "vp_poc": 1.13863, "vp_vah": 1.189282, "vp_val": 1.0936059999999999}, "KRW-DOGE": {"signal": 0, "current_price": 0.07493, "ma200": 0.10580165000000001, "trend": "downtrend", "target_long": 0.077366, "target_short": 0.072454, "vol_surge": false, "vp_poc": 0.0863652, "vp_vah": 0.0888996, "vp_val": 0.0821412}, "KRW-LINK": {"signal": 0, "current_price": 7.251, "ma200": 9.977695, "trend": "downtrend", "target_long": 7.4654, "target_short": 7.0325999999999995, "vol_surge": false, "vp_poc": 7.86071, "vp_vah": 8.08569, "vp_val": 7.50717}, "KRW-SUI": {"signal": 0, "current_price": 0.6864, "ma200": 1.100724, "trend": "downtrend", "target_long": 0.70442, "target_short": 0.66378, "vol_surge": false, "vp_poc": 0.759536, "vp_vah": 0.773744, "vp_val": 0.6956}}}