{"okx": {"KRW-BTC": {"signal": 0, "current_price": 65371.3, "ma200": 72971.9235, "trend": "downtrend", "target_long": 65009.96000000001, "target_short": 64451.64, "vol_surge": false, "vp_poc": 64280.004, "vp_vah": 64599.54, "vp_val": 61723.716}, "KRW-ETH": {"signal": 0, "current_price": 1905.18, "ma200": 2179.52365, "trend": "downtrend", "target_long": 1883.382, "target_short": 1860.998, "vol_surge": false, "vp_poc": 1761.408, "vp_vah": 1832.256, "vp_val": 1729.92}, "KRW-BNB": {"signal": 0, "current_price": 571.5, "ma200": 662.8825, "trend": "downtrend", "target_long": 573.8000000000001, "target_short": 568.6, "vol_surge": false, "vp_poc": 572.606, "vp_vah": 583.846, "vp_val": 565.862}, "KRW-SOL": {"signal": 0, "current_price": 77.96, "ma200": 89.8838, "trend": "downtrend", "target_long": 76.916, "target_short": 75.844, "vol_surge": false, "vp_poc": 77.2996, "vp_vah": 80.8156, "vp_val": 74.72120000000001}, "KRW-XRP": {"signal": 0, "current_price": 1.1181, "ma200": 1.421042, "trend": "downtrend", "target_long": 1.10288, "target_short": 1.0927200000000001, "vol_surge": false, "vp_poc": 1.101378, "vp_vah": 1.133818, "vp_val": 1.072182}, "KRW-DOGE": {"signal": 2, "current_price": 0.07227, "ma200": 0.0990539, "trend": "downtrend", "target_long": 0.072888, "target_short": 0.071952, "vol_surge": false, "vp_poc": 0.07273, "vp_vah": 0.0752164, "vp_val": 0.0714868}, "KRW-LINK": {"signal": 0, "current_price": 8.601, "ma200": 9.394934999999998, "trend": "downtrend", "target_long": 8.434800000000001, "target_short": 8.3332, "vol_surge": false, "vp_poc": 7.938899999999999, "vp_vah": 8.317619999999998, "vp_val": 7.52862}, "KRW-SUI": {"signal": 0, "current_price": 0.7683, "ma200": 1.0114094999999999, "trend": "downtrend", "target_long": 0.75648, "target_short": 0.74272, "vol_surge": false, "vp_poc": 0.7458899999999999, "vp_vah": 0.762626, "vp_val": 0.7228779999999999}}}