{"okx": {"KRW-BTC": {"signal": 0, "current_price": 66962.0, "ma200": 90844.017, "trend": "downtrend", "target_long": 66869.54, "target_short": 65169.85999999999, "vol_surge": false, "vp_poc": 70616.018, "vp_vah": 72598.142, "vp_val": 67532.714}, "KRW-ETH": {"signal": 0, "current_price": 2018.36, "ma200": 3069.07495, "trend": "downtrend", "target_long": 2017.3999999999999, "target_short": 1952.32, "vol_surge": false, "vp_poc": 2167.2837, "vp_vah": 2194.2159, "vp_val": 2014.6679}, "KRW-BNB": {"signal": 0, "current_price": 615.3, "ma200": 869.174, "trend": "downtrend", "target_long": 613.6800000000001, "target_short": 598.72, "vol_surge": false, "vp_poc": 644.836, "vp_vah": 670.3720000000001, "vp_val": 624.7719999999999}, "KRW-SOL": {"signal": 0, "current_price": 82.98, "ma200": 140.46925, "trend": "downtrend", "target_long": 83.174, "target_short": 79.686, "vol_surge": false, "vp_poc": 88.4629, "vp_vah": 92.9725, "vp_val": 85.45649999999999}, "KRW-XRP": {"signal": 0, "current_price": 1.3463, "ma200": 2.0441995, "trend": "downtrend", "target_long": 1.3475000000000001, "target_short": 1.3087, "vol_surge": false, "vp_poc": 1.404235, "vp_vah": 1.479139, "vp_val": 1.3480569999999998}, "KRW-DOGE": {"signal": 0, "current_price": 0.09195, "ma200": 0.1504525, "trend": "downtrend", "target_long": 0.091972, "target_short": 0.088948, "vol_surge": false, "vp_poc": 0.094696, "vp_vah": 0.09768399999999999, "vp_val": 0.08971599999999999}, "KRW-LINK": {"signal": 0, "current_price": 8.582, "ma200": 13.84245, "trend": "downtrend", "target_long": 8.572999999999999, "target_short": 8.257, "vol_surge": false, "vp_poc": 9.118649999999999, "vp_vah": 9.57105, "vp_val": 8.703949999999999}, "KRW-SUI": {"signal": 0, "current_price": 0.8674, "ma200": 1.8021875, "trend": "downtrend", "target_long": 0.86794, "target_short": 0.8266600000000001, "vol_surge": false, "vp_poc": 0.9601029999999999, "vp_vah": 1.050237, "vp_val": 0.933593}}}