{"okx": {"KRW-BTC": {"signal": 0, "current_price": 61636.7, "ma200": 74640.29400000001, "trend": "downtrend", "target_long": 64268.76, "target_short": 63024.439999999995, "vol_surge": false, "vp_poc": 59966.075000000004, "vp_vah": 62899.153000000006, "vp_val": 58240.735}, "KRW-ETH": {"signal": 0, "current_price": 1732.92, "ma200": 2258.7766, "trend": "downtrend", "target_long": 1809.998, "target_short": 1761.942, "vol_surge": false, "vp_poc": 1735.6825000000001, "vp_vah": 1807.2481, "vp_val": 1634.2979}, "KRW-BNB": {"signal": 0, "current_price": 570.6, "ma200": 682.342, "trend": "downtrend", "target_long": 599.96, "target_short": 580.04, "vol_surge": false, "vp_poc": 557.558, "vp_vah": 584.702, "vp_val": 547.0020000000001}, "KRW-SOL": {"signal": 2, "current_price": 79.29, "ma200": 93.1911, "trend": "downtrend", "target_long": 82.694, "target_short": 80.486, "vol_surge": false, "vp_poc": 72.6199, "vp_vah": 75.4101, "vp_val": 66.2423}, "KRW-XRP": {"signal": 0, "current_price": 1.1106, "ma200": 1.4754194999999999, "trend": "downtrend", "target_long": 1.17544, "target_short": 1.13936, "vol_surge": false, "vp_poc": 1.046396, "vp_vah": 1.142668, "vp_val": 1.0245160000000002}, "KRW-DOGE": {"signal": 0, "current_price": 0.07472, "ma200": 0.10278505, "trend": "downtrend", "target_long": 0.07929, "target_short": 0.07649, "vol_surge": false, "vp_poc": 0.0730397, "vp_vah": 0.0793739, "vp_val": 0.07117670000000001}, "KRW-LINK": {"signal": 0, "current_price": 7.773, "ma200": 9.692515, "trend": "downtrend", "target_long": 8.1874, "target_short": 7.938600000000001, "vol_surge": false, "vp_poc": 7.89604, "vp_vah": 8.14948, "vp_val": 7.33284}, "KRW-SUI": {"signal": 2, "current_price": 0.7217, "ma200": 1.0600995, "trend": "downtrend", "target_long": 0.76836, "target_short": 0.7448400000000001, "vol_surge": false, "vp_poc": 0.700007, "vp_vah": 0.747131, "vp_val": 0.673079}}}