{"okx": {"KRW-BTC": {"signal": 0, "current_price": 62845.2, "ma200": 73663.8305, "trend": "downtrend", "target_long": 63370.06, "target_short": 61294.14, "vol_surge": false, "vp_poc": 62706.19900000001, "vp_vah": 64361.455, "vp_val": 60085.37700000001}, "KRW-ETH": {"signal": 0, "current_price": 1795.74, "ma200": 2211.6592, "trend": "downtrend", "target_long": 1815.056, "target_short": 1738.2240000000002, "vol_surge": false, "vp_poc": 1762.54, "vp_vah": 1842.6999999999998, "vp_val": 1675.6999999999998}, "KRW-BNB": {"signal": 0, "current_price": 570.6, "ma200": 671.3895, "trend": "downtrend", "target_long": 574.7, "target_short": 560.7, "vol_surge": false, "vp_poc": 570.358, "vp_vah": 579.35, "vp_val": 552.374}, "KRW-SOL": {"signal": 0, "current_price": 75.26, "ma200": 91.33230000000002, "trend": "downtrend", "target_long": 76.658, "target_short": 73.36200000000001, "vol_surge": false, "vp_poc": 77.4031, "vp_vah": 81.38910000000001, "vp_val": 70.6269}, "KRW-XRP": {"signal": 0, "current_price": 1.0714, "ma200": 1.4437969999999998, "trend": "downtrend", "target_long": 1.08726, "target_short": 1.04774, "vol_surge": false, "vp_poc": 1.098399, "vp_vah": 1.119387, "vp_val": 1.031937}, "KRW-DOGE": {"signal": 0, "current_price": 0.07221, "ma200": 0.10055605, "trend": "downtrend", "target_long": 0.073308, "target_short": 0.07069199999999999, "vol_surge": false, "vp_poc": 0.07335710000000001, "vp_vah": 0.07612630000000001, "vp_val": 0.07197250000000001}, "KRW-LINK": {"signal": 0, "current_price": 7.958, "ma200": 9.51338, "trend": "downtrend", "target_long": 8.024799999999999, "target_short": 7.7512, "vol_surge": false, "vp_poc": 7.93093, "vp_vah": 8.16433, "vp_val": 7.347430000000001}, "KRW-SUI": {"signal": 0, "current_price": 0.7304, "ma200": 1.0320125, "trend": "downtrend", "target_long": 0.73788, "target_short": 0.70612, "vol_surge": false, "vp_poc": 0.731293, "vp_vah": 0.765431, "vp_val": 0.694529}}}