{"okx": {"KRW-BTC": {"signal": 0, "current_price": 72129.1, "ma200": 88294.273, "trend": "downtrend", "target_long": 72861.76, "target_short": 70728.24, "vol_surge": false, "vp_poc": 68333.3, "vp_vah": 70447.1, "vp_val": 66056.9}, "KRW-ETH": {"signal": 0, "current_price": 2197.25, "ma200": 2937.5029000000004, "trend": "downtrend", "target_long": 2225.614, "target_short": 2154.686, "vol_surge": false, "vp_poc": 2109.2508, "vp_vah": 2169.5652, "vp_val": 2022.1299999999999}, "KRW-BNB": {"signal": 0, "current_price": 602.0, "ma200": 848.74, "trend": "downtrend", "target_long": 609.28, "target_short": 597.1200000000001, "vol_surge": false, "vp_poc": 611.127, "vp_vah": 632.525, "vp_val": 593.021}, "KRW-SOL": {"signal": 0, "current_price": 83.39, "ma200": 131.8606, "trend": "downtrend", "target_long": 85.176, "target_short": 81.544, "vol_surge": false, "vp_poc": 82.9086, "vp_vah": 86.2646, "vp_val": 78.8814}, "KRW-XRP": {"signal": 0, "current_price": 1.3437, "ma200": 1.9514145000000003, "trend": "downtrend", "target_long": 1.36298, "target_short": 1.32482, "vol_surge": false, "vp_poc": 1.340609, "vp_vah": 1.385561, "vp_val": 1.306895}, "KRW-DOGE": {"signal": 0, "current_price": 0.09276, "ma200": 0.14063214999999998, "trend": "downtrend", "target_long": 0.094238, "target_short": 0.090982, "vol_surge": false, "vp_poc": 0.0922115, "vp_vah": 0.0938195, "vp_val": 0.0900005}, "KRW-LINK": {"signal": 0, "current_price": 8.961, "ma200": 13.023610000000001, "trend": "downtrend", "target_long": 9.1464, "target_short": 8.749600000000001, "vol_surge": false, "vp_poc": 8.755289999999999, "vp_vah": 9.12013, "vp_val": 8.52075}, "KRW-SUI": {"signal": 0, "current_price": 0.9376, "ma200": 1.650067, "trend": "downtrend", "target_long": 0.95918, "target_short": 0.90182, "vol_surge": false, "vp_poc": 0.872004, "vp_vah": 0.945052, "vp_val": 0.8593}}}