{"okx": {"KRW-BTC": {"signal": 2, "current_price": 73600.6, "ma200": 79428.272, "trend": "downtrend", "target_long": 74031.5, "target_short": 73331.9, "vol_surge": false, "vp_poc": 76991.84700000001, "vp_vah": 80807.887, "vp_val": 75465.431}, "KRW-ETH": {"signal": 2, "current_price": 2003.79, "ma200": 2492.4095500000003, "trend": "downtrend", "target_long": 2024.916, "target_short": 1989.8039999999999, "vol_surge": false, "vp_poc": 2106.5460999999996, "vp_vah": 2156.3846999999996, "vp_val": 2006.8689}, "KRW-BNB": {"signal": 0, "current_price": 706.0, "ma200": 734.26, "trend": "downtrend", "target_long": 727.76, "target_short": 693.44, "vol_surge": false, "vp_poc": 657.675, "vp_vah": 688.2249999999999, "vp_val": 634.175}, "KRW-SOL": {"signal": 2, "current_price": 82.27, "ma200": 104.16735, "trend": "downtrend", "target_long": 83.274, "target_short": 81.626, "vol_surge": false, "vp_poc": 85.6095, "vp_vah": 87.5259, "vp_val": 81.4573}, "KRW-XRP": {"signal": 2, "current_price": 1.3284, "ma200": 1.6427175, "trend": "downtrend", "target_long": 1.34564, "target_short": 1.32076, "vol_surge": false, "vp_poc": 1.355344, "vp_vah": 1.417472, "vp_val": 1.304512}, "KRW-DOGE": {"signal": 0, "current_price": 0.10039, "ma200": 0.11386424999999999, "trend": "downtrend", "target_long": 0.10139200000000001, "target_short": 0.099488, "vol_surge": false, "vp_poc": 0.10292480000000001, "vp_vah": 0.110888, "vp_val": 0.0971736}, "KRW-LINK": {"signal": 2, "current_price": 9.115, "ma200": 10.661989999999998, "trend": "downtrend", "target_long": 9.271799999999999, "target_short": 9.0262, "vol_surge": false, "vp_poc": 9.52032, "vp_vah": 9.84608, "vp_val": 9.03168}, "KRW-SUI": {"signal": 2, "current_price": 0.8886, "ma200": 1.2029415, "trend": "downtrend", "target_long": 0.92624, "target_short": 0.86456, "vol_surge": false, "vp_poc": 1.052771, "vp_vah": 1.161425, "vp_val": 0.935759}}}