{"okx": {"KRW-BTC": {"signal": 0, "current_price": 70156.9, "ma200": 92184.296, "trend": "downtrend", "target_long": 72642.8, "target_short": 69157.2, "vol_surge": false, "vp_poc": 70710.095, "vp_vah": 72165.465, "vp_val": 67383.535}, "KRW-ETH": {"signal": 0, "current_price": 2141.23, "ma200": 3137.9225500000002, "trend": "downtrend", "target_long": 2222.5020000000004, "target_short": 2081.598, "vol_surge": false, "vp_poc": 2077.0305, "vp_vah": 2201.1103000000003, "vp_val": 1981.5845}, "KRW-BNB": {"signal": 0, "current_price": 632.8, "ma200": 877.0059999999999, "trend": "downtrend", "target_long": 651.74, "target_short": 626.8599999999999, "vol_surge": false, "vp_poc": 646.951, "vp_vah": 666.127, "vp_val": 626.1769999999999}, "KRW-SOL": {"signal": 0, "current_price": 89.86, "ma200": 144.3787, "trend": "downtrend", "target_long": 94.312, "target_short": 88.568, "vol_surge": false, "vp_poc": 87.3863, "vp_vah": 92.2667, "vp_val": 84.9461}, "KRW-XRP": {"signal": 0, "current_price": 1.4052, "ma200": 2.0917365, "trend": "downtrend", "target_long": 1.4739799999999998, "target_short": 1.39062, "vol_surge": false, "vp_poc": 1.4044660000000002, "vp_vah": 1.461546, "vp_val": 1.358802}, "KRW-DOGE": {"signal": 0, "current_price": 0.09379, "ma200": 0.1548293, "trend": "downtrend", "target_long": 0.096782, "target_short": 0.091558, "vol_surge": false, "vp_poc": 0.094623, "vp_vah": 0.0978522, "vp_val": 0.08959980000000001}, "KRW-LINK": {"signal": 0, "current_price": 9.135, "ma200": 14.274405, "trend": "downtrend", "target_long": 9.3956, "target_short": 8.824399999999999, "vol_surge": false, "vp_poc": 9.08349, "vp_vah": 9.38751, "vp_val": 8.64435}, "KRW-SUI": {"signal": 0, "current_price": 0.9415, "ma200": 1.8803244999999997, "trend": "downtrend", "target_long": 0.9854400000000001, "target_short": 0.92096, "vol_surge": false, "vp_poc": 0.9595849999999999, "vp_vah": 1.034215, "vp_val": 0.9244649999999999}}}