{"okx": {"KRW-BTC": {"signal": 2, "current_price": 69674.1, "ma200": 93012.538, "trend": "downtrend", "target_long": 71052.37999999999, "target_short": 68795.02, "vol_surge": false, "vp_poc": 70860.459, "vp_vah": 71737.283, "vp_val": 66257.133}, "KRW-ETH": {"signal": 2, "current_price": 2126.12, "ma200": 3182.5721499999995, "trend": "downtrend", "target_long": 2191.744, "target_short": 2083.896, "vol_surge": false, "vp_poc": 2084.9371, "vp_vah": 2161.7099, "vp_val": 1931.3915000000002}, "KRW-BNB": {"signal": 0, "current_price": 639.2, "ma200": 881.347, "trend": "downtrend", "target_long": 648.22, "target_short": 629.98, "vol_surge": false, "vp_poc": 651.745, "vp_vah": 664.529, "vp_val": 621.383}, "KRW-SOL": {"signal": 2, "current_price": 88.84, "ma200": 146.72875, "trend": "downtrend", "target_long": 90.67, "target_short": 87.14999999999999, "vol_surge": false, "vp_poc": 87.0377, "vp_vah": 90.52369999999999, "vp_val": 82.5059}, "KRW-XRP": {"signal": 2, "current_price": 1.4324, "ma200": 2.120093, "trend": "downtrend", "target_long": 1.4713800000000001, "target_short": 1.4236199999999999, "vol_surge": false, "vp_poc": 1.387342, "vp_vah": 1.455838, "vp_val": 1.3473860000000002}, "KRW-DOGE": {"signal": 0, "current_price": 0.09385, "ma200": 0.15730729999999998, "trend": "downtrend", "target_long": 0.095264, "target_short": 0.091816, "vol_surge": false, "vp_poc": 0.094623, "vp_vah": 0.0989286, "vp_val": 0.09067620000000001}, "KRW-ADA": {"signal": 2, "current_price": 0.2655, "ma200": 0.49164650000000004, "trend": "downtrend", "target_long": 0.27314, "target_short": 0.26186000000000004, "vol_surge": false, "vp_poc": 0.265266, "vp_vah": 0.281074, "vp_val": 0.257362}, "KRW-AVAX": {"signal": 2, "current_price": 9.445, "ma200": 16.416995, "trend": "downtrend", "target_long": 9.637599999999999, "target_short": 9.3064, "vol_surge": false, "vp_poc": 9.51925, "vp_vah": 9.780349999999999, "vp_val": 8.922450000000001}, "KRW-LINK": {"signal": 2, "current_price": 9.003, "ma200": 14.554079999999999, "trend": "downtrend", "target_long": 9.2204, "target_short": 8.867600000000001, "vol_surge": false, "vp_poc": 9.08349, "vp_vah": 9.38751, "vp_val": 8.64435}, "KRW-DOT": {"signal": 2, "current_price": 1.519, "ma200": 2.4820949999999997, "trend": "downtrend", "target_long": 1.5552, "target_short": 1.4888000000000001, "vol_surge": false, "vp_poc": 1.51167, "vp_vah": 1.56907, "vp_val": 1.4485299999999999}, "KRW-TON": {"signal": 0, "current_price": 1.225, "ma200": 1.9009749999999999, "trend": "downtrend", "target_long": 1.2566000000000002, "target_short": 1.1934, "vol_surge": false, "vp_poc": 1.3160999999999998, "vp_vah": 1.3538999999999999, "vp_val": 1.2741}, "KRW-MATIC": {"signal": 0, "current_price": 0.0977, "ma200": 0.155059, "trend": "downtrend", "target_long": 0.096766, "target_short": 0.094174, "vol_surge": false, "vp_poc": 0.0973993, "vp_vah": 0.10165190000000002, "vp_val": 0.0954663}, "KRW-UNI": {"signal": 2, "current_price": 3.562, "ma200": 5.91257, "trend": "downtrend", "target_long": 3.6676, "target_short": 3.4924, "vol_surge": false, "vp_poc": 3.9332699999999994, "vp_vah": 4.08881, "vp_val": 3.7918699999999994}, "KRW-LTC": {"signal": 2, "current_price": 55.34, "ma200": 82.95004999999999, "trend": "downtrend", "target_long": 56.228, "target_short": 54.852, "vol_surge": false, "vp_poc": 54.745999999999995, "vp_vah": 56.522, "vp_val": 53.266}, "KRW-BCH": {"signal": 0, "current_price": 469.2, "ma200": 547.3779999999999, "trend": "downtrend", "target_long": 459.78, "target_short": 451.22, "vol_surge": false, "vp_poc": 454.36, "vp_vah": 466.84000000000003, "vp_val": 443.96000000000004}, "KRW-APT": {"signal": 0, "current_price": 0.9855, "ma200": 2.419867, "trend": "downtrend", "target_long": 0.9773, "target_short": 0.9197000000000001, "vol_surge": false, "vp_poc": 0.9871349999999999, "vp_vah": 1.016725, "vp_val": 0.941405}, "KRW-NEAR": {"signal": 0, "current_price": 1.32, "ma200": 1.8907700000000003, "trend": "downtrend", "target_long": 1.3646, "target_short": 1.3054, "vol_surge": false, "vp_poc": 1.32394, "vp_vah": 1.4114999999999998, "vp_val": 1.23638}, "KRW-OP": {"signal": 0, "current_price": 0.1227, "ma200": 0.37335549999999995, "trend": "downtrend", "target_long": 0.12512, "target_short": 0.11808, "vol_surge": false, "vp_poc": 0.12566100000000002, "vp_vah": 0.129869, "vp_val": 0.118823}, "KRW-ARB": {"signal": 2, "current_price": 0.09927, "ma200": 0.24801089999999998, "trend": "downtrend", "target_long": 0.101842, "target_short": 0.096898, "vol_surge": false, "vp_poc": 0.1012073, "vp_vah": 0.1055537, "vp_val": 0.0979475}, "KRW-SUI": {"signal": 2, "current_price": 0.9567, "ma200": 1.9284219999999999, "trend": "downtrend", "target_long": 0.98144, "target_short": 0.93576, "vol_surge": false, "vp_poc": 0.9595849999999999, "vp_vah": 0.9990950000000001, "vp_val": 0.889345}}}