{"okx": {"KRW-BTC": {"signal": 2, "current_price": 62576.8, "ma200": 77044.696, "trend": "downtrend", "target_long": 63970.060000000005, "target_short": 61936.54, "vol_surge": false, "vp_poc": 63509.166, "vp_vah": 65329.013999999996, "vp_val": 60779.394}, "KRW-ETH": {"signal": 2, "current_price": 1692.53, "ma200": 2378.5973, "trend": "downtrend", "target_long": 1747.75, "target_short": 1674.5100000000002, "vol_surge": false, "vp_poc": 1680.4583, "vp_vah": 1819.1709, "vp_val": 1605.7669}, "KRW-BNB": {"signal": 2, "current_price": 574.1, "ma200": 708.9839999999999, "trend": "downtrend", "target_long": 591.0400000000001, "target_short": 566.16, "vol_surge": false, "vp_poc": 603.9000000000001, "vp_vah": 679.5799999999999, "vp_val": 558.492}, "KRW-SOL": {"signal": 2, "current_price": 68.43, "ma200": 98.13279999999999, "trend": "downtrend", "target_long": 71.492, "target_short": 67.948, "vol_surge": false, "vp_poc": 67.32990000000001, "vp_vah": 71.9879, "vp_val": 62.2061}, "KRW-XRP": {"signal": 2, "current_price": 1.1285, "ma200": 1.5540785, "trend": "downtrend", "target_long": 1.17034, "target_short": 1.1230600000000002, "vol_surge": false, "vp_poc": 1.1361940000000001, "vp_vah": 1.2138300000000002, "vp_val": 1.0943900000000002}, "KRW-DOGE": {"signal": 2, "current_price": 0.0824, "ma200": 0.108057, "trend": "downtrend", "target_long": 0.08542999999999999, "target_short": 0.08163, "vol_surge": false, "vp_poc": 0.0864741, "vp_vah": 0.0912601, "vp_val": 0.0821667}, "KRW-LINK": {"signal": 2, "current_price": 7.85, "ma200": 10.19761, "trend": "downtrend", "target_long": 8.162, "target_short": 7.8740000000000006, "vol_surge": false, "vp_poc": 7.89434, "vp_vah": 8.4939, "vp_val": 7.5715}, "KRW-SUI": {"signal": 2, "current_price": 0.7117, "ma200": 1.132705, "trend": "downtrend", "target_long": 0.7556, "target_short": 0.704, "vol_surge": false, "vp_poc": 0.7590319999999999, "vp_vah": 0.811752, "vp_val": 0.7168559999999999}}}