{"okx": {"KRW-BTC": {"signal": 0, "current_price": 63993.6, "ma200": 74147.8065, "trend": "downtrend", "target_long": 63949.799999999996, "target_short": 62507.4, "vol_surge": false, "vp_poc": 63361.671, "vp_vah": 64300.083, "vp_val": 59920.827000000005}, "KRW-ETH": {"signal": 0, "current_price": 1787.96, "ma200": 2234.50065, "trend": "downtrend", "target_long": 1761.636, "target_short": 1728.844, "vol_surge": false, "vp_poc": 1734.1924, "vp_vah": 1830.7804, "vp_val": 1701.9964}, "KRW-BNB": {"signal": 0, "current_price": 573.3, "ma200": 676.7194999999999, "trend": "downtrend", "target_long": 573.26, "target_short": 564.1400000000001, "vol_surge": false, "vp_poc": 570.4010000000001, "vp_vah": 578.213, "vp_val": 546.965}, "KRW-SOL": {"signal": 0, "current_price": 77.92, "ma200": 92.2559, "trend": "downtrend", "target_long": 78.884, "target_short": 77.19600000000001, "vol_surge": false, "vp_poc": 72.6199, "vp_vah": 78.59890000000001, "vp_val": 65.04650000000001}, "KRW-XRP": {"signal": 0, "current_price": 1.1022, "ma200": 1.459239, "trend": "downtrend", "target_long": 1.1015599999999999, "target_short": 1.08524, "vol_surge": false, "vp_poc": 1.049427, "vp_vah": 1.126383, "vp_val": 1.028439}, "KRW-DOGE": {"signal": 0, "current_price": 0.07387, "ma200": 0.10162225, "trend": "downtrend", "target_long": 0.07355400000000001, "target_short": 0.072266, "vol_surge": false, "vp_poc": 0.073088, "vp_vah": 0.077456, "vp_val": 0.07215200000000001}, "KRW-LINK": {"signal": 0, "current_price": 7.905, "ma200": 9.59889, "trend": "downtrend", "target_long": 7.8304, "target_short": 7.6376, "vol_surge": false, "vp_poc": 7.88425, "vp_vah": 8.04763, "vp_val": 7.32409}, "KRW-SUI": {"signal": 0, "current_price": 0.7366, "ma200": 1.0454830000000002, "trend": "downtrend", "target_long": 0.72708, "target_short": 0.70732, "vol_surge": false, "vp_poc": 0.697155, "vp_vah": 0.739171, "vp_val": 0.673521}}}