{"okx": {"KRW-BTC": {"signal": 0, "current_price": 75419.4, "ma200": 87546.89549999998, "trend": "downtrend", "target_long": 76150.15999999999, "target_short": 72686.24, "vol_surge": false, "vp_poc": 66800.844, "vp_vah": 71461.852, "vp_val": 65741.524}, "KRW-ETH": {"signal": 0, "current_price": 2386.69, "ma200": 2902.7898499999997, "trend": "downtrend", "target_long": 2457.12, "target_short": 2281.76, "vol_surge": false, "vp_poc": 2061.8904, "vp_vah": 2217.4472, "vp_val": 1988.6871999999998}, "KRW-BNB": {"signal": 0, "current_price": 620.9, "ma200": 841.2244999999999, "trend": "downtrend", "target_long": 625.3599999999999, "target_short": 604.24, "vol_surge": false, "vp_poc": 610.682, "vp_vah": 620.066, "vp_val": 596.606}, "KRW-SOL": {"signal": 0, "current_price": 86.98, "ma200": 129.45355, "trend": "downtrend", "target_long": 88.66, "target_short": 84.34, "vol_surge": false, "vp_poc": 82.9648, "vp_vah": 86.02080000000001, "vp_val": 80.82560000000001}, "KRW-XRP": {"signal": 0, "current_price": 1.3892, "ma200": 1.9223115000000002, "trend": "downtrend", "target_long": 1.40166, "target_short": 1.34974, "vol_surge": false, "vp_poc": 1.3407200000000001, "vp_vah": 1.3682400000000001, "vp_val": 1.3187039999999999}, "KRW-DOGE": {"signal": 0, "current_price": 0.09726, "ma200": 0.13784555, "trend": "downtrend", "target_long": 0.095558, "target_short": 0.092662, "vol_surge": false, "vp_poc": 0.09243950000000001, "vp_vah": 0.09385489999999999, "vp_val": 0.0904175}, "KRW-LINK": {"signal": 0, "current_price": 9.228, "ma200": 12.78444, "trend": "downtrend", "target_long": 9.6594, "target_short": 9.0586, "vol_surge": false, "vp_poc": 8.7539, "vp_vah": 9.07682, "vp_val": 8.505500000000001}, "KRW-SUI": {"signal": 0, "current_price": 0.9575, "ma200": 1.6038195, "trend": "downtrend", "target_long": 0.9852799999999999, "target_short": 0.93472, "vol_surge": false, "vp_poc": 0.872004, "vp_vah": 0.932348, "vp_val": 0.846596}}}