{"okx": {"KRW-BTC": {"signal": 0, "current_price": 73899.6, "ma200": 87175.089, "trend": "downtrend", "target_long": 75581.62, "target_short": 74043.38, "vol_surge": false, "vp_poc": 66878.177, "vp_vah": 72402.227, "vp_val": 65773.367}, "KRW-ETH": {"signal": 0, "current_price": 2307.87, "ma200": 2885.0044, "trend": "downtrend", "target_long": 2390.828, "target_short": 2329.292, "vol_surge": false, "vp_poc": 2229.4154, "vp_vah": 2267.5866, "vp_val": 2019.4737999999998}, "KRW-BNB": {"signal": 0, "current_price": 619.2, "ma200": 837.592, "trend": "downtrend", "target_long": 629.5, "target_short": 615.9000000000001, "vol_surge": false, "vp_poc": 611.1990000000001, "vp_vah": 620.3030000000001, "vp_val": 597.543}, "KRW-SOL": {"signal": 0, "current_price": 85.3, "ma200": 128.21679999999998, "trend": "downtrend", "target_long": 86.168, "target_short": 83.632, "vol_surge": false, "vp_poc": 83.8175, "vp_vah": 85.7885, "vp_val": 81.18950000000001}, "KRW-XRP": {"signal": 0, "current_price": 1.4065, "ma200": 1.907808, "trend": "downtrend", "target_long": 1.4157600000000001, "target_short": 1.36904, "vol_surge": false, "vp_poc": 1.355093, "vp_vah": 1.367549, "vp_val": 1.311497}, "KRW-DOGE": {"signal": 0, "current_price": 0.09542, "ma200": 0.13643465, "trend": "downtrend", "target_long": 0.096546, "target_short": 0.093234, "vol_surge": false, "vp_poc": 0.09243950000000001, "vp_vah": 0.0944615, "vp_val": 0.0904175}, "KRW-LINK": {"signal": 0, "current_price": 9.228, "ma200": 12.66294, "trend": "downtrend", "target_long": 9.4116, "target_short": 9.1084, "vol_surge": false, "vp_poc": 8.7539, "vp_vah": 9.176179999999999, "vp_val": 8.55518}, "KRW-SUI": {"signal": 0, "current_price": 0.9654, "ma200": 1.5810385000000002, "trend": "downtrend", "target_long": 0.9780599999999999, "target_short": 0.93974, "vol_surge": false, "vp_poc": 0.8704080000000001, "vp_vah": 0.940488, "vp_val": 0.849384}}}