{"okx": {"KRW-BTC": {"signal": 2, "current_price": 66026.6, "ma200": 91550.27700000002, "trend": "downtrend", "target_long": 70142.23999999999, "target_short": 67512.16, "vol_surge": false, "vp_poc": 70681.17800000001, "vp_vah": 71935.44200000001, "vp_val": 67336.474}, "KRW-ETH": {"signal": 2, "current_price": 1984.7, "ma200": 3104.6396000000004, "trend": "downtrend", "target_long": 2115.4, "target_short": 2004.9199999999998, "vol_surge": false, "vp_poc": 2077.0305, "vp_vah": 2201.1103000000003, "vp_val": 2000.6736999999998}, "KRW-BNB": {"signal": 2, "current_price": 610.8, "ma200": 873.3784999999999, "trend": "downtrend", "target_long": 639.46, "target_short": 618.74, "vol_surge": false, "vp_poc": 644.399, "vp_vah": 664.0070000000001, "vp_val": 621.523}, "KRW-SOL": {"signal": 2, "current_price": 82.74, "ma200": 142.5851, "trend": "downtrend", "target_long": 89.15, "target_short": 83.91, "vol_surge": false, "vp_poc": 87.0377, "vp_vah": 92.2667, "vp_val": 84.9461}, "KRW-XRP": {"signal": 2, "current_price": 1.3256, "ma200": 2.0690125, "trend": "downtrend", "target_long": 1.39294, "target_short": 1.32886, "vol_surge": false, "vp_poc": 1.407759, "vp_vah": 1.4597609999999999, "vp_val": 1.349979}, "KRW-DOGE": {"signal": 2, "current_price": 0.09004, "ma200": 0.15279530000000002, "trend": "downtrend", "target_long": 0.094332, "target_short": 0.089748, "vol_surge": false, "vp_poc": 0.094623, "vp_vah": 0.0978522, "vp_val": 0.08959980000000001}, "KRW-LINK": {"signal": 2, "current_price": 8.526, "ma200": 14.070515, "trend": "downtrend", "target_long": 9.1446, "target_short": 8.6814, "vol_surge": false, "vp_poc": 9.049710000000001, "vp_vah": 9.52263, "vp_val": 8.74569}, "KRW-SUI": {"signal": 2, "current_price": 0.8769, "ma200": 1.8430784999999998, "trend": "downtrend", "target_long": 0.95012, "target_short": 0.90108, "vol_surge": false, "vp_poc": 0.9595849999999999, "vp_vah": 1.034215, "vp_val": 0.928855}}}