{"okx": {"KRW-BTC": {"signal": 0, "current_price": 62802.9, "ma200": 76358.72, "trend": "downtrend", "target_long": 63670.42, "target_short": 61792.58, "vol_surge": false, "vp_poc": 63451.263999999996, "vp_vah": 64270.144, "vp_val": 61158.399999999994}, "KRW-ETH": {"signal": 0, "current_price": 1669.01, "ma200": 2344.3652, "trend": "downtrend", "target_long": 1707.6960000000001, "target_short": 1626.704, "vol_surge": false, "vp_poc": 1707.95, "vp_vah": 1776.95, "vp_val": 1652.75}, "KRW-BNB": {"signal": 0, "current_price": 578.4, "ma200": 701.2565, "trend": "downtrend", "target_long": 587.14, "target_short": 569.0600000000001, "vol_surge": false, "vp_poc": 603.692, "vp_vah": 609.8679999999999, "vp_val": 575.9000000000001}, "KRW-SOL": {"signal": 0, "current_price": 69.72, "ma200": 96.48519999999999, "trend": "downtrend", "target_long": 71.264, "target_short": 68.13600000000001, "vol_surge": false, "vp_poc": 66.98140000000001, "vp_vah": 71.45580000000001, "vp_val": 62.1874}, "KRW-XRP": {"signal": 2, "current_price": 1.1056, "ma200": 1.52966, "trend": "downtrend", "target_long": 1.12692, "target_short": 1.0934800000000002, "vol_surge": false, "vp_poc": 1.1349300000000002, "vp_vah": 1.178814, "vp_val": 1.095922}, "KRW-DOGE": {"signal": 0, "current_price": 0.07928, "ma200": 0.1064748, "trend": "downtrend", "target_long": 0.080668, "target_short": 0.07713199999999999, "vol_surge": false, "vp_poc": 0.0863933, "vp_vah": 0.0881777, "vp_val": 0.0819323}, "KRW-LINK": {"signal": 2, "current_price": 7.595, "ma200": 10.04313, "trend": "downtrend", "target_long": 7.8072, "target_short": 7.460800000000001, "vol_surge": false, "vp_poc": 7.88655, "vp_vah": 8.08107, "vp_val": 7.49751}, "KRW-SUI": {"signal": 2, "current_price": 0.6996, "ma200": 1.1099105, "trend": "downtrend", "target_long": 0.72694, "target_short": 0.68166, "vol_surge": false, "vp_poc": 0.756861, "vp_vah": 0.7702450000000001, "vp_val": 0.6999789999999999}}}