{"okx": {"KRW-BTC": {"signal": 0, "current_price": 60021.0, "ma200": 75406.493, "trend": "downtrend", "target_long": 61016.36, "target_short": 59501.64, "vol_surge": false, "vp_poc": 63532.1, "vp_vah": 66840.5, "vp_val": 61510.3}, "KRW-ETH": {"signal": 0, "current_price": 1598.69, "ma200": 2295.90965, "trend": "downtrend", "target_long": 1648.324, "target_short": 1578.036, "vol_surge": false, "vp_poc": 1711.0824000000002, "vp_vah": 1778.5544, "vp_val": 1630.116}, "KRW-BNB": {"signal": 0, "current_price": 557.0, "ma200": 691.2055, "trend": "downtrend", "target_long": 566.34, "target_short": 553.0600000000001, "vol_surge": false, "vp_poc": 588.1320000000001, "vp_vah": 627.276, "vp_val": 571.356}, "KRW-SOL": {"signal": 0, "current_price": 74.64, "ma200": 94.59190000000001, "trend": "downtrend", "target_long": 77.612, "target_short": 72.708, "vol_surge": false, "vp_poc": 72.3632, "vp_vah": 74.488, "vp_val": 68.1136}, "KRW-XRP": {"signal": 0, "current_price": 1.0518, "ma200": 1.499468, "trend": "downtrend", "target_long": 1.0766799999999999, "target_short": 1.04092, "vol_surge": false, "vp_poc": 1.1370900000000002, "vp_vah": 1.2507700000000002, "vp_val": 1.0745660000000001}, "KRW-DOGE": {"signal": 0, "current_price": 0.07278, "ma200": 0.10443300000000001, "trend": "downtrend", "target_long": 0.074376, "target_short": 0.07250400000000001, "vol_surge": false, "vp_poc": 0.08805480000000002, "vp_vah": 0.0922788, "vp_val": 0.0774948}, "KRW-LINK": {"signal": 0, "current_price": 7.333, "ma200": 9.843575000000001, "trend": "downtrend", "target_long": 7.5088, "target_short": 7.2512, "vol_surge": false, "vp_poc": 7.86071, "vp_vah": 8.40709, "vp_val": 7.37861}, "KRW-SUI": {"signal": 0, "current_price": 0.6945, "ma200": 1.0823720000000001, "trend": "downtrend", "target_long": 0.7171, "target_short": 0.6883, "vol_surge": false, "vp_poc": 0.702704, "vp_vah": 0.763088, "vp_val": 0.66008}}}