{"okx": {"KRW-BTC": {"signal": 0, "current_price": 82128.0, "ma200": 83318.032, "trend": "downtrend", "target_long": 81708.68, "target_short": 80113.32, "vol_surge": false, "vp_poc": 77458.78099999999, "vp_vah": 78918.63699999999, "vp_val": 75633.961}, "KRW-ETH": {"signal": 0, "current_price": 2390.86, "ma200": 2695.6945499999997, "trend": "downtrend", "target_long": 2382.848, "target_short": 2339.152, "vol_surge": false, "vp_poc": 2321.0546999999997, "vp_vah": 2384.9289, "vp_val": 2286.6609}, "KRW-BNB": {"signal": 0, "current_price": 654.0, "ma200": 784.1469999999999, "trend": "downtrend", "target_long": 635.38, "target_short": 625.62, "vol_surge": true, "vp_poc": 632.4860000000001, "vp_vah": 640.1300000000001, "vp_val": 619.3820000000001}, "KRW-SOL": {"signal": 0, "current_price": 89.0, "ma200": 115.81925000000001, "trend": "downtrend", "target_long": 87.47000000000001, "target_short": 85.11, "vol_surge": false, "vp_poc": 84.6755, "vp_vah": 86.9147, "vp_val": 83.3693}, "KRW-XRP": {"signal": 0, "current_price": 1.4366, "ma200": 1.7793185, "trend": "downtrend", "target_long": 1.4254, "target_short": 1.3998000000000002, "vol_surge": false, "vp_poc": 1.4294890000000002, "vp_vah": 1.449157, "vp_val": 1.3901530000000002}, "KRW-DOGE": {"signal": 0, "current_price": 0.11524, "ma200": 0.12405395000000001, "trend": "downtrend", "target_long": 0.11745399999999999, "target_short": 0.112246, "vol_surge": false, "vp_poc": 0.09818959999999999, "vp_vah": 0.1075072, "vp_val": 0.0927952}, "KRW-LINK": {"signal": 0, "current_price": 10.112, "ma200": 11.569375000000003, "trend": "downtrend", "target_long": 9.963, "target_short": 9.571, "vol_surge": false, "vp_poc": 9.37865, "vp_vah": 9.48577, "vp_val": 9.08407}, "KRW-SUI": {"signal": 0, "current_price": 1.013, "ma200": 1.3638000000000003, "trend": "downtrend", "target_long": 0.98812, "target_short": 0.9446800000000001, "vol_surge": false, "vp_poc": 0.9446019999999999, "vp_vah": 0.9640179999999999, "vp_val": 0.9154779999999999}}}