{"okx": {"KRW-ETH": {"signal": 0, "current_price": 1878.3, "ma200": 2206.78885, "trend": "downtrend", "target_long": 1941.7, "target_short": 1842.34, "vol_surge": false, "vp_poc": 1762.615, "vp_vah": 1832.005, "vp_val": 1708.645}, "KRW-BNB": {"signal": 0, "current_price": 579.6, "ma200": 670.117, "trend": "downtrend", "target_long": 589.1600000000001, "target_short": 574.8399999999999, "vol_surge": false, "vp_poc": 575.978, "vp_vah": 583.846, "vp_val": 556.87}, "KRW-SOL": {"signal": 0, "current_price": 78.1, "ma200": 91.11224999999999, "trend": "downtrend", "target_long": 79.252, "target_short": 76.508, "vol_surge": false, "vp_poc": 77.3015, "vp_vah": 80.5505, "vp_val": 70.4425}, "KRW-XRP": {"signal": 0, "current_price": 1.1047, "ma200": 1.440154, "trend": "downtrend", "target_long": 1.13586, "target_short": 1.0879400000000001, "vol_surge": false, "vp_poc": 1.101897, "vp_vah": 1.119387, "vp_val": 1.035435}, "KRW-DOGE": {"signal": 0, "current_price": 0.07423, "ma200": 0.10031659999999999, "trend": "downtrend", "target_long": 0.076058, "target_short": 0.07288199999999999, "vol_surge": false, "vp_poc": 0.07335710000000001, "vp_vah": 0.07612630000000001, "vp_val": 0.07197250000000001}, "KRW-LINK": {"signal": 0, "current_price": 8.368, "ma200": 9.494594999999999, "trend": "downtrend", "target_long": 8.562199999999999, "target_short": 8.1318, "vol_surge": false, "vp_poc": 7.918200000000001, "vp_vah": 8.16804, "vp_val": 7.3629999999999995}, "KRW-SUI": {"signal": 0, "current_price": 0.7551, "ma200": 1.0286905, "trend": "downtrend", "target_long": 0.78176, "target_short": 0.7430399999999999, "vol_surge": false, "vp_poc": 0.729223, "vp_vah": 0.766393, "vp_val": 0.701965}}}