{"okx": {"KRW-BTC": {"signal": 0, "current_price": 76934.9, "ma200": 80823.87, "trend": "downtrend", "target_long": 78205.9, "target_short": 77033.5, "vol_surge": false, "vp_poc": 80465.85, "vp_vah": 81687.87, "vp_val": 77478.69}, "KRW-ETH": {"signal": 0, "current_price": 2123.02, "ma200": 2560.65805, "trend": "downtrend", "target_long": 2154.91, "target_short": 2112.95, "vol_surge": false, "vp_poc": 2316.4734, "vp_vah": 2420.2314, "vp_val": 2157.3778}, "KRW-BNB": {"signal": 0, "current_price": 659.6, "ma200": 749.0880000000001, "trend": "downtrend", "target_long": 664.0400000000001, "target_short": 653.16, "vol_surge": false, "vp_poc": 656.24, "vp_vah": 671.2, "vp_val": 635.296}, "KRW-SOL": {"signal": 0, "current_price": 86.92, "ma200": 107.89614999999999, "trend": "downtrend", "target_long": 88.432, "target_short": 86.288, "vol_surge": false, "vp_poc": 85.528, "vp_vah": 91.8784, "vp_val": 83.71360000000001}, "KRW-XRP": {"signal": 0, "current_price": 1.3563, "ma200": 1.692891, "trend": "downtrend", "target_long": 1.38782, "target_short": 1.3599799999999997, "vol_surge": false, "vp_poc": 1.422247, "vp_vah": 1.466929, "vp_val": 1.3775650000000002}, "KRW-DOGE": {"signal": 0, "current_price": 0.10626, "ma200": 0.1174009, "trend": "downtrend", "target_long": 0.10684400000000001, "target_short": 0.104556, "vol_surge": false, "vp_poc": 0.1121014, "vp_vah": 0.1147798, "vp_val": 0.10707939999999999}, "KRW-LINK": {"signal": 0, "current_price": 9.828, "ma200": 10.96713, "trend": "downtrend", "target_long": 9.8904, "target_short": 9.6216, "vol_surge": false, "vp_poc": 9.521999999999998, "vp_vah": 10.35, "vp_val": 9.341999999999999}, "KRW-SUI": {"signal": 0, "current_price": 1.1022, "ma200": 1.257047, "trend": "downtrend", "target_long": 1.15966, "target_short": 1.09014, "vol_surge": false, "vp_poc": 1.0876299999999999, "vp_vah": 1.218098, "vp_val": 0.9170180000000001}}}