{"okx": {"KRW-BTC": {"signal": 0, "current_price": 74349.6, "ma200": 87177.339, "trend": "downtrend", "target_long": 75581.62, "target_short": 74043.38, "vol_surge": false, "vp_poc": 66878.177, "vp_vah": 72402.227, "vp_val": 65773.367}, "KRW-ETH": {"signal": 0, "current_price": 2322.4, "ma200": 2885.0770500000003, "trend": "downtrend", "target_long": 2390.828, "target_short": 2329.292, "vol_surge": false, "vp_poc": 2229.4154, "vp_vah": 2267.5866, "vp_val": 2019.4737999999998}, "KRW-BNB": {"signal": 0, "current_price": 625.8, "ma200": 837.625, "trend": "downtrend", "target_long": 629.5, "target_short": 615.9000000000001, "vol_surge": false, "vp_poc": 611.483, "vp_vah": 620.6510000000001, "vp_val": 597.731}, "KRW-SOL": {"signal": 0, "current_price": 86.38, "ma200": 128.2222, "trend": "downtrend", "target_long": 86.168, "target_short": 83.632, "vol_surge": false, "vp_poc": 83.8175, "vp_vah": 85.7885, "vp_val": 81.18950000000001}, "KRW-XRP": {"signal": 0, "current_price": 1.4243, "ma200": 1.9078970000000002, "trend": "downtrend", "target_long": 1.4157600000000001, "target_short": 1.36904, "vol_surge": false, "vp_poc": 1.3555039999999998, "vp_vah": 1.3652959999999998, "vp_val": 1.3098079999999999}, "KRW-DOGE": {"signal": 0, "current_price": 0.09724, "ma200": 0.13644374999999997, "trend": "downtrend", "target_long": 0.096546, "target_short": 0.093234, "vol_surge": false, "vp_poc": 0.0924652, "vp_vah": 0.0943804, "vp_val": 0.0903372}, "KRW-LINK": {"signal": 0, "current_price": 9.371, "ma200": 12.663655, "trend": "downtrend", "target_long": 9.4116, "target_short": 9.1084, "vol_surge": false, "vp_poc": 8.75314, "vp_vah": 9.168500000000002, "vp_val": 8.54546}, "KRW-SUI": {"signal": 0, "current_price": 0.9789, "ma200": 1.5811060000000001, "trend": "downtrend", "target_long": 0.9780599999999999, "target_short": 0.93974, "vol_surge": false, "vp_poc": 0.8704080000000001, "vp_vah": 0.9439919999999999, "vp_val": 0.849384}}}