{"okx": {"KRW-BTC": {"signal": 0, "current_price": 63527.0, "ma200": 78396.0765, "trend": "downtrend", "target_long": 64789.76, "target_short": 61884.24, "vol_surge": false, "vp_poc": 77245.56, "vp_vah": 78009.112, "vp_val": 63501.623999999996}, "KRW-ETH": {"signal": 0, "current_price": 1683.21, "ma200": 2445.3233, "trend": "downtrend", "target_long": 1754.1599999999999, "target_short": 1626.96, "vol_surge": false, "vp_poc": 2111.8667, "vp_vah": 2151.0581, "vp_val": 1706.8889}, "KRW-BNB": {"signal": 0, "current_price": 607.5, "ma200": 723.469, "trend": "downtrend", "target_long": 619.48, "target_short": 589.3199999999999, "vol_surge": false, "vp_poc": 656.876, "vp_vah": 743.9079999999999, "vp_val": 634.172}, "KRW-SOL": {"signal": 0, "current_price": 67.33, "ma200": 101.74355, "trend": "downtrend", "target_long": 68.86999999999999, "target_short": 64.11, "vol_surge": false, "vp_poc": 85.5081, "vp_vah": 87.7409, "vp_val": 67.6457}, "KRW-XRP": {"signal": 0, "current_price": 1.1744, "ma200": 1.6071390000000003, "trend": "downtrend", "target_long": 1.18914, "target_short": 1.1218599999999999, "vol_surge": false, "vp_poc": 1.3559970000000001, "vp_vah": 1.382933, "vp_val": 1.1674450000000003}, "KRW-DOGE": {"signal": 0, "current_price": 0.0869, "ma200": 0.11143015, "trend": "downtrend", "target_long": 0.088654, "target_short": 0.083886, "vol_surge": false, "vp_poc": 0.10065640000000001, "vp_vah": 0.1064884, "vp_val": 0.0872428}, "KRW-LINK": {"signal": 0, "current_price": 8.025, "ma200": 10.462475, "trend": "downtrend", "target_long": 8.183, "target_short": 7.651, "vol_surge": false, "vp_poc": 9.51903, "vp_vah": 9.823129999999999, "vp_val": 8.18099}, "KRW-SUI": {"signal": 0, "current_price": 0.7637, "ma200": 1.1717165, "trend": "downtrend", "target_long": 0.78432, "target_short": 0.7324799999999999, "vol_surge": false, "vp_poc": 0.757108, "vp_vah": 0.9986440000000001, "vp_val": 0.6665319999999999}}}