{"okx": {"KRW-BTC": {"signal": 2, "current_price": 66690.4, "ma200": 91553.59600000002, "trend": "downtrend", "target_long": 70142.23999999999, "target_short": 67512.16, "vol_surge": false, "vp_poc": 70502.185, "vp_vah": 71957.55500000001, "vp_val": 67591.445}, "KRW-ETH": {"signal": 2, "current_price": 1991.19, "ma200": 3104.67205, "trend": "downtrend", "target_long": 2115.4, "target_short": 2004.9199999999998, "vol_surge": false, "vp_poc": 2077.0305, "vp_vah": 2201.1103000000003, "vp_val": 2000.6736999999998}, "KRW-BNB": {"signal": 2, "current_price": 611.0, "ma200": 873.3795, "trend": "downtrend", "target_long": 639.46, "target_short": 618.74, "vol_surge": false, "vp_poc": 645.0350000000001, "vp_vah": 662.7450000000001, "vp_val": 620.885}, "KRW-SOL": {"signal": 2, "current_price": 83.34, "ma200": 142.5881, "trend": "downtrend", "target_long": 89.15, "target_short": 83.91, "vol_surge": false, "vp_poc": 87.0377, "vp_vah": 92.2667, "vp_val": 85.29469999999999}, "KRW-XRP": {"signal": 2, "current_price": 1.3343, "ma200": 2.069056, "trend": "downtrend", "target_long": 1.39294, "target_short": 1.32886, "vol_surge": false, "vp_poc": 1.4044660000000002, "vp_vah": 1.461546, "vp_val": 1.358802}, "KRW-DOGE": {"signal": 2, "current_price": 0.08998, "ma200": 0.15279500000000001, "trend": "downtrend", "target_long": 0.094332, "target_short": 0.089748, "vol_surge": false, "vp_poc": 0.094623, "vp_vah": 0.0978522, "vp_val": 0.08959980000000001}, "KRW-LINK": {"signal": 2, "current_price": 8.591, "ma200": 14.07084, "trend": "downtrend", "target_long": 9.1446, "target_short": 8.6814, "vol_surge": false, "vp_poc": 9.049710000000001, "vp_vah": 9.52263, "vp_val": 8.74569}, "KRW-SUI": {"signal": 2, "current_price": 0.8919, "ma200": 1.8431535, "trend": "downtrend", "target_long": 0.95012, "target_short": 0.90108, "vol_surge": false, "vp_poc": 0.9595849999999999, "vp_vah": 1.029825, "vp_val": 0.928855}}}