{"okx": {"KRW-BTC": {"signal": 0, "current_price": 75928.7, "ma200": 80689.098, "trend": "downtrend", "target_long": 76558.38, "target_short": 74526.22, "vol_surge": false, "vp_poc": 80352.814, "vp_vah": 81897.826, "vp_val": 77262.79000000001}, "KRW-ETH": {"signal": 0, "current_price": 2079.85, "ma200": 2554.33805, "trend": "downtrend", "target_long": 2099.782, "target_short": 2032.3980000000001, "vol_surge": false, "vp_poc": 2311.5455, "vp_vah": 2419.5365, "vp_val": 2145.4055}, "KRW-BNB": {"signal": 0, "current_price": 652.7, "ma200": 747.6225, "trend": "downtrend", "target_long": 656.86, "target_short": 644.14, "vol_surge": false, "vp_poc": 649.145, "vp_vah": 666.929, "vp_val": 634.3249999999999}, "KRW-SOL": {"signal": 0, "current_price": 85.03, "ma200": 107.53354999999999, "trend": "downtrend", "target_long": 85.954, "target_short": 82.866, "vol_surge": false, "vp_poc": 85.63, "vp_vah": 92.09, "vp_val": 83.59}, "KRW-XRP": {"signal": 0, "current_price": 1.3483, "ma200": 1.6884975, "trend": "downtrend", "target_long": 1.35314, "target_short": 1.31626, "vol_surge": false, "vp_poc": 1.418336, "vp_vah": 1.468096, "vp_val": 1.368576}, "KRW-DOGE": {"signal": 0, "current_price": 0.10262, "ma200": 0.11708315000000001, "trend": "downtrend", "target_long": 0.104464, "target_short": 0.100296, "vol_surge": false, "vp_poc": 0.112366, "vp_vah": 0.114958, "vp_val": 0.10588600000000001}, "KRW-LINK": {"signal": 0, "current_price": 9.419, "ma200": 10.938744999999999, "trend": "downtrend", "target_long": 9.689, "target_short": 9.152999999999999, "vol_surge": false, "vp_poc": 9.54705, "vp_vah": 10.30935, "vp_val": 9.32925}, "KRW-SUI": {"signal": 0, "current_price": 1.0596, "ma200": 1.2522015, "trend": "downtrend", "target_long": 1.08504, "target_short": 1.01176, "vol_surge": false, "vp_poc": 1.04807, "vp_vah": 1.21841, "vp_val": 0.9378499999999999}}}