{"okx": {"KRW-ETH": {"signal": 0, "current_price": 1705.65, "ma200": 2351.4029499999997, "trend": "downtrend", "target_long": 1757.504, "target_short": 1699.216, "vol_surge": false, "vp_poc": 1707.95, "vp_vah": 1776.95, "vp_val": 1652.75}, "KRW-BNB": {"signal": 0, "current_price": 582.1, "ma200": 702.8370000000001, "trend": "downtrend", "target_long": 597.48, "target_short": 582.9200000000001, "vol_surge": false, "vp_poc": 603.692, "vp_vah": 614.5, "vp_val": 580.5319999999999}, "KRW-SOL": {"signal": 2, "current_price": 70.71, "ma200": 96.80269999999999, "trend": "downtrend", "target_long": 73.416, "target_short": 70.50399999999999, "vol_surge": false, "vp_poc": 66.98140000000001, "vp_vah": 71.45580000000001, "vp_val": 62.507000000000005}, "KRW-XRP": {"signal": 0, "current_price": 1.1137, "ma200": 1.5343025, "trend": "downtrend", "target_long": 1.14652, "target_short": 1.11268, "vol_surge": false, "vp_poc": 1.1349300000000002, "vp_vah": 1.1836900000000001, "vp_val": 1.1007980000000002}, "KRW-DOGE": {"signal": 0, "current_price": 0.08084, "ma200": 0.106787, "trend": "downtrend", "target_long": 0.083768, "target_short": 0.081192, "vol_surge": false, "vp_poc": 0.0863933, "vp_vah": 0.0887725, "vp_val": 0.08252709999999999}, "KRW-LINK": {"signal": 0, "current_price": 7.791, "ma200": 10.07554, "trend": "downtrend", "target_long": 8.0218, "target_short": 7.7242, "vol_surge": false, "vp_poc": 7.88655, "vp_vah": 8.178329999999999, "vp_val": 7.56235}, "KRW-SUI": {"signal": 0, "current_price": 0.7019, "ma200": 1.1142180000000002, "trend": "downtrend", "target_long": 0.74026, "target_short": 0.69914, "vol_surge": false, "vp_poc": 0.757887, "vp_vah": 0.774797, "vp_val": 0.7003929999999999}}}