{"okx": {"KRW-BTC": {"signal": 0, "current_price": 65017.9, "ma200": 73674.694, "trend": "downtrend", "target_long": 63370.06, "target_short": 61294.14, "vol_surge": false, "vp_poc": 62994.814, "vp_vah": 64455.494000000006, "vp_val": 60073.454}, "KRW-ETH": {"signal": 0, "current_price": 1891.49, "ma200": 2212.1379500000003, "trend": "downtrend", "target_long": 1815.056, "target_short": 1738.2240000000002, "vol_surge": false, "vp_poc": 1762.615, "vp_vah": 1839.715, "vp_val": 1654.675}, "KRW-BNB": {"signal": 0, "current_price": 581.4, "ma200": 671.4435000000001, "trend": "downtrend", "target_long": 574.7, "target_short": 560.7, "vol_surge": false, "vp_poc": 575.978, "vp_vah": 582.722, "vp_val": 555.746}, "KRW-SOL": {"signal": 0, "current_price": 77.86, "ma200": 91.34530000000001, "trend": "downtrend", "target_long": 76.658, "target_short": 73.36200000000001, "vol_surge": false, "vp_poc": 77.4031, "vp_vah": 80.9905, "vp_val": 70.6269}, "KRW-XRP": {"signal": 0, "current_price": 1.1116, "ma200": 1.443998, "trend": "downtrend", "target_long": 1.08726, "target_short": 1.04774, "vol_surge": false, "vp_poc": 1.098399, "vp_vah": 1.119387, "vp_val": 1.035435}, "KRW-DOGE": {"signal": 0, "current_price": 0.07444, "ma200": 0.10056720000000001, "trend": "downtrend", "target_long": 0.073308, "target_short": 0.07069199999999999, "vol_surge": false, "vp_poc": 0.07335710000000001, "vp_vah": 0.07612630000000001, "vp_val": 0.07197250000000001}, "KRW-LINK": {"signal": 0, "current_price": 8.343, "ma200": 9.515305, "trend": "downtrend", "target_long": 8.024799999999999, "target_short": 7.7512, "vol_surge": false, "vp_poc": 7.91575, "vp_vah": 8.16685, "vp_val": 7.35775}, "KRW-SUI": {"signal": 0, "current_price": 0.7623, "ma200": 1.032172, "trend": "downtrend", "target_long": 0.73788, "target_short": 0.70612, "vol_surge": false, "vp_poc": 0.731293, "vp_vah": 0.765431, "vp_val": 0.694529}}}