{"okx": {"KRW-BTC": {"signal": 0, "current_price": 75581.9, "ma200": 80687.364, "trend": "downtrend", "target_long": 76558.38, "target_short": 74526.22, "vol_surge": false, "vp_poc": 80476.91699999999, "vp_vah": 82002.777, "vp_val": 77425.19699999999}, "KRW-ETH": {"signal": 0, "current_price": 2067.76, "ma200": 2554.2776, "trend": "downtrend", "target_long": 2099.782, "target_short": 2032.3980000000001, "vol_surge": false, "vp_poc": 2315.9085999999998, "vp_vah": 2419.9734, "vp_val": 2144.945}, "KRW-BNB": {"signal": 0, "current_price": 651.4, "ma200": 747.6160000000001, "trend": "downtrend", "target_long": 656.86, "target_short": 644.14, "vol_surge": false, "vp_poc": 649.145, "vp_vah": 668.411, "vp_val": 634.3249999999999}, "KRW-SOL": {"signal": 0, "current_price": 84.55, "ma200": 107.53115, "trend": "downtrend", "target_long": 85.954, "target_short": 82.866, "vol_surge": false, "vp_poc": 85.528, "vp_vah": 91.8784, "vp_val": 83.71360000000001}, "KRW-XRP": {"signal": 0, "current_price": 1.338, "ma200": 1.688446, "trend": "downtrend", "target_long": 1.35314, "target_short": 1.31626, "vol_surge": false, "vp_poc": 1.418748, "vp_vah": 1.4677639999999998, "vp_val": 1.3741879999999997}, "KRW-DOGE": {"signal": 0, "current_price": 0.10149, "ma200": 0.1170775, "trend": "downtrend", "target_long": 0.104464, "target_short": 0.100296, "vol_surge": false, "vp_poc": 0.112358, "vp_vah": 0.1155836, "vp_val": 0.106982}, "KRW-LINK": {"signal": 0, "current_price": 9.391, "ma200": 10.938605, "trend": "downtrend", "target_long": 9.689, "target_short": 9.152999999999999, "vol_surge": false, "vp_poc": 9.535499999999999, "vp_vah": 10.28394, "vp_val": 9.357299999999999}, "KRW-SUI": {"signal": 0, "current_price": 1.0397, "ma200": 1.252102, "trend": "downtrend", "target_long": 1.08504, "target_short": 1.01176, "vol_surge": false, "vp_poc": 1.0781299999999998, "vp_vah": 1.22843, "vp_val": 0.9378499999999999}}}