{"okx": {"KRW-BTC": {"signal": 0, "current_price": 76947.5, "ma200": 81463.0275, "trend": "downtrend", "target_long": 78215.72, "target_short": 76691.88, "vol_surge": false, "vp_poc": 80393.527, "vp_vah": 81657.255, "vp_val": 78024.03700000001}, "KRW-ETH": {"signal": 2, "current_price": 2120.7, "ma200": 2594.27855, "trend": "downtrend", "target_long": 2176.2740000000003, "target_short": 2084.986, "vol_surge": false, "vp_poc": 2311.7441, "vp_vah": 2366.0209, "vp_val": 2257.4673000000003}, "KRW-BNB": {"signal": 0, "current_price": 642.7, "ma200": 757.3520000000001, "trend": "downtrend", "target_long": 656.9200000000001, "target_short": 642.28, "vol_surge": false, "vp_poc": 650.798, "vp_vah": 676.334, "vp_val": 630.05}, "KRW-SOL": {"signal": 0, "current_price": 84.91, "ma200": 109.80709999999999, "trend": "downtrend", "target_long": 86.79, "target_short": 83.67, "vol_surge": false, "vp_poc": 84.6343, "vp_vah": 92.1011, "vp_val": 82.2585}, "KRW-XRP": {"signal": 2, "current_price": 1.3898, "ma200": 1.714853, "trend": "downtrend", "target_long": 1.425, "target_short": 1.3781999999999999, "vol_surge": false, "vp_poc": 1.421491, "vp_vah": 1.462351, "vp_val": 1.3847170000000002}, "KRW-DOGE": {"signal": 0, "current_price": 0.10661, "ma200": 0.11895465, "trend": "downtrend", "target_long": 0.11193399999999999, "target_short": 0.106086, "vol_surge": false, "vp_poc": 0.1083533, "vp_vah": 0.1133947, "vp_val": 0.10641429999999999}, "KRW-LINK": {"signal": 0, "current_price": 9.525, "ma200": 11.109535000000001, "trend": "downtrend", "target_long": 9.7772, "target_short": 9.354800000000001, "vol_surge": false, "vp_poc": 9.125820000000001, "vp_vah": 10.30302, "vp_val": 9.04734}, "KRW-SUI": {"signal": 0, "current_price": 1.0401, "ma200": 1.2809725, "trend": "downtrend", "target_long": 1.07586, "target_short": 1.01234, "vol_surge": false, "vp_poc": 0.9187609999999999, "vp_vah": 1.238141, "vp_val": 0.908115}}}