{"okx": {"KRW-BTC": {"signal": 0, "current_price": 63965.2, "ma200": 73911.812, "trend": "downtrend", "target_long": 64098.5, "target_short": 63536.100000000006, "vol_surge": false, "vp_poc": 59947.439, "vp_vah": 62568.261, "vp_val": 58292.183000000005}, "KRW-ETH": {"signal": 0, "current_price": 1804.11, "ma200": 2222.9444999999996, "trend": "downtrend", "target_long": 1805.1019999999999, "target_short": 1770.438, "vol_surge": false, "vp_poc": 1759.9492, "vp_vah": 1830.7804, "vp_val": 1637.6044000000002}, "KRW-BNB": {"signal": 2, "current_price": 573.8, "ma200": 674.0185, "trend": "downtrend", "target_long": 578.74, "target_short": 570.6600000000001, "vol_surge": false, "vp_poc": 573.73, "vp_vah": 582.722, "vp_val": 553.498}, "KRW-SOL": {"signal": 2, "current_price": 76.69, "ma200": 91.7916, "trend": "downtrend", "target_long": 77.624, "target_short": 75.936, "vol_surge": false, "vp_poc": 81.38910000000001, "vp_vah": 82.98349999999999, "vp_val": 71.42410000000001}, "KRW-XRP": {"signal": 2, "current_price": 1.094, "ma200": 1.4515254999999998, "trend": "downtrend", "target_long": 1.10596, "target_short": 1.08764, "vol_surge": false, "vp_poc": 1.098399, "vp_vah": 1.150869, "vp_val": 1.052925}, "KRW-DOGE": {"signal": 2, "current_price": 0.07303, "ma200": 0.1010655, "trend": "downtrend", "target_long": 0.074152, "target_short": 0.072248, "vol_surge": false, "vp_poc": 0.0733338, "vp_vah": 0.076771, "vp_val": 0.0720118}, "KRW-LINK": {"signal": 0, "current_price": 8.02, "ma200": 9.55552, "trend": "downtrend", "target_long": 7.9967999999999995, "target_short": 7.8272, "vol_surge": false, "vp_poc": 7.32409, "vp_vah": 7.8609100000000005, "vp_val": 7.137370000000001}, "KRW-SUI": {"signal": 0, "current_price": 0.7404, "ma200": 1.038581, "trend": "downtrend", "target_long": 0.7394000000000001, "target_short": 0.7182, "vol_surge": false, "vp_poc": 0.697155, "vp_vah": 0.7417969999999999, "vp_val": 0.673521}}}