{"okx": {"KRW-ETH": {"signal": 0, "current_price": 1665.38, "ma200": 2421.89955, "trend": "downtrend", "target_long": 1702.4279999999999, "target_short": 1644.692, "vol_surge": false, "vp_poc": 1663.7975000000001, "vp_vah": 1893.3299, "vp_val": 1510.7759}, "KRW-BNB": {"signal": 0, "current_price": 601.2, "ma200": 718.5095, "trend": "downtrend", "target_long": 614.0799999999999, "target_short": 597.52, "vol_surge": false, "vp_poc": 656.876, "vp_vah": 743.9079999999999, "vp_val": 603.9000000000001}, "KRW-SOL": {"signal": 0, "current_price": 66.6, "ma200": 100.42309999999999, "trend": "downtrend", "target_long": 68.596, "target_short": 65.244, "vol_surge": false, "vp_poc": 66.8425, "vp_vah": 77.6145, "vp_val": 60.3793}, "KRW-XRP": {"signal": 0, "current_price": 1.1384, "ma200": 1.5887924999999998, "trend": "downtrend", "target_long": 1.16438, "target_short": 1.1210200000000001, "vol_surge": false, "vp_poc": 1.136405, "vp_vah": 1.2907250000000001, "vp_val": 1.052815}, "KRW-DOGE": {"signal": 0, "current_price": 0.08582, "ma200": 0.11023845, "trend": "downtrend", "target_long": 0.087742, "target_short": 0.084438, "vol_surge": false, "vp_poc": 0.085773, "vp_vah": 0.097871, "vp_val": 0.077883}, "KRW-LINK": {"signal": 0, "current_price": 7.878, "ma200": 10.369234999999998, "trend": "downtrend", "target_long": 8.0564, "target_short": 7.7196, "vol_surge": false, "vp_poc": 7.88237, "vp_vah": 9.01175, "vp_val": 7.02189}, "KRW-SUI": {"signal": 0, "current_price": 0.7511, "ma200": 1.1584245, "trend": "downtrend", "target_long": 0.77222, "target_short": 0.73758, "vol_surge": false, "vp_poc": 0.756536, "vp_vah": 0.8722319999999999, "vp_val": 0.665632}}}