{"okx": {"KRW-BTC": {"signal": 2, "current_price": 67800.0, "ma200": 79283.4345, "trend": "downtrend", "target_long": 72781.14, "target_short": 70053.46, "vol_surge": true, "vp_poc": 77109.28700000001, "vp_vah": 78306.57500000001, "vp_val": 73218.101}, "KRW-ETH": {"signal": 2, "current_price": 1931.08, "ma200": 2486.5168, "trend": "downtrend", "target_long": 2032.566, "target_short": 1980.5339999999999, "vol_surge": true, "vp_poc": 2108.0847000000003, "vp_vah": 2151.1817, "vp_val": 1996.0325}, "KRW-BNB": {"signal": 0, "current_price": 666.9, "ma200": 732.9540000000001, "trend": "downtrend", "target_long": 715.54, "target_short": 671.06, "vol_surge": true, "vp_poc": 657.675, "vp_vah": 702.325, "vp_val": 636.5249999999999}, "KRW-SOL": {"signal": 2, "current_price": 77.12, "ma200": 103.85335, "trend": "downtrend", "target_long": 82.876, "target_short": 79.684, "vol_surge": false, "vp_poc": 85.498, "vp_vah": 87.314, "vp_val": 81.50280000000001}, "KRW-XRP": {"signal": 2, "current_price": 1.2414, "ma200": 1.6375475, "trend": "downtrend", "target_long": 1.32208, "target_short": 1.27232, "vol_surge": false, "vp_poc": 1.353494, "vp_vah": 1.4001700000000001, "vp_val": 1.2801460000000002}, "KRW-DOGE": {"signal": 0, "current_price": 0.09598, "ma200": 0.11355929999999999, "trend": "downtrend", "target_long": 0.1026, "target_short": 0.0996, "vol_surge": false, "vp_poc": 0.10079479999999999, "vp_vah": 0.1083308, "vp_val": 0.097278}, "KRW-LINK": {"signal": 2, "current_price": 8.672, "ma200": 10.63601, "trend": "downtrend", "target_long": 9.206999999999999, "target_short": 8.911, "vol_surge": false, "vp_poc": 9.55736, "vp_vah": 9.83192, "vp_val": 9.053999999999998}, "KRW-SUI": {"signal": 2, "current_price": 0.8378, "ma200": 1.198383, "trend": "downtrend", "target_long": 0.8979, "target_short": 0.8615, "vol_surge": false, "vp_poc": 1.049699, "vp_vah": 1.159081, "vp_val": 0.923489}}}