{"okx": {"KRW-BTC": {"signal": 0, "current_price": 74289.4, "ma200": 87177.038, "trend": "downtrend", "target_long": 75581.62, "target_short": 74043.38, "vol_surge": false, "vp_poc": 66878.177, "vp_vah": 72402.227, "vp_val": 65773.367}, "KRW-ETH": {"signal": 0, "current_price": 2330.36, "ma200": 2885.1168500000003, "trend": "downtrend", "target_long": 2390.828, "target_short": 2329.292, "vol_surge": false, "vp_poc": 2229.4154, "vp_vah": 2267.5866, "vp_val": 2019.4737999999998}, "KRW-BNB": {"signal": 0, "current_price": 619.1, "ma200": 837.5915, "trend": "downtrend", "target_long": 629.5, "target_short": 615.9000000000001, "vol_surge": false, "vp_poc": 611.1990000000001, "vp_vah": 620.3030000000001, "vp_val": 597.543}, "KRW-SOL": {"signal": 0, "current_price": 84.97, "ma200": 128.21515, "trend": "downtrend", "target_long": 86.168, "target_short": 83.632, "vol_surge": false, "vp_poc": 84.4745, "vp_vah": 85.7885, "vp_val": 81.18950000000001}, "KRW-XRP": {"signal": 0, "current_price": 1.4031, "ma200": 1.907791, "trend": "downtrend", "target_long": 1.4157600000000001, "target_short": 1.36904, "vol_surge": false, "vp_poc": 1.3523930000000002, "vp_vah": 1.3668230000000001, "vp_val": 1.3148749999999998}, "KRW-DOGE": {"signal": 0, "current_price": 0.09565, "ma200": 0.1364358, "trend": "downtrend", "target_long": 0.096546, "target_short": 0.093234, "vol_surge": false, "vp_poc": 0.09243950000000001, "vp_vah": 0.09425929999999999, "vp_val": 0.0904175}, "KRW-LINK": {"signal": 0, "current_price": 9.243, "ma200": 12.663015, "trend": "downtrend", "target_long": 9.4116, "target_short": 9.1084, "vol_surge": false, "vp_poc": 8.7539, "vp_vah": 9.15134, "vp_val": 8.55518}, "KRW-SUI": {"signal": 0, "current_price": 0.9654, "ma200": 1.5810385000000002, "trend": "downtrend", "target_long": 0.9780599999999999, "target_short": 0.93974, "vol_surge": false, "vp_poc": 0.872579, "vp_vah": 0.940939, "vp_val": 0.848653}}}