{"okx": {"KRW-BTC": {"signal": 2, "current_price": 63389.9, "ma200": 78966.5405, "trend": "downtrend", "target_long": 65515.920000000006, "target_short": 62779.68, "vol_surge": true, "vp_poc": 77266.71900000001, "vp_vah": 79053.429, "vp_val": 71549.247}, "KRW-ETH": {"signal": 2, "current_price": 1767.94, "ma200": 2472.7496499999997, "trend": "downtrend", "target_long": 1863.194, "target_short": 1763.306, "vol_surge": true, "vp_poc": 2113.0726000000004, "vp_vah": 2154.223, "vp_val": 1969.0462}, "KRW-BNB": {"signal": 0, "current_price": 603.3, "ma200": 729.6975, "trend": "downtrend", "target_long": 637.1400000000001, "target_short": 604.26, "vol_surge": false, "vp_poc": 655.911, "vp_vah": 709.529, "vp_val": 633.833}, "KRW-SOL": {"signal": 2, "current_price": 69.37, "ma200": 103.15979999999999, "trend": "downtrend", "target_long": 73.538, "target_short": 69.682, "vol_surge": true, "vp_poc": 85.56909999999999, "vp_vah": 87.8461, "vp_val": 80.55969999999999}, "KRW-XRP": {"signal": 2, "current_price": 1.1703, "ma200": 1.6269954999999998, "trend": "downtrend", "target_long": 1.22608, "target_short": 1.17632, "vol_surge": false, "vp_poc": 1.364875, "vp_vah": 1.400647, "vp_val": 1.287369}, "KRW-DOGE": {"signal": 2, "current_price": 0.08919, "ma200": 0.11283719999999998, "trend": "downtrend", "target_long": 0.092952, "target_short": 0.089808, "vol_surge": true, "vp_poc": 0.10377449999999999, "vp_vah": 0.1076567, "vp_val": 0.0965647}, "KRW-LINK": {"signal": 2, "current_price": 8.039, "ma200": 10.577005, "trend": "downtrend", "target_long": 8.5346, "target_short": 8.1274, "vol_surge": false, "vp_poc": 9.52575, "vp_vah": 9.84901, "vp_val": 8.971589999999999}, "KRW-SUI": {"signal": 0, "current_price": 0.7842, "ma200": 1.1890355, "trend": "downtrend", "target_long": 0.84602, "target_short": 0.80338, "vol_surge": true, "vp_poc": 1.052272, "vp_vah": 1.160536, "vp_val": 0.89404}}}