{"okx": {"KRW-BTC": {"signal": 0, "current_price": 63970.5, "ma200": 76767.3345, "trend": "downtrend", "target_long": 64773.9, "target_short": 63826.299999999996, "vol_surge": false, "vp_poc": 63418.369999999995, "vp_vah": 64648.98999999999, "vp_val": 60957.13}, "KRW-ETH": {"signal": 0, "current_price": 1728.18, "ma200": 2365.11245, "trend": "downtrend", "target_long": 1759.1119999999999, "target_short": 1722.448, "vol_surge": false, "vp_poc": 1730.5205, "vp_vah": 1800.8691, "vp_val": 1619.9727000000003}, "KRW-BNB": {"signal": 0, "current_price": 588.6, "ma200": 705.9169999999999, "trend": "downtrend", "target_long": 592.0400000000001, "target_short": 584.36, "vol_surge": false, "vp_poc": 605.25, "vp_vah": 621.9300000000001, "vp_val": 574.6700000000001}, "KRW-SOL": {"signal": 0, "current_price": 73.16, "ma200": 97.45445, "trend": "downtrend", "target_long": 75.148, "target_short": 71.292, "vol_surge": false, "vp_poc": 67.1027, "vp_vah": 71.7645, "vp_val": 62.4409}, "KRW-XRP": {"signal": 0, "current_price": 1.1444, "ma200": 1.5438355, "trend": "downtrend", "target_long": 1.1587399999999999, "target_short": 1.14146, "vol_surge": false, "vp_poc": 1.1462029999999999, "vp_vah": 1.210605, "vp_val": 1.101617}, "KRW-DOGE": {"signal": 0, "current_price": 0.08308, "ma200": 0.10740945, "trend": "downtrend", "target_long": 0.08439200000000001, "target_short": 0.083048, "vol_surge": false, "vp_poc": 0.0863594, "vp_vah": 0.0896662, "vp_val": 0.0821078}, "KRW-LINK": {"signal": 0, "current_price": 7.943, "ma200": 10.137265, "trend": "downtrend", "target_long": 8.0652, "target_short": 7.9148000000000005, "vol_surge": false, "vp_poc": 7.97119, "vp_vah": 8.46967, "vp_val": 7.68041}, "KRW-SUI": {"signal": 2, "current_price": 0.7069, "ma200": 1.1232475, "trend": "downtrend", "target_long": 0.7238399999999999, "target_short": 0.70456, "vol_surge": false, "vp_poc": 0.760005, "vp_vah": 0.795029, "vp_val": 0.703091}}}