{"okx": {"KRW-BTC": {"signal": 0, "current_price": 81220.9, "ma200": 83313.49650000001, "trend": "downtrend", "target_long": 81708.68, "target_short": 80113.32, "vol_surge": false, "vp_poc": 77352.73, "vp_vah": 78806.66200000001, "vp_val": 75575.70199999999}, "KRW-ETH": {"signal": 0, "current_price": 2361.5, "ma200": 2695.5477499999997, "trend": "downtrend", "target_long": 2382.848, "target_short": 2339.152, "vol_surge": false, "vp_poc": 2321.0546999999997, "vp_vah": 2380.0155, "vp_val": 2286.6609}, "KRW-BNB": {"signal": 0, "current_price": 635.1, "ma200": 784.0525, "trend": "downtrend", "target_long": 635.38, "target_short": 625.62, "vol_surge": false, "vp_poc": 632.489, "vp_vah": 639.5129999999999, "vp_val": 620.197}, "KRW-SOL": {"signal": 0, "current_price": 87.19, "ma200": 115.81020000000001, "trend": "downtrend", "target_long": 87.47000000000001, "target_short": 85.11, "vol_surge": false, "vp_poc": 84.6755, "vp_vah": 86.9147, "vp_val": 83.5559}, "KRW-XRP": {"signal": 0, "current_price": 1.4214, "ma200": 1.7792425, "trend": "downtrend", "target_long": 1.4254, "target_short": 1.3998000000000002, "vol_surge": false, "vp_poc": 1.393431, "vp_vah": 1.442601, "vp_val": 1.383597}, "KRW-DOGE": {"signal": 0, "current_price": 0.11541, "ma200": 0.12405479999999999, "trend": "downtrend", "target_long": 0.11745399999999999, "target_short": 0.112246, "vol_surge": false, "vp_poc": 0.0985375, "vp_vah": 0.10715949999999999, "vp_val": 0.0927895}, "KRW-LINK": {"signal": 0, "current_price": 9.827, "ma200": 11.567950000000002, "trend": "downtrend", "target_long": 9.963, "target_short": 9.571, "vol_surge": false, "vp_poc": 9.37483, "vp_vah": 9.47373, "vp_val": 9.097909999999999}, "KRW-SUI": {"signal": 0, "current_price": 0.9835, "ma200": 1.3636525, "trend": "downtrend", "target_long": 0.98812, "target_short": 0.9446800000000001, "vol_surge": false, "vp_poc": 0.9446019999999999, "vp_vah": 0.9607819999999999, "vp_val": 0.9154779999999999}}}