{"okx": {"KRW-BTC": {"signal": 2, "current_price": 69228.8, "ma200": 79290.5785, "trend": "downtrend", "target_long": 72781.14, "target_short": 70053.46, "vol_surge": false, "vp_poc": 76990.619, "vp_vah": 81659.063, "vp_val": 74137.68100000001}, "KRW-ETH": {"signal": 2, "current_price": 1979.21, "ma200": 2486.75745, "trend": "downtrend", "target_long": 2032.566, "target_short": 1980.5339999999999, "vol_surge": false, "vp_poc": 2105.1844, "vp_vah": 2155.982, "vp_val": 2003.5892000000001}, "KRW-BNB": {"signal": 0, "current_price": 678.4, "ma200": 733.0115000000001, "trend": "downtrend", "target_long": 715.54, "target_short": 671.06, "vol_surge": false, "vp_poc": 657.675, "vp_vah": 704.675, "vp_val": 636.5249999999999}, "KRW-SOL": {"signal": 2, "current_price": 79.1, "ma200": 103.86325000000001, "trend": "downtrend", "target_long": 82.876, "target_short": 79.684, "vol_surge": false, "vp_poc": 85.72, "vp_vah": 87.22, "vp_val": 81.52000000000001}, "KRW-XRP": {"signal": 2, "current_price": 1.2652, "ma200": 1.6376665, "trend": "downtrend", "target_long": 1.32208, "target_short": 1.27232, "vol_surge": false, "vp_poc": 1.3656730000000001, "vp_vah": 1.400821, "vp_val": 1.289519}, "KRW-DOGE": {"signal": 0, "current_price": 0.09889, "ma200": 0.11357384999999999, "trend": "downtrend", "target_long": 0.1026, "target_short": 0.0996, "vol_surge": false, "vp_poc": 0.10071279999999999, "vp_vah": 0.1077912, "vp_val": 0.0971736}, "KRW-LINK": {"signal": 2, "current_price": 8.843, "ma200": 10.636865, "trend": "downtrend", "target_long": 9.206999999999999, "target_short": 8.911, "vol_surge": false, "vp_poc": 9.548169999999999, "vp_vah": 9.82859, "vp_val": 9.06745}, "KRW-SUI": {"signal": 2, "current_price": 0.8484, "ma200": 1.198436, "trend": "downtrend", "target_long": 0.8979, "target_short": 0.8615, "vol_surge": false, "vp_poc": 1.05321, "vp_vah": 1.163586, "vp_val": 0.9270660000000001}}}