{"okx": {"KRW-BTC": {"signal": 0, "current_price": 64209.1, "ma200": 76498.26299999999, "trend": "downtrend", "target_long": 64954.159999999996, "target_short": 63101.04, "vol_surge": false, "vp_poc": 63451.263999999996, "vp_vah": 64433.92, "vp_val": 61322.176}, "KRW-ETH": {"signal": 0, "current_price": 1733.95, "ma200": 2351.54445, "trend": "downtrend", "target_long": 1757.504, "target_short": 1699.216, "vol_surge": false, "vp_poc": 1707.95, "vp_vah": 1776.95, "vp_val": 1652.75}, "KRW-BNB": {"signal": 0, "current_price": 591.6, "ma200": 702.8845000000001, "trend": "downtrend", "target_long": 597.48, "target_short": 582.9200000000001, "vol_surge": false, "vp_poc": 603.692, "vp_vah": 614.5, "vp_val": 580.5319999999999}, "KRW-SOL": {"signal": 2, "current_price": 71.94, "ma200": 96.80884999999998, "trend": "downtrend", "target_long": 73.416, "target_short": 70.50399999999999, "vol_surge": false, "vp_poc": 66.98140000000001, "vp_vah": 71.45580000000001, "vp_val": 62.507000000000005}, "KRW-XRP": {"signal": 0, "current_price": 1.132, "ma200": 1.534394, "trend": "downtrend", "target_long": 1.14652, "target_short": 1.11268, "vol_surge": false, "vp_poc": 1.1349300000000002, "vp_vah": 1.1836900000000001, "vp_val": 1.1007980000000002}, "KRW-DOGE": {"signal": 0, "current_price": 0.08255, "ma200": 0.10679555, "trend": "downtrend", "target_long": 0.083768, "target_short": 0.081192, "vol_surge": false, "vp_poc": 0.0863933, "vp_vah": 0.0887725, "vp_val": 0.08252709999999999}, "KRW-LINK": {"signal": 0, "current_price": 7.906, "ma200": 10.076115, "trend": "downtrend", "target_long": 8.0218, "target_short": 7.7242, "vol_surge": false, "vp_poc": 7.88655, "vp_vah": 8.178329999999999, "vp_val": 7.56235}, "KRW-SUI": {"signal": 0, "current_price": 0.7233, "ma200": 1.114325, "trend": "downtrend", "target_long": 0.74026, "target_short": 0.69914, "vol_surge": false, "vp_poc": 0.757887, "vp_vah": 0.774797, "vp_val": 0.7003929999999999}}}