{"okx": {"KRW-BTC": {"signal": 0, "current_price": 81426.3, "ma200": 82133.1375, "trend": "downtrend", "target_long": 80346.3, "target_short": 78294.7, "vol_surge": false, "vp_poc": 80393.527, "vp_vah": 81973.187, "vp_val": 77866.071}, "KRW-ETH": {"signal": 0, "current_price": 2300.24, "ma200": 2630.11835, "trend": "downtrend", "target_long": 2294.48, "target_short": 2223.0800000000004, "vol_surge": false, "vp_poc": 2311.8419999999996, "vp_vah": 2356.5811999999996, "vp_val": 2267.1027999999997}, "KRW-BNB": {"signal": 0, "current_price": 681.9, "ma200": 766.4095, "trend": "downtrend", "target_long": 680.46, "target_short": 662.94, "vol_surge": false, "vp_poc": 620.1880000000001, "vp_vah": 655.884, "vp_val": 615.5319999999999}, "KRW-SOL": {"signal": 0, "current_price": 92.57, "ma200": 111.93635, "trend": "downtrend", "target_long": 93.44, "target_short": 88.88, "vol_surge": false, "vp_poc": 84.29489999999998, "vp_vah": 92.44049999999999, "vp_val": 83.2767}, "KRW-XRP": {"signal": 0, "current_price": 1.4801, "ma200": 1.737768, "trend": "downtrend", "target_long": 1.45034, "target_short": 1.40426, "vol_surge": false, "vp_poc": 1.4188450000000001, "vp_vah": 1.4512650000000002, "vp_val": 1.3831830000000003}, "KRW-DOGE": {"signal": 0, "current_price": 0.11531, "ma200": 0.12060734999999999, "trend": "downtrend", "target_long": 0.1147, "target_short": 0.11062, "vol_surge": false, "vp_poc": 0.1083539, "vp_vah": 0.11484029999999999, "vp_val": 0.1059215}, "KRW-LINK": {"signal": 0, "current_price": 10.588, "ma200": 11.27055, "trend": "downtrend", "target_long": 10.5218, "target_short": 9.9122, "vol_surge": false, "vp_poc": 9.16506, "vp_vah": 10.26378, "vp_val": 9.04734}, "KRW-SUI": {"signal": 0, "current_price": 1.1996, "ma200": 1.3093990000000002, "trend": "downtrend", "target_long": 1.2432, "target_short": 1.1727999999999998, "vol_surge": false, "vp_poc": 0.9187609999999999, "vp_vah": 1.2487869999999999, "vp_val": 0.908115}}}