{"okx": {"KRW-BTC": {"signal": 0, "current_price": 75743.3, "ma200": 80817.912, "trend": "downtrend", "target_long": 78205.9, "target_short": 77033.5, "vol_surge": false, "vp_poc": 80473.26, "vp_vah": 81908.86, "vp_val": 77458.5}, "KRW-ETH": {"signal": 0, "current_price": 2070.16, "ma200": 2560.39375, "trend": "downtrend", "target_long": 2154.91, "target_short": 2112.95, "vol_surge": false, "vp_poc": 2317.4282000000003, "vp_vah": 2420.0258000000003, "vp_val": 2148.875}, "KRW-BNB": {"signal": 0, "current_price": 651.6, "ma200": 749.048, "trend": "downtrend", "target_long": 664.0400000000001, "target_short": 653.16, "vol_surge": false, "vp_poc": 650.2560000000001, "vp_vah": 671.2, "vp_val": 635.296}, "KRW-SOL": {"signal": 0, "current_price": 84.86, "ma200": 107.88585, "trend": "downtrend", "target_long": 88.432, "target_short": 86.288, "vol_surge": false, "vp_poc": 85.528, "vp_vah": 91.8784, "vp_val": 83.71360000000001}, "KRW-XRP": {"signal": 0, "current_price": 1.3399, "ma200": 1.692809, "trend": "downtrend", "target_long": 1.38782, "target_short": 1.3599799999999997, "vol_surge": false, "vp_poc": 1.420754, "vp_vah": 1.469022, "vp_val": 1.376874}, "KRW-DOGE": {"signal": 0, "current_price": 0.10344, "ma200": 0.1173868, "trend": "downtrend", "target_long": 0.10684400000000001, "target_short": 0.104556, "vol_surge": false, "vp_poc": 0.1121014, "vp_vah": 0.1151146, "vp_val": 0.10707939999999999}, "KRW-LINK": {"signal": 0, "current_price": 9.504, "ma200": 10.965510000000002, "trend": "downtrend", "target_long": 9.8904, "target_short": 9.6216, "vol_surge": false, "vp_poc": 9.521999999999998, "vp_vah": 10.35, "vp_val": 9.341999999999999}, "KRW-SUI": {"signal": 0, "current_price": 1.0557, "ma200": 1.2568145000000002, "trend": "downtrend", "target_long": 1.15966, "target_short": 1.09014, "vol_surge": false, "vp_poc": 1.0876299999999999, "vp_vah": 1.218098, "vp_val": 0.9170180000000001}}}