{"okx": {"KRW-BTC": {"signal": 0, "current_price": 66403.4, "ma200": 91088.5275, "trend": "downtrend", "target_long": 66915.72, "target_short": 65822.28, "vol_surge": false, "vp_poc": 70681.17800000001, "vp_vah": 72144.486, "vp_val": 67545.51800000001}, "KRW-ETH": {"signal": 0, "current_price": 1994.14, "ma200": 3081.3233999999998, "trend": "downtrend", "target_long": 2020.2240000000002, "target_short": 1969.096, "vol_surge": false, "vp_poc": 2071.9675, "vp_vah": 2189.6655, "vp_val": 2013.1185}, "KRW-BNB": {"signal": 2, "current_price": 608.7, "ma200": 870.625, "trend": "downtrend", "target_long": 614.58, "target_short": 607.2199999999999, "vol_surge": false, "vp_poc": 644.399, "vp_vah": 665.6410000000001, "vp_val": 623.157}, "KRW-SOL": {"signal": 2, "current_price": 81.7, "ma200": 141.1994, "trend": "downtrend", "target_long": 83.13000000000001, "target_short": 81.05, "vol_surge": false, "vp_poc": 87.5806, "vp_vah": 92.21180000000001, "vp_val": 85.26499999999999}, "KRW-XRP": {"signal": 0, "current_price": 1.3193, "ma200": 2.0526250000000004, "trend": "downtrend", "target_long": 1.34918, "target_short": 1.3178199999999998, "vol_surge": false, "vp_poc": 1.40286, "vp_vah": 1.46206, "vp_val": 1.3436599999999999}, "KRW-DOGE": {"signal": 0, "current_price": 0.09071, "ma200": 0.15127445, "trend": "downtrend", "target_long": 0.09325, "target_short": 0.08873, "vol_surge": false, "vp_poc": 0.09483839999999999, "vp_vah": 0.0979024, "vp_val": 0.0902424}, "KRW-LINK": {"signal": 2, "current_price": 8.426, "ma200": 13.921914999999998, "trend": "downtrend", "target_long": 8.565399999999999, "target_short": 8.3086, "vol_surge": false, "vp_poc": 9.14225, "vp_vah": 9.551449999999999, "vp_val": 8.76715}, "KRW-SUI": {"signal": 2, "current_price": 0.8432, "ma200": 1.816169, "trend": "downtrend", "target_long": 0.8851, "target_short": 0.8339000000000001, "vol_surge": false, "vp_poc": 0.967435, "vp_vah": 1.0422850000000001, "vp_val": 0.932505}}}