{"okx": {"KRW-BTC": {"signal": 0, "current_price": 76721.4, "ma200": 81132.624, "trend": "downtrend", "target_long": 77341.95999999999, "target_short": 76334.04000000001, "vol_surge": false, "vp_poc": 80465.85, "vp_vah": 81687.87, "vp_val": 77886.03}, "KRW-ETH": {"signal": 2, "current_price": 2109.64, "ma200": 2576.82495, "trend": "downtrend", "target_long": 2133.246, "target_short": 2090.8140000000003, "vol_surge": false, "vp_poc": 2316.4734, "vp_vah": 2392.5626, "vp_val": 2247.3014000000003}, "KRW-BNB": {"signal": 0, "current_price": 639.3, "ma200": 752.8330000000001, "trend": "downtrend", "target_long": 644.3, "target_short": 635.5, "vol_surge": false, "vp_poc": 651.191, "vp_vah": 673.961, "vp_val": 634.4929999999999}, "KRW-SOL": {"signal": 2, "current_price": 84.23, "ma200": 108.78424999999999, "trend": "downtrend", "target_long": 85.19800000000001, "target_short": 83.382, "vol_surge": false, "vp_poc": 84.15100000000001, "vp_vah": 92.107, "vp_val": 83.53899999999999}, "KRW-XRP": {"signal": 0, "current_price": 1.3615, "ma200": 1.7033930000000002, "trend": "downtrend", "target_long": 1.3794199999999999, "target_short": 1.34358, "vol_surge": false, "vp_poc": 1.4220199999999998, "vp_vah": 1.457516, "vp_val": 1.38258}, "KRW-DOGE": {"signal": 0, "current_price": 0.1029, "ma200": 0.1181059, "trend": "downtrend", "target_long": 0.104162, "target_short": 0.10181799999999999, "vol_surge": false, "vp_poc": 0.1084744, "vp_vah": 0.1136328, "vp_val": 0.1071848}, "KRW-LINK": {"signal": 0, "current_price": 9.428, "ma200": 11.03234, "trend": "downtrend", "target_long": 9.6028, "target_short": 9.2932, "vol_surge": false, "vp_poc": 9.80764, "vp_vah": 10.457080000000001, "vp_val": 9.3386}, "KRW-SUI": {"signal": 0, "current_price": 1.0516, "ma200": 1.2678945, "trend": "downtrend", "target_long": 1.07406, "target_short": 1.03014, "vol_surge": false, "vp_poc": 1.084445, "vp_vah": 1.2364549999999999, "vp_val": 0.912167}}}