{"okx": {"KRW-BTC": {"signal": 2, "current_price": 67006.9, "ma200": 79279.469, "trend": "downtrend", "target_long": 72781.14, "target_short": 70053.46, "vol_surge": true, "vp_poc": 77198.057, "vp_vah": 81578.74100000001, "vp_val": 74068.997}, "KRW-ETH": {"signal": 2, "current_price": 1899.24, "ma200": 2486.3576000000003, "trend": "downtrend", "target_long": 2032.566, "target_short": 1980.5339999999999, "vol_surge": true, "vp_poc": 2113.2449, "vp_vah": 2157.0779, "vp_val": 1990.5125000000003}, "KRW-BNB": {"signal": 0, "current_price": 657.6, "ma200": 732.9075, "trend": "downtrend", "target_long": 715.54, "target_short": 671.06, "vol_surge": true, "vp_poc": 657.675, "vp_vah": 702.325, "vp_val": 636.5249999999999}, "KRW-SOL": {"signal": 2, "current_price": 75.0, "ma200": 103.84275000000001, "trend": "downtrend", "target_long": 82.876, "target_short": 79.684, "vol_surge": false, "vp_poc": 85.7734, "vp_vah": 86.929, "vp_val": 80.7658}, "KRW-XRP": {"signal": 2, "current_price": 1.2154, "ma200": 1.6374175, "trend": "downtrend", "target_long": 1.32208, "target_short": 1.27232, "vol_surge": false, "vp_poc": 1.354405, "vp_vah": 1.4093650000000002, "vp_val": 1.285705}, "KRW-DOGE": {"signal": 0, "current_price": 0.09349, "ma200": 0.11354685, "trend": "downtrend", "target_long": 0.1026, "target_short": 0.0996, "vol_surge": false, "vp_poc": 0.1006003, "vp_vah": 0.1079167, "vp_val": 0.0969421}, "KRW-LINK": {"signal": 2, "current_price": 8.481, "ma200": 10.635055000000001, "trend": "downtrend", "target_long": 9.206999999999999, "target_short": 8.911, "vol_surge": false, "vp_poc": 9.55212, "vp_vah": 9.83868, "vp_val": 9.02676}, "KRW-SUI": {"signal": 2, "current_price": 0.8196, "ma200": 1.198292, "trend": "downtrend", "target_long": 0.8979, "target_short": 0.8615, "vol_surge": false, "vp_poc": 1.0490110000000001, "vp_vah": 1.2263769999999998, "vp_val": 0.972997}}}