{"okx": {"KRW-BTC": {"signal": 0, "current_price": 77470.1, "ma200": 80826.546, "trend": "downtrend", "target_long": 78205.9, "target_short": 77033.5, "vol_surge": false, "vp_poc": 80465.85, "vp_vah": 81687.87, "vp_val": 77614.47}, "KRW-ETH": {"signal": 0, "current_price": 2130.69, "ma200": 2560.6964, "trend": "downtrend", "target_long": 2154.91, "target_short": 2112.95, "vol_surge": false, "vp_poc": 2316.4734, "vp_vah": 2420.2314, "vp_val": 2157.3778}, "KRW-BNB": {"signal": 0, "current_price": 657.9, "ma200": 749.0794999999999, "trend": "downtrend", "target_long": 664.0400000000001, "target_short": 653.16, "vol_surge": false, "vp_poc": 650.2560000000001, "vp_vah": 671.2, "vp_val": 635.296}, "KRW-SOL": {"signal": 0, "current_price": 86.85, "ma200": 107.8958, "trend": "downtrend", "target_long": 88.432, "target_short": 86.288, "vol_surge": false, "vp_poc": 85.528, "vp_vah": 91.8784, "vp_val": 83.71360000000001}, "KRW-XRP": {"signal": 0, "current_price": 1.3689, "ma200": 1.692954, "trend": "downtrend", "target_long": 1.38782, "target_short": 1.3599799999999997, "vol_surge": false, "vp_poc": 1.422247, "vp_vah": 1.466929, "vp_val": 1.381627}, "KRW-DOGE": {"signal": 0, "current_price": 0.10559, "ma200": 0.11739755, "trend": "downtrend", "target_long": 0.10684400000000001, "target_short": 0.104556, "vol_surge": false, "vp_poc": 0.1121014, "vp_vah": 0.1147798, "vp_val": 0.10707939999999999}, "KRW-LINK": {"signal": 0, "current_price": 9.738, "ma200": 10.966680000000002, "trend": "downtrend", "target_long": 9.8904, "target_short": 9.6216, "vol_surge": false, "vp_poc": 9.521999999999998, "vp_vah": 10.35, "vp_val": 9.341999999999999}, "KRW-SUI": {"signal": 0, "current_price": 1.0976, "ma200": 1.2570240000000001, "trend": "downtrend", "target_long": 1.15966, "target_short": 1.09014, "vol_surge": false, "vp_poc": 1.0876299999999999, "vp_vah": 1.228134, "vp_val": 0.9170180000000001}}}