{"okx": {"KRW-BTC": {"signal": 0, "current_price": 65876.2, "ma200": 72850.81049999999, "trend": "downtrend", "target_long": 66073.66, "target_short": 64445.34, "vol_surge": false, "vp_poc": 62981.649, "vp_vah": 64905.638999999996, "vp_val": 62212.053}, "KRW-ETH": {"signal": 0, "current_price": 1934.14, "ma200": 2173.56455, "trend": "downtrend", "target_long": 1934.818, "target_short": 1874.4019999999998, "vol_surge": false, "vp_poc": 1761.3505, "vp_vah": 1831.1805, "vp_val": 1733.4185000000002}, "KRW-BNB": {"signal": 0, "current_price": 575.8, "ma200": 661.354, "trend": "downtrend", "target_long": 576.38, "target_short": 566.2199999999999, "vol_surge": false, "vp_poc": 572.2049999999999, "vp_vah": 582.567, "vp_val": 566.553}, "KRW-SOL": {"signal": 0, "current_price": 78.59, "ma200": 89.61475, "trend": "downtrend", "target_long": 79.002, "target_short": 76.698, "vol_surge": false, "vp_poc": 77.0835, "vp_vah": 80.6909, "vp_val": 74.7493}, "KRW-XRP": {"signal": 0, "current_price": 1.1347, "ma200": 1.4166545, "trend": "downtrend", "target_long": 1.1274000000000002, "target_short": 1.0974, "vol_surge": false, "vp_poc": 1.09097, "vp_vah": 1.1271099999999998, "vp_val": 1.07151}, "KRW-DOGE": {"signal": 0, "current_price": 0.07308, "ma200": 0.09870960000000001, "trend": "downtrend", "target_long": 0.073186, "target_short": 0.07119400000000001, "vol_surge": false, "vp_poc": 0.07267499999999999, "vp_vah": 0.075225, "vp_val": 0.07148499999999999}, "KRW-LINK": {"signal": 0, "current_price": 8.704, "ma200": 9.37203, "trend": "downtrend", "target_long": 8.7378, "target_short": 8.4482, "vol_surge": false, "vp_poc": 7.93408, "vp_vah": 8.312639999999998, "vp_val": 7.5264}, "KRW-SUI": {"signal": 0, "current_price": 0.7734, "ma200": 1.0072185, "trend": "downtrend", "target_long": 0.77888, "target_short": 0.75072, "vol_surge": false, "vp_poc": 0.745477, "vp_vah": 0.760975, "vp_val": 0.723091}}}