{"okx": {"KRW-ETH": {"signal": 0, "current_price": 1574.37, "ma200": 2320.2232, "trend": "downtrend", "target_long": 1611.894, "target_short": 1545.526, "vol_surge": false, "vp_poc": 1711.0824000000002, "vp_vah": 1778.5544, "vp_val": 1650.3575999999998}, "KRW-BNB": {"signal": 0, "current_price": 557.0, "ma200": 696.1695, "trend": "downtrend", "target_long": 575.7800000000001, "target_short": 559.62, "vol_surge": false, "vp_poc": 588.1320000000001, "vp_vah": 616.092, "vp_val": 573.22}, "KRW-SOL": {"signal": 0, "current_price": 70.77, "ma200": 95.51189999999998, "trend": "downtrend", "target_long": 75.11, "target_short": 68.71, "vol_surge": false, "vp_poc": 67.159, "vp_vah": 72.1054, "vp_val": 64.1362}, "KRW-XRP": {"signal": 0, "current_price": 1.0511, "ma200": 1.514107, "trend": "downtrend", "target_long": 1.06758, "target_short": 1.03022, "vol_surge": false, "vp_poc": 1.1370900000000002, "vp_vah": 1.216666, "vp_val": 1.0916180000000002}, "KRW-DOGE": {"signal": 0, "current_price": 0.07448, "ma200": 0.10543865000000001, "trend": "downtrend", "target_long": 0.07741600000000001, "target_short": 0.074184, "vol_surge": false, "vp_poc": 0.0863652, "vp_vah": 0.0910116, "vp_val": 0.0821412}, "KRW-LINK": {"signal": 0, "current_price": 7.295, "ma200": 9.942625, "trend": "downtrend", "target_long": 7.5086, "target_short": 7.2014000000000005, "vol_surge": false, "vp_poc": 7.86071, "vp_vah": 8.182110000000002, "vp_val": 7.47503}, "KRW-SUI": {"signal": 0, "current_price": 0.683, "ma200": 1.095902, "trend": "downtrend", "target_long": 0.71656, "target_short": 0.6802400000000001, "vol_surge": false, "vp_poc": 0.759536, "vp_vah": 0.770192, "vp_val": 0.684944}}}