{"okx": {"KRW-BTC": {"signal": 0, "current_price": 62647.9, "ma200": 73662.844, "trend": "downtrend", "target_long": 63370.06, "target_short": 61294.14, "vol_surge": false, "vp_poc": 59947.439, "vp_vah": 62706.19900000001, "vp_val": 58292.183000000005}, "KRW-ETH": {"signal": 0, "current_price": 1787.47, "ma200": 2211.61785, "trend": "downtrend", "target_long": 1815.056, "target_short": 1738.2240000000002, "vol_surge": false, "vp_poc": 1762.54, "vp_vah": 1842.6999999999998, "vp_val": 1669.02}, "KRW-BNB": {"signal": 0, "current_price": 569.8, "ma200": 671.3855, "trend": "downtrend", "target_long": 574.7, "target_short": 560.7, "vol_surge": false, "vp_poc": 575.978, "vp_vah": 579.35, "vp_val": 552.374}, "KRW-SOL": {"signal": 0, "current_price": 75.43, "ma200": 91.33315, "trend": "downtrend", "target_long": 76.658, "target_short": 73.36200000000001, "vol_surge": false, "vp_poc": 77.4031, "vp_vah": 82.5849, "vp_val": 72.22130000000001}, "KRW-XRP": {"signal": 0, "current_price": 1.0705, "ma200": 1.4437924999999998, "trend": "downtrend", "target_long": 1.08726, "target_short": 1.04774, "vol_surge": false, "vp_poc": 1.098399, "vp_vah": 1.119387, "vp_val": 1.031937}, "KRW-DOGE": {"signal": 0, "current_price": 0.07239, "ma200": 0.10055695, "trend": "downtrend", "target_long": 0.073308, "target_short": 0.07069199999999999, "vol_surge": false, "vp_poc": 0.07335710000000001, "vp_vah": 0.07612630000000001, "vp_val": 0.07197250000000001}, "KRW-LINK": {"signal": 0, "current_price": 7.957, "ma200": 9.513375, "trend": "downtrend", "target_long": 8.024799999999999, "target_short": 7.7512, "vol_surge": false, "vp_poc": 7.93093, "vp_vah": 8.16433, "vp_val": 7.347430000000001}, "KRW-SUI": {"signal": 0, "current_price": 0.7248, "ma200": 1.0319844999999999, "trend": "downtrend", "target_long": 0.73788, "target_short": 0.70612, "vol_surge": false, "vp_poc": 0.731293, "vp_vah": 0.765431, "vp_val": 0.694529}}}