{"okx": {"KRW-BTC": {"signal": 0, "current_price": 78262.3, "ma200": 84998.97949999999, "trend": "downtrend", "target_long": 77919.7, "target_short": 77319.3, "vol_surge": false, "vp_poc": 77467.826, "vp_vah": 78406.402, "vp_val": 72774.94600000001}, "KRW-ETH": {"signal": 0, "current_price": 2361.33, "ma200": 2780.2529000000004, "trend": "downtrend", "target_long": 2328.7, "target_short": 2310.74, "vol_surge": false, "vp_poc": 2315.8207, "vp_vah": 2388.8809, "vp_val": 2234.6427}, "KRW-BNB": {"signal": 0, "current_price": 633.7, "ma200": 811.7904999999998, "trend": "downtrend", "target_long": 633.1600000000001, "target_short": 624.04, "vol_surge": false, "vp_poc": 632.616, "vp_vah": 640.392, "vp_val": 607.992}, "KRW-SOL": {"signal": 0, "current_price": 86.83, "ma200": 121.30075, "trend": "downtrend", "target_long": 86.682, "target_short": 85.658, "vol_surge": false, "vp_poc": 85.6724, "vp_vah": 86.9084, "vp_val": 82.9532}, "KRW-XRP": {"signal": 0, "current_price": 1.4291, "ma200": 1.8325595000000001, "trend": "downtrend", "target_long": 1.4317, "target_short": 1.4164999999999999, "vol_surge": false, "vp_poc": 1.4302869999999999, "vp_vah": 1.447479, "vp_val": 1.348625}, "KRW-DOGE": {"signal": 0, "current_price": 0.0991, "ma200": 0.12873745, "trend": "downtrend", "target_long": 0.09868, "target_short": 0.09732, "vol_surge": false, "vp_poc": 0.09454699999999999, "vp_vah": 0.097935, "vp_val": 0.092369}, "KRW-LINK": {"signal": 0, "current_price": 9.493, "ma200": 12.018650000000001, "trend": "downtrend", "target_long": 9.41, "target_short": 9.282, "vol_surge": false, "vp_poc": 9.36295, "vp_vah": 9.46655, "vp_val": 9.000350000000001}, "KRW-SUI": {"signal": 0, "current_price": 0.9461, "ma200": 1.4535505, "trend": "downtrend", "target_long": 0.9481999999999999, "target_short": 0.9298, "vol_surge": false, "vp_poc": 0.9528949999999999, "vp_vah": 0.9713449999999999, "vp_val": 0.923375}}}