{"okx": {"KRW-BTC": {"signal": 0, "current_price": 73885.2, "ma200": 79559.7305, "trend": "downtrend", "target_long": 74265.2, "target_short": 73501.2, "vol_surge": false, "vp_poc": 76991.84700000001, "vp_vah": 80807.887, "vp_val": 75465.431}, "KRW-ETH": {"signal": 0, "current_price": 2022.99, "ma200": 2498.6270999999997, "trend": "downtrend", "target_long": 2034.606, "target_short": 2010.374, "vol_surge": false, "vp_poc": 2105.7533000000003, "vp_vah": 2157.9859, "vp_val": 1971.4409}, "KRW-BNB": {"signal": 0, "current_price": 723.2, "ma200": 735.4285000000001, "trend": "downtrend", "target_long": 753.38, "target_short": 684.42, "vol_surge": false, "vp_poc": 657.4739999999999, "vp_vah": 673.5699999999999, "vp_val": 637.3539999999999}, "KRW-SOL": {"signal": 0, "current_price": 82.78, "ma200": 104.48125, "trend": "downtrend", "target_long": 83.26799999999999, "target_short": 82.212, "vol_surge": false, "vp_poc": 85.4884, "vp_vah": 87.6052, "vp_val": 80.5492}, "KRW-XRP": {"signal": 0, "current_price": 1.3393, "ma200": 1.6477175, "trend": "downtrend", "target_long": 1.35642, "target_short": 1.32578, "vol_surge": false, "vp_poc": 1.355344, "vp_vah": 1.428768, "vp_val": 1.304512}, "KRW-DOGE": {"signal": 0, "current_price": 0.10055, "ma200": 0.11418220000000001, "trend": "downtrend", "target_long": 0.101554, "target_short": 0.09970599999999999, "vol_surge": false, "vp_poc": 0.10292480000000001, "vp_vah": 0.110888, "vp_val": 0.0971736}, "KRW-LINK": {"signal": 0, "current_price": 9.201, "ma200": 10.689434999999998, "trend": "downtrend", "target_long": 9.3104, "target_short": 9.077600000000002, "vol_surge": false, "vp_poc": 9.52032, "vp_vah": 9.84608, "vp_val": 8.950239999999999}, "KRW-SUI": {"signal": 0, "current_price": 0.912, "ma200": 1.2079465, "trend": "downtrend", "target_long": 0.91966, "target_short": 0.8973399999999999, "vol_surge": false, "vp_poc": 1.048066, "vp_vah": 1.216786, "vp_val": 0.9890140000000001}}}