{"okx": {"KRW-BTC": {"signal": 0, "current_price": 77444.5, "ma200": 85223.31349999999, "trend": "downtrend", "target_long": 77937.73999999999, "target_short": 76889.26000000001, "vol_surge": false, "vp_poc": 74886.742, "vp_vah": 78406.402, "vp_val": 72305.65800000001}, "KRW-ETH": {"signal": 0, "current_price": 2314.62, "ma200": 2791.0507000000002, "trend": "downtrend", "target_long": 2330.084, "target_short": 2300.076, "vol_surge": false, "vp_poc": 2315.8207, "vp_vah": 2388.8809, "vp_val": 2218.4071}, "KRW-BNB": {"signal": 2, "current_price": 629.4, "ma200": 815.1625, "trend": "downtrend", "target_long": 639.6400000000001, "target_short": 632.76, "vol_surge": false, "vp_poc": 632.616, "vp_vah": 640.392, "vp_val": 606.696}, "KRW-SOL": {"signal": 0, "current_price": 85.84, "ma200": 122.01025, "trend": "downtrend", "target_long": 86.966, "target_short": 85.37400000000001, "vol_surge": false, "vp_poc": 85.6724, "vp_vah": 86.9084, "vp_val": 82.4588}, "KRW-XRP": {"signal": 2, "current_price": 1.4225, "ma200": 1.8398045000000003, "trend": "downtrend", "target_long": 1.44414, "target_short": 1.42246, "vol_surge": false, "vp_poc": 1.352923, "vp_vah": 1.4302869999999999, "vp_val": 1.3228369999999998}, "KRW-DOGE": {"signal": 0, "current_price": 0.09788, "ma200": 0.12951975000000002, "trend": "downtrend", "target_long": 0.09949599999999999, "target_short": 0.097344, "vol_surge": false, "vp_poc": 0.0929825, "vp_vah": 0.0978825, "vp_val": 0.0922475}, "KRW-LINK": {"signal": 0, "current_price": 9.329, "ma200": 12.084245000000001, "trend": "downtrend", "target_long": 9.457, "target_short": 9.297, "vol_surge": false, "vp_poc": 9.36295, "vp_vah": 9.44065, "vp_val": 8.948550000000001}, "KRW-SUI": {"signal": 0, "current_price": 0.9355, "ma200": 1.466482, "trend": "downtrend", "target_long": 0.9535399999999999, "target_short": 0.93826, "vol_surge": false, "vp_poc": 0.9528949999999999, "vp_vah": 0.9750349999999999, "vp_val": 0.919685}}}