{"okx": {"KRW-BTC": {"signal": 0, "current_price": 73023.0, "ma200": 88298.7425, "trend": "downtrend", "target_long": 72861.76, "target_short": 70728.24, "vol_surge": false, "vp_poc": 68405.214, "vp_vah": 70564.61799999999, "vp_val": 65913.594}, "KRW-ETH": {"signal": 0, "current_price": 2246.82, "ma200": 2937.75075, "trend": "downtrend", "target_long": 2225.614, "target_short": 2154.686, "vol_surge": false, "vp_poc": 2109.2508, "vp_vah": 2176.2668000000003, "vp_val": 2022.1299999999999}, "KRW-BNB": {"signal": 0, "current_price": 608.8, "ma200": 848.7739999999999, "trend": "downtrend", "target_long": 609.28, "target_short": 597.1200000000001, "vol_surge": false, "vp_poc": 611.127, "vp_vah": 630.879, "vp_val": 593.021}, "KRW-SOL": {"signal": 0, "current_price": 85.2, "ma200": 131.86965, "trend": "downtrend", "target_long": 85.176, "target_short": 81.544, "vol_surge": false, "vp_poc": 82.9086, "vp_vah": 85.929, "vp_val": 78.8814}, "KRW-XRP": {"signal": 0, "current_price": 1.3608, "ma200": 1.9515, "trend": "downtrend", "target_long": 1.36298, "target_short": 1.32482, "vol_surge": false, "vp_poc": 1.340609, "vp_vah": 1.381815, "vp_val": 1.306895}, "KRW-DOGE": {"signal": 0, "current_price": 0.09465, "ma200": 0.1406416, "trend": "downtrend", "target_long": 0.094238, "target_short": 0.090982, "vol_surge": false, "vp_poc": 0.0922115, "vp_vah": 0.0938195, "vp_val": 0.0900005}, "KRW-LINK": {"signal": 0, "current_price": 9.132, "ma200": 13.024465, "trend": "downtrend", "target_long": 9.1464, "target_short": 8.749600000000001, "vol_surge": false, "vp_poc": 8.755289999999999, "vp_vah": 9.14619, "vp_val": 8.57287}, "KRW-SUI": {"signal": 0, "current_price": 0.9548, "ma200": 1.650153, "trend": "downtrend", "target_long": 0.95918, "target_short": 0.90182, "vol_surge": false, "vp_poc": 0.872004, "vp_vah": 0.945052, "vp_val": 0.8593}}}