{"okx": {"KRW-BTC": {"signal": 0, "current_price": 80067.0, "ma200": 83571.8775, "trend": "downtrend", "target_long": 79131.96, "target_short": 78022.04, "vol_surge": false, "vp_poc": 77382.176, "vp_vah": 78527.26400000001, "vp_val": 75521.408}, "KRW-ETH": {"signal": 0, "current_price": 2379.01, "ma200": 2710.69825, "trend": "downtrend", "target_long": 2346.724, "target_short": 2299.5159999999996, "vol_surge": false, "vp_poc": 2321.0546999999997, "vp_vah": 2375.1021, "vp_val": 2286.6609}, "KRW-BNB": {"signal": 0, "current_price": 624.2, "ma200": 788.55, "trend": "downtrend", "target_long": 620.5600000000001, "target_short": 614.64, "vol_surge": false, "vp_poc": 619.319, "vp_vah": 636.001, "vp_val": 615.807}, "KRW-SOL": {"signal": 0, "current_price": 85.26, "ma200": 116.79625, "trend": "downtrend", "target_long": 84.472, "target_short": 83.36800000000001, "vol_surge": false, "vp_poc": 84.6755, "vp_vah": 87.1013, "vp_val": 83.3693}, "KRW-XRP": {"signal": 0, "current_price": 1.4097, "ma200": 1.7884280000000001, "trend": "downtrend", "target_long": 1.39712, "target_short": 1.3788799999999999, "vol_surge": false, "vp_poc": 1.4294890000000002, "vp_vah": 1.449157, "vp_val": 1.383597}, "KRW-DOGE": {"signal": 0, "current_price": 0.11277, "ma200": 0.12478855000000001, "trend": "downtrend", "target_long": 0.109304, "target_short": 0.10729599999999999, "vol_surge": false, "vp_poc": 0.0982767, "vp_vah": 0.10251869999999999, "vp_val": 0.09276209999999999}, "KRW-LINK": {"signal": 0, "current_price": 9.311, "ma200": 11.636834999999998, "trend": "downtrend", "target_long": 9.192400000000001, "target_short": 9.0676, "vol_surge": false, "vp_poc": 9.36026, "vp_vah": 9.436900000000001, "vp_val": 9.09202}, "KRW-SUI": {"signal": 0, "current_price": 0.9375, "ma200": 1.3786349999999998, "trend": "downtrend", "target_long": 0.9279000000000001, "target_short": 0.9127, "vol_surge": false, "vp_poc": 0.9543099999999999, "vp_vah": 0.967254, "vp_val": 0.9154779999999999}}}