{"okx": {"KRW-BTC": {"signal": 0, "current_price": 63736.0, "ma200": 74650.7905, "trend": "downtrend", "target_long": 64268.76, "target_short": 63024.439999999995, "vol_surge": false, "vp_poc": 59966.075000000004, "vp_vah": 62899.153000000006, "vp_val": 58240.735}, "KRW-ETH": {"signal": 0, "current_price": 1792.75, "ma200": 2259.07575, "trend": "downtrend", "target_long": 1809.998, "target_short": 1761.942, "vol_surge": true, "vp_poc": 1729.7187, "vp_vah": 1801.2843, "vp_val": 1682.0083}, "KRW-BNB": {"signal": 0, "current_price": 584.5, "ma200": 682.4114999999999, "trend": "downtrend", "target_long": 599.96, "target_short": 580.04, "vol_surge": false, "vp_poc": 557.558, "vp_vah": 584.702, "vp_val": 547.0020000000001}, "KRW-SOL": {"signal": 0, "current_price": 82.05, "ma200": 93.2049, "trend": "downtrend", "target_long": 82.694, "target_short": 80.486, "vol_surge": false, "vp_poc": 72.6199, "vp_vah": 75.80869999999999, "vp_val": 66.2423}, "KRW-XRP": {"signal": 0, "current_price": 1.149, "ma200": 1.4756115, "trend": "downtrend", "target_long": 1.17544, "target_short": 1.13936, "vol_surge": false, "vp_poc": 1.138292, "vp_vah": 1.182052, "vp_val": 1.055148}, "KRW-DOGE": {"signal": 0, "current_price": 0.07686, "ma200": 0.10279574999999999, "trend": "downtrend", "target_long": 0.07929, "target_short": 0.07649, "vol_surge": false, "vp_poc": 0.0730397, "vp_vah": 0.0793739, "vp_val": 0.07154930000000001}, "KRW-LINK": {"signal": 0, "current_price": 8.021, "ma200": 9.693755, "trend": "downtrend", "target_long": 8.1874, "target_short": 7.938600000000001, "vol_surge": false, "vp_poc": 7.89604, "vp_vah": 8.14948, "vp_val": 7.33284}, "KRW-SUI": {"signal": 2, "current_price": 0.7476, "ma200": 1.0602289999999999, "trend": "downtrend", "target_long": 0.76836, "target_short": 0.7448400000000001, "vol_surge": false, "vp_poc": 0.700007, "vp_vah": 0.747131, "vp_val": 0.673079}}}