{"okx": {"KRW-BTC": {"signal": 0, "current_price": 61408.7, "ma200": 76205.17349999999, "trend": "downtrend", "target_long": 62734.18, "target_short": 59424.02, "vol_surge": false, "vp_poc": 63449.29, "vp_vah": 64268.590000000004, "vp_val": 61155.25}, "KRW-ETH": {"signal": 0, "current_price": 1638.12, "ma200": 2337.0227, "trend": "downtrend", "target_long": 1678.864, "target_short": 1565.9360000000001, "vol_surge": false, "vp_poc": 1707.95, "vp_vah": 1776.95, "vp_val": 1652.75}, "KRW-BNB": {"signal": 2, "current_price": 563.8, "ma200": 699.535, "trend": "downtrend", "target_long": 579.04, "target_short": 550.56, "vol_surge": false, "vp_poc": 601.5360000000001, "vp_vah": 610.256, "vp_val": 575.376}, "KRW-SOL": {"signal": 0, "current_price": 68.42, "ma200": 96.15790000000001, "trend": "downtrend", "target_long": 70.41600000000001, "target_short": 65.824, "vol_surge": false, "vp_poc": 66.98140000000001, "vp_vah": 71.45580000000001, "vp_val": 62.507000000000005}, "KRW-XRP": {"signal": 2, "current_price": 1.0726, "ma200": 1.5246430000000002, "trend": "downtrend", "target_long": 1.10088, "target_short": 1.04672, "vol_surge": false, "vp_poc": 1.137664, "vp_vah": 1.1871040000000002, "vp_val": 1.093168}, "KRW-DOGE": {"signal": 0, "current_price": 0.07613, "ma200": 0.10614610000000001, "trend": "downtrend", "target_long": 0.07893399999999999, "target_short": 0.073366, "vol_surge": false, "vp_poc": 0.08639540000000001, "vp_vah": 0.0887546, "vp_val": 0.081677}, "KRW-LINK": {"signal": 0, "current_price": 7.46, "ma200": 10.011325000000001, "trend": "downtrend", "target_long": 7.6586, "target_short": 7.195399999999999, "vol_surge": false, "vp_poc": 7.88655, "vp_vah": 8.113489999999999, "vp_val": 7.49751}, "KRW-SUI": {"signal": 0, "current_price": 0.6931, "ma200": 1.1053905, "trend": "downtrend", "target_long": 0.70948, "target_short": 0.6625200000000001, "vol_surge": false, "vp_poc": 0.75664, "vp_vah": 0.77424, "vp_val": 0.6968000000000001}}}