{"okx": {"KRW-BTC": {"signal": 0, "current_price": 64943.2, "ma200": 73560.1465, "trend": "downtrend", "target_long": 66171.28, "target_short": 63903.52, "vol_surge": false, "vp_poc": 63029.102, "vp_vah": 64587.221999999994, "vp_val": 60068.674}, "KRW-ETH": {"signal": 0, "current_price": 1926.59, "ma200": 2207.0303, "trend": "downtrend", "target_long": 1941.7, "target_short": 1842.34, "vol_surge": false, "vp_poc": 1759.6252, "vp_vah": 1837.81, "vp_val": 1698.8148}, "KRW-BNB": {"signal": 0, "current_price": 580.2, "ma200": 670.12, "trend": "downtrend", "target_long": 589.1600000000001, "target_short": 574.8399999999999, "vol_surge": false, "vp_poc": 575.978, "vp_vah": 583.846, "vp_val": 557.994}, "KRW-SOL": {"signal": 0, "current_price": 77.58, "ma200": 91.10964999999999, "trend": "downtrend", "target_long": 79.252, "target_short": 76.508, "vol_surge": false, "vp_poc": 77.3015, "vp_vah": 80.18950000000001, "vp_val": 70.4425}, "KRW-XRP": {"signal": 0, "current_price": 1.1133, "ma200": 1.440197, "trend": "downtrend", "target_long": 1.13586, "target_short": 1.0879400000000001, "vol_surge": false, "vp_poc": 1.101897, "vp_vah": 1.150869, "vp_val": 1.0564230000000001}, "KRW-DOGE": {"signal": 0, "current_price": 0.07403, "ma200": 0.10031559999999999, "trend": "downtrend", "target_long": 0.076058, "target_short": 0.07288199999999999, "vol_surge": false, "vp_poc": 0.07335710000000001, "vp_vah": 0.07592850000000001, "vp_val": 0.07197250000000001}, "KRW-LINK": {"signal": 0, "current_price": 8.518, "ma200": 9.495345, "trend": "downtrend", "target_long": 8.562199999999999, "target_short": 8.1318, "vol_surge": false, "vp_poc": 7.935980000000001, "vp_vah": 8.161940000000001, "vp_val": 7.32266}, "KRW-SUI": {"signal": 0, "current_price": 0.7501, "ma200": 1.0286654999999998, "trend": "downtrend", "target_long": 0.78176, "target_short": 0.7430399999999999, "vol_surge": false, "vp_poc": 0.729223, "vp_vah": 0.766393, "vp_val": 0.701965}}}