{"okx": {"KRW-BTC": {"signal": 0, "current_price": 74289.0, "ma200": 87717.352, "trend": "downtrend", "target_long": 71799.52, "target_short": 69693.68000000001, "vol_surge": false, "vp_poc": 66799.053, "vp_vah": 71154.655, "vp_val": 65662.80900000001}, "KRW-ETH": {"signal": 0, "current_price": 2343.95, "ma200": 2910.8903499999997, "trend": "downtrend", "target_long": 2237.39, "target_short": 2145.39, "vol_surge": false, "vp_poc": 2065.9683999999997, "vp_vah": 2214.1588, "vp_val": 2016.5715999999998}, "KRW-BNB": {"signal": 0, "current_price": 614.5, "ma200": 842.9225, "trend": "downtrend", "target_long": 599.64, "target_short": 584.7600000000001, "vol_surge": false, "vp_poc": 606.189, "vp_vah": 621.0029999999999, "vp_val": 594.6669999999999}, "KRW-SOL": {"signal": 0, "current_price": 85.8, "ma200": 130.0408, "trend": "downtrend", "target_long": 83.05, "target_short": 80.01, "vol_surge": false, "vp_poc": 82.9086, "vp_vah": 85.5934, "vp_val": 80.2238}, "KRW-XRP": {"signal": 0, "current_price": 1.3714, "ma200": 1.92926, "trend": "downtrend", "target_long": 1.33938, "target_short": 1.31002, "vol_surge": false, "vp_poc": 1.340888, "vp_vah": 1.3663599999999998, "vp_val": 1.315416}, "KRW-DOGE": {"signal": 0, "current_price": 0.09385, "ma200": 0.1385201, "trend": "downtrend", "target_long": 0.09203, "target_short": 0.08967, "vol_surge": false, "vp_poc": 0.0924125, "vp_vah": 0.0938195, "vp_val": 0.09020149999999999}, "KRW-LINK": {"signal": 0, "current_price": 9.298, "ma200": 12.84339, "trend": "downtrend", "target_long": 8.892, "target_short": 8.576, "vol_surge": false, "vp_poc": 8.755289999999999, "vp_vah": 9.12013, "vp_val": 8.52075}, "KRW-SUI": {"signal": 0, "current_price": 0.9551, "ma200": 1.6151155, "trend": "downtrend", "target_long": 0.91992, "target_short": 0.88248, "vol_surge": false, "vp_poc": 0.872004, "vp_vah": 0.935524, "vp_val": 0.846596}}}