{"okx": {"KRW-BTC": {"signal": 0, "current_price": 73248.2, "ma200": 80005.337, "trend": "downtrend", "target_long": 75223.56, "target_short": 73678.44, "vol_surge": false, "vp_poc": 76923.339, "vp_vah": 80234.02100000001, "vp_val": 75365.37100000001}, "KRW-ETH": {"signal": 2, "current_price": 1988.53, "ma200": 2520.2264999999998, "trend": "downtrend", "target_long": 2057.656, "target_short": 1992.5439999999999, "vol_surge": false, "vp_poc": 2113.058, "vp_vah": 2262.5588, "vp_val": 1971.8627999999999}, "KRW-BNB": {"signal": 0, "current_price": 634.4, "ma200": 739.4975, "trend": "downtrend", "target_long": 654.1999999999999, "target_short": 643.4, "vol_surge": false, "vp_poc": 654.154, "vp_vah": 672.906, "vp_val": 647.122}, "KRW-SOL": {"signal": 2, "current_price": 80.98, "ma200": 105.61444999999999, "trend": "downtrend", "target_long": 83.51400000000001, "target_short": 81.346, "vol_surge": false, "vp_poc": 85.71159999999999, "vp_vah": 92.32119999999999, "vp_val": 81.6724}, "KRW-XRP": {"signal": 2, "current_price": 1.2882, "ma200": 1.664059, "trend": "downtrend", "target_long": 1.32372, "target_short": 1.2914800000000002, "vol_surge": false, "vp_poc": 1.355344, "vp_vah": 1.457008, "vp_val": 1.3327520000000002}, "KRW-DOGE": {"signal": 0, "current_price": 0.09827, "ma200": 0.11529154999999999, "trend": "downtrend", "target_long": 0.102108, "target_short": 0.098852, "vol_surge": false, "vp_poc": 0.10372600000000001, "vp_vah": 0.111934, "vp_val": 0.10027}, "KRW-LINK": {"signal": 0, "current_price": 8.865, "ma200": 10.785699999999999, "trend": "downtrend", "target_long": 9.2858, "target_short": 8.9842, "vol_surge": false, "vp_poc": 9.54585, "vp_vah": 10.303650000000001, "vp_val": 9.08275}, "KRW-SUI": {"signal": 0, "current_price": 0.9218, "ma200": 1.2249725, "trend": "downtrend", "target_long": 0.98464, "target_short": 0.93536, "vol_surge": false, "vp_poc": 1.053191, "vp_vah": 1.2461929999999999, "vp_val": 1.0024009999999999}}}