{"okx": {"KRW-BTC": {"signal": 0, "current_price": 70832.5, "ma200": 91790.4875, "trend": "downtrend", "target_long": 71974.06, "target_short": 70695.73999999999, "vol_surge": false, "vp_poc": 70710.095, "vp_vah": 71957.55500000001, "vp_val": 67383.535}, "KRW-ETH": {"signal": 0, "current_price": 2148.68, "ma200": 3116.68865, "trend": "downtrend", "target_long": 2190.808, "target_short": 2147.7520000000004, "vol_surge": false, "vp_poc": 2172.4764999999998, "vp_vah": 2220.1995, "vp_val": 1991.1291}, "KRW-BNB": {"signal": 0, "current_price": 643.8, "ma200": 874.7885000000001, "trend": "downtrend", "target_long": 654.16, "target_short": 641.84, "vol_surge": false, "vp_poc": 645.3530000000001, "vp_vah": 664.529, "vp_val": 621.383}, "KRW-SOL": {"signal": 0, "current_price": 90.91, "ma200": 143.26395, "trend": "downtrend", "target_long": 92.82199999999999, "target_short": 90.598, "vol_surge": false, "vp_poc": 87.3863, "vp_vah": 92.2667, "vp_val": 84.9461}, "KRW-XRP": {"signal": 2, "current_price": 1.4027, "ma200": 2.077442, "trend": "downtrend", "target_long": 1.4290800000000001, "target_short": 1.40012, "vol_surge": false, "vp_poc": 1.4044660000000002, "vp_vah": 1.461546, "vp_val": 1.358802}, "KRW-DOGE": {"signal": 0, "current_price": 0.09477, "ma200": 0.1535672, "trend": "downtrend", "target_long": 0.097596, "target_short": 0.094764, "vol_surge": false, "vp_poc": 0.094623, "vp_vah": 0.0978522, "vp_val": 0.08959980000000001}, "KRW-LINK": {"signal": 0, "current_price": 9.267, "ma200": 14.144885000000002, "trend": "downtrend", "target_long": 9.504, "target_short": 9.248, "vol_surge": false, "vp_poc": 9.049710000000001, "vp_vah": 9.42129, "vp_val": 8.64435}, "KRW-SUI": {"signal": 0, "current_price": 0.9561, "ma200": 1.8563429999999999, "trend": "downtrend", "target_long": 0.981, "target_short": 0.9558000000000001, "vol_surge": false, "vp_poc": 0.9595849999999999, "vp_vah": 1.042995, "vp_val": 0.937635}}}