{"okx": {"KRW-BTC": {"signal": 0, "current_price": 61292.2, "ma200": 78654.8055, "trend": "downtrend", "target_long": 63006.68, "target_short": 59110.12, "vol_surge": false, "vp_poc": 77245.56, "vp_vah": 78009.112, "vp_val": 66555.832}, "KRW-ETH": {"signal": 0, "current_price": 1592.75, "ma200": 2457.86905, "trend": "downtrend", "target_long": 1677.85, "target_short": 1489.33, "vol_surge": false, "vp_poc": 2114.3082999999997, "vp_vah": 2151.4069, "vp_val": 1805.1533}, "KRW-BNB": {"signal": 0, "current_price": 578.7, "ma200": 726.2565000000001, "trend": "downtrend", "target_long": 592.76, "target_short": 551.6400000000001, "vol_surge": false, "vp_poc": 656.876, "vp_vah": 724.988, "vp_val": 634.172}, "KRW-SOL": {"signal": 0, "current_price": 64.47, "ma200": 102.43934999999999, "trend": "downtrend", "target_long": 66.696, "target_short": 60.584, "vol_surge": false, "vp_poc": 85.6296, "vp_vah": 87.7544, "vp_val": 72.8808}, "KRW-XRP": {"signal": 0, "current_price": 1.1095, "ma200": 1.6161194999999997, "trend": "downtrend", "target_long": 1.1400000000000001, "target_short": 1.0556, "vol_surge": false, "vp_poc": 1.3594840000000001, "vp_vah": 1.3994680000000002, "vp_val": 1.232868}, "KRW-DOGE": {"signal": 0, "current_price": 0.08255, "ma200": 0.11208499999999999, "trend": "downtrend", "target_long": 0.085432, "target_short": 0.07756800000000001, "vol_surge": false, "vp_poc": 0.1027843, "vp_vah": 0.10881829999999999, "vp_val": 0.0931299}, "KRW-LINK": {"signal": 0, "current_price": 7.44, "ma200": 10.515255, "trend": "downtrend", "target_long": 7.736, "target_short": 6.9959999999999996, "vol_surge": false, "vp_poc": 9.53977, "vp_vah": 9.831669999999999, "vp_val": 8.78083}, "KRW-SUI": {"signal": 0, "current_price": 0.7225, "ma200": 1.179645, "trend": "downtrend", "target_long": 0.7422799999999999, "target_short": 0.66372, "vol_surge": false, "vp_poc": 1.0510570000000001, "vp_vah": 1.1597590000000002, "vp_val": 0.833653}}}