{"okx": {"KRW-BTC": {"signal": 2, "current_price": 66059.0, "ma200": 91324.74900000001, "trend": "downtrend", "target_long": 67854.29999999999, "target_short": 64953.49999999999, "vol_surge": false, "vp_poc": 70681.17800000001, "vp_vah": 71935.44200000001, "vp_val": 67545.51800000001}, "KRW-ETH": {"signal": 2, "current_price": 1985.42, "ma200": 3093.0564, "trend": "downtrend", "target_long": 2037.014, "target_short": 1948.606, "vol_surge": false, "vp_poc": 2070.9547000000002, "vp_vah": 2199.2983, "vp_val": 2015.9503}, "KRW-BNB": {"signal": 2, "current_price": 611.2, "ma200": 872.0514999999999, "trend": "downtrend", "target_long": 624.5, "target_short": 603.7, "vol_surge": false, "vp_poc": 644.399, "vp_vah": 664.0070000000001, "vp_val": 623.157}, "KRW-SOL": {"signal": 2, "current_price": 82.51, "ma200": 141.9133, "trend": "downtrend", "target_long": 85.176, "target_short": 81.02399999999999, "vol_surge": false, "vp_poc": 86.8629, "vp_vah": 92.0245, "vp_val": 85.2499}, "KRW-XRP": {"signal": 2, "current_price": 1.3235, "ma200": 2.060894, "trend": "downtrend", "target_long": 1.3476400000000002, "target_short": 1.30396, "vol_surge": false, "vp_poc": 1.407759, "vp_vah": 1.4655390000000001, "vp_val": 1.355757}, "KRW-DOGE": {"signal": 0, "current_price": 0.09027, "ma200": 0.1520439, "trend": "downtrend", "target_long": 0.091492, "target_short": 0.08874800000000001, "vol_surge": false, "vp_poc": 0.09473129999999999, "vp_vah": 0.0978293, "vp_val": 0.09008429999999999}, "KRW-LINK": {"signal": 2, "current_price": 8.516, "ma200": 13.998040000000001, "trend": "downtrend", "target_long": 8.767800000000001, "target_short": 8.3702, "vol_surge": false, "vp_poc": 9.0439, "vp_vah": 9.49022, "vp_val": 8.78886}, "KRW-SUI": {"signal": 2, "current_price": 0.8755, "ma200": 1.8301319999999999, "trend": "downtrend", "target_long": 0.9059400000000001, "target_short": 0.85546, "vol_surge": false, "vp_poc": 0.9665600000000001, "vp_vah": 1.0310000000000001, "vp_val": 0.9321919999999999}}}