{"okx": {"KRW-BTC": {"signal": 0, "current_price": 63525.1, "ma200": 74649.736, "trend": "downtrend", "target_long": 64268.76, "target_short": 63024.439999999995, "vol_surge": false, "vp_poc": 59966.075000000004, "vp_vah": 62899.153000000006, "vp_val": 58240.735}, "KRW-ETH": {"signal": 0, "current_price": 1782.41, "ma200": 2259.02405, "trend": "downtrend", "target_long": 1809.998, "target_short": 1761.942, "vol_surge": false, "vp_poc": 1711.8273, "vp_vah": 1807.2481, "vp_val": 1628.3341}, "KRW-BNB": {"signal": 0, "current_price": 589.5, "ma200": 682.4364999999999, "trend": "downtrend", "target_long": 599.96, "target_short": 580.04, "vol_surge": false, "vp_poc": 557.558, "vp_vah": 584.702, "vp_val": 547.0020000000001}, "KRW-SOL": {"signal": 2, "current_price": 81.46, "ma200": 93.20195, "trend": "downtrend", "target_long": 82.694, "target_short": 80.486, "vol_surge": false, "vp_poc": 72.6199, "vp_vah": 75.01150000000001, "vp_val": 66.2423}, "KRW-XRP": {"signal": 0, "current_price": 1.1535, "ma200": 1.4756339999999997, "trend": "downtrend", "target_long": 1.17544, "target_short": 1.13936, "vol_surge": false, "vp_poc": 1.046396, "vp_vah": 1.142668, "vp_val": 1.0245160000000002}, "KRW-DOGE": {"signal": 0, "current_price": 0.07766, "ma200": 0.10279975000000001, "trend": "downtrend", "target_long": 0.07929, "target_short": 0.07649, "vol_surge": false, "vp_poc": 0.0730397, "vp_vah": 0.0793739, "vp_val": 0.07117670000000001}, "KRW-LINK": {"signal": 0, "current_price": 8.05, "ma200": 9.6939, "trend": "downtrend", "target_long": 8.1874, "target_short": 7.938600000000001, "vol_surge": false, "vp_poc": 7.89604, "vp_vah": 8.14948, "vp_val": 7.33284}, "KRW-SUI": {"signal": 2, "current_price": 0.7551, "ma200": 1.0602665, "trend": "downtrend", "target_long": 0.76836, "target_short": 0.7448400000000001, "vol_surge": false, "vp_poc": 0.700007, "vp_vah": 0.743765, "vp_val": 0.673079}}}