{"okx": {"KRW-BTC": {"signal": 0, "current_price": 71168.8, "ma200": 87892.9915, "trend": "downtrend", "target_long": 73566.06, "target_short": 72542.54000000001, "vol_surge": false, "vp_poc": 66849.512, "vp_vah": 71076.968, "vp_val": 65792.648}, "KRW-ETH": {"signal": 0, "current_price": 2204.21, "ma200": 2918.6065499999995, "trend": "downtrend", "target_long": 2325.8140000000003, "target_short": 2244.366, "vol_surge": false, "vp_poc": 2161.7886, "vp_vah": 2193.147, "vp_val": 2012.8362}, "KRW-BNB": {"signal": 0, "current_price": 592.7, "ma200": 844.5840000000001, "trend": "downtrend", "target_long": 611.54, "target_short": 603.06, "vol_surge": false, "vp_poc": 606.189, "vp_vah": 621.0029999999999, "vp_val": 591.375}, "KRW-SOL": {"signal": 0, "current_price": 82.16, "ma200": 130.57865, "trend": "downtrend", "target_long": 86.004, "target_short": 83.87599999999999, "vol_surge": false, "vp_poc": 82.9086, "vp_vah": 85.5934, "vp_val": 79.8882}, "KRW-XRP": {"signal": 2, "current_price": 1.3304, "ma200": 1.9361495, "trend": "downtrend", "target_long": 1.3690200000000001, "target_short": 1.34038, "vol_surge": false, "vp_poc": 1.340888, "vp_vah": 1.3663599999999998, "vp_val": 1.3122319999999998}, "KRW-DOGE": {"signal": 2, "current_price": 0.09115, "ma200": 0.1391671, "trend": "downtrend", "target_long": 0.094138, "target_short": 0.09204200000000001, "vol_surge": false, "vp_poc": 0.0924125, "vp_vah": 0.0940205, "vp_val": 0.09020149999999999}, "KRW-LINK": {"signal": 2, "current_price": 8.772, "ma200": 12.897825000000001, "trend": "downtrend", "target_long": 9.2048, "target_short": 8.9352, "vol_surge": false, "vp_poc": 8.755289999999999, "vp_vah": 9.14619, "vp_val": 8.54681}, "KRW-SUI": {"signal": 2, "current_price": 0.908, "ma200": 1.625932, "trend": "downtrend", "target_long": 0.9563999999999999, "target_short": 0.9272, "vol_surge": false, "vp_poc": 0.872004, "vp_vah": 0.9387000000000001, "vp_val": 0.846596}}}