{"okx": {"KRW-BTC": {"signal": 0, "current_price": 63658.5, "ma200": 76911.3895, "trend": "downtrend", "target_long": 64082.56, "target_short": 62999.44, "vol_surge": false, "vp_poc": 63457.256, "vp_vah": 64955.896, "vp_val": 60759.704}, "KRW-ETH": {"signal": 0, "current_price": 1727.46, "ma200": 2372.3461, "trend": "downtrend", "target_long": 1727.976, "target_short": 1694.024, "vol_surge": false, "vp_poc": 1685.371, "vp_vah": 1819.8066, "vp_val": 1612.9826000000003}, "KRW-BNB": {"signal": 0, "current_price": 586.6, "ma200": 707.5705, "trend": "downtrend", "target_long": 586.36, "target_short": 576.4399999999999, "vol_surge": false, "vp_poc": 603.3910000000001, "vp_vah": 631.1189999999999, "vp_val": 558.3330000000001}, "KRW-SOL": {"signal": 0, "current_price": 71.62, "ma200": 97.804, "trend": "downtrend", "target_long": 70.59400000000001, "target_short": 68.866, "vol_surge": false, "vp_poc": 67.24000000000001, "vp_vah": 71.84, "vp_val": 62.18}, "KRW-XRP": {"signal": 0, "current_price": 1.1508, "ma200": 1.5491030000000001, "trend": "downtrend", "target_long": 1.14924, "target_short": 1.1223599999999998, "vol_surge": false, "vp_poc": 1.139996, "vp_vah": 1.2099799999999998, "vp_val": 1.09334}, "KRW-DOGE": {"signal": 0, "current_price": 0.08399, "ma200": 0.1077538, "trend": "downtrend", "target_long": 0.084378, "target_short": 0.082722, "vol_surge": false, "vp_poc": 0.0864741, "vp_vah": 0.0907815, "vp_val": 0.0821667}, "KRW-LINK": {"signal": 0, "current_price": 7.966, "ma200": 10.17061, "trend": "downtrend", "target_long": 8.0576, "target_short": 7.8424000000000005, "vol_surge": false, "vp_poc": 7.94831, "vp_vah": 8.48039, "vp_val": 7.59359}, "KRW-SUI": {"signal": 0, "current_price": 0.7207, "ma200": 1.1281945, "trend": "downtrend", "target_long": 0.729, "target_short": 0.7042, "vol_surge": false, "vp_poc": 0.76072, "vp_vah": 0.80428, "vp_val": 0.71232}}}