{"okx": {"KRW-BTC": {"signal": 0, "current_price": 74665.7, "ma200": 87365.7175, "trend": "downtrend", "target_long": 75046.76000000001, "target_short": 73250.84, "vol_surge": false, "vp_poc": 66878.177, "vp_vah": 71739.341, "vp_val": 65773.367}, "KRW-ETH": {"signal": 0, "current_price": 2337.41, "ma200": 2894.0594999999994, "trend": "downtrend", "target_long": 2367.112, "target_short": 2277.4880000000003, "vol_surge": false, "vp_poc": 2067.1877999999997, "vp_vah": 2229.4154, "vp_val": 1990.8454}, "KRW-BNB": {"signal": 0, "current_price": 616.1, "ma200": 839.4275, "trend": "downtrend", "target_long": 619.76, "target_short": 608.24, "vol_surge": false, "vp_poc": 610.5799999999999, "vp_vah": 620.3720000000001, "vp_val": 598.3399999999999}, "KRW-SOL": {"signal": 0, "current_price": 83.95, "ma200": 128.83965, "trend": "downtrend", "target_long": 85.444, "target_short": 81.956, "vol_surge": false, "vp_poc": 83.8175, "vp_vah": 85.7885, "vp_val": 80.9705}, "KRW-XRP": {"signal": 0, "current_price": 1.365, "ma200": 1.9149764999999999, "trend": "downtrend", "target_long": 1.37906, "target_short": 1.3443399999999999, "vol_surge": false, "vp_poc": 1.341181, "vp_vah": 1.364721, "vp_val": 1.317641}, "KRW-DOGE": {"signal": 0, "current_price": 0.09345, "ma200": 0.13713735, "trend": "downtrend", "target_long": 0.095236, "target_short": 0.09072399999999999, "vol_surge": false, "vp_poc": 0.09243950000000001, "vp_vah": 0.0940571, "vp_val": 0.0904175}, "KRW-LINK": {"signal": 0, "current_price": 9.069, "ma200": 12.724235, "trend": "downtrend", "target_long": 9.203800000000001, "target_short": 8.8382, "vol_surge": false, "vp_poc": 8.7539, "vp_vah": 9.07682, "vp_val": 8.505500000000001}, "KRW-SUI": {"signal": 0, "current_price": 0.9395, "ma200": 1.5925025000000002, "trend": "downtrend", "target_long": 0.94806, "target_short": 0.91694, "vol_surge": false, "vp_poc": 0.872004, "vp_vah": 0.932348, "vp_val": 0.846596}}}