{"okx": {"KRW-BTC": {"signal": 0, "current_price": 66360.6, "ma200": 72853.2325, "trend": "downtrend", "target_long": 66073.66, "target_short": 64445.34, "vol_surge": false, "vp_poc": 62932.92599999999, "vp_vah": 64847.398, "vp_val": 62112.437999999995}, "KRW-ETH": {"signal": 0, "current_price": 1934.73, "ma200": 2173.5675, "trend": "downtrend", "target_long": 1934.818, "target_short": 1874.4019999999998, "vol_surge": false, "vp_poc": 1807.2959, "vp_vah": 1828.6565, "vp_val": 1728.9737}, "KRW-BNB": {"signal": 0, "current_price": 577.2, "ma200": 661.3610000000001, "trend": "downtrend", "target_long": 576.38, "target_short": 566.2199999999999, "vol_surge": false, "vp_poc": 572.2049999999999, "vp_vah": 582.567, "vp_val": 566.553}, "KRW-SOL": {"signal": 0, "current_price": 78.38, "ma200": 89.61370000000001, "trend": "downtrend", "target_long": 79.002, "target_short": 76.698, "vol_surge": false, "vp_poc": 77.7201, "vp_vah": 80.6909, "vp_val": 74.7493}, "KRW-XRP": {"signal": 0, "current_price": 1.1363, "ma200": 1.4166625, "trend": "downtrend", "target_long": 1.1274000000000002, "target_short": 1.0974, "vol_surge": false, "vp_poc": 1.09097, "vp_vah": 1.1354499999999998, "vp_val": 1.08263}, "KRW-DOGE": {"signal": 0, "current_price": 0.07369, "ma200": 0.09871265, "trend": "downtrend", "target_long": 0.073186, "target_short": 0.07119400000000001, "vol_surge": false, "vp_poc": 0.07267499999999999, "vp_vah": 0.075225, "vp_val": 0.07148499999999999}, "KRW-LINK": {"signal": 0, "current_price": 8.702, "ma200": 9.37202, "trend": "downtrend", "target_long": 8.7378, "target_short": 8.4482, "vol_surge": false, "vp_poc": 7.93408, "vp_vah": 8.312639999999998, "vp_val": 7.5264}, "KRW-SUI": {"signal": 0, "current_price": 0.7687, "ma200": 1.007195, "trend": "downtrend", "target_long": 0.77888, "target_short": 0.75072, "vol_surge": false, "vp_poc": 0.745477, "vp_vah": 0.760975, "vp_val": 0.723091}}}