{"okx": {"KRW-BTC": {"signal": 2, "current_price": 65402.0, "ma200": 79127.217, "trend": "downtrend", "target_long": 68843.94, "target_short": 64671.060000000005, "vol_surge": false, "vp_poc": 77234.73199999999, "vp_vah": 79204.94, "vp_val": 73294.31599999999}, "KRW-ETH": {"signal": 2, "current_price": 1803.4, "ma200": 2479.3379999999997, "trend": "downtrend", "target_long": 1927.114, "target_short": 1792.7060000000001, "vol_surge": false, "vp_poc": 2112.8109999999997, "vp_vah": 2153.3469999999998, "vp_val": 1981.069}, "KRW-BNB": {"signal": 0, "current_price": 623.0, "ma200": 731.3264999999999, "trend": "downtrend", "target_long": 672.0799999999999, "target_short": 629.52, "vol_surge": false, "vp_poc": 656.482, "vp_vah": 704.2860000000001, "vp_val": 636.354}, "KRW-SOL": {"signal": 2, "current_price": 71.91, "ma200": 103.50035, "trend": "downtrend", "target_long": 77.662, "target_short": 70.798, "vol_surge": false, "vp_poc": 85.7102, "vp_vah": 86.9738, "vp_val": 80.6558}, "KRW-XRP": {"signal": 2, "current_price": 1.1993, "ma200": 1.63221, "trend": "downtrend", "target_long": 1.25302, "target_short": 1.17078, "vol_surge": false, "vp_poc": 1.354418, "vp_vah": 1.397902, "vp_val": 1.286086}, "KRW-DOGE": {"signal": 2, "current_price": 0.0919, "ma200": 0.11318685, "trend": "downtrend", "target_long": 0.09676599999999999, "target_short": 0.08873400000000001, "vol_surge": false, "vp_poc": 0.1006957, "vp_vah": 0.1065499, "vp_val": 0.09697030000000001}, "KRW-LINK": {"signal": 2, "current_price": 8.226, "ma200": 10.604959999999998, "trend": "downtrend", "target_long": 8.706399999999999, "target_short": 8.0456, "vol_surge": false, "vp_poc": 9.531880000000001, "vp_vah": 9.81796, "vp_val": 9.05508}, "KRW-SUI": {"signal": 0, "current_price": 0.8147, "ma200": 1.1934595000000001, "trend": "downtrend", "target_long": 0.8442799999999999, "target_short": 0.77292, "vol_surge": false, "vp_poc": 1.0479180000000001, "vp_vah": 1.195014, "vp_val": 0.925338}}}