{"okx": {"KRW-BTC": {"signal": 0, "current_price": 68968.0, "ma200": 91564.984, "trend": "downtrend", "target_long": 70142.23999999999, "target_short": 67512.16, "vol_surge": false, "vp_poc": 70502.185, "vp_vah": 71957.55500000001, "vp_val": 67591.445}, "KRW-ETH": {"signal": 0, "current_price": 2071.87, "ma200": 3105.0754500000003, "trend": "downtrend", "target_long": 2115.4, "target_short": 2004.9199999999998, "vol_surge": false, "vp_poc": 2153.3873, "vp_vah": 2201.1103000000003, "vp_val": 2000.6736999999998}, "KRW-BNB": {"signal": 0, "current_price": 631.0, "ma200": 873.4794999999999, "trend": "downtrend", "target_long": 639.46, "target_short": 618.74, "vol_surge": false, "vp_poc": 645.3530000000001, "vp_vah": 664.529, "vp_val": 622.981}, "KRW-SOL": {"signal": 0, "current_price": 86.78, "ma200": 142.6053, "trend": "downtrend", "target_long": 89.15, "target_short": 83.91, "vol_surge": false, "vp_poc": 87.0377, "vp_vah": 92.2667, "vp_val": 85.29469999999999}, "KRW-XRP": {"signal": 0, "current_price": 1.3708, "ma200": 2.0692385, "trend": "downtrend", "target_long": 1.39294, "target_short": 1.32886, "vol_surge": false, "vp_poc": 1.4044660000000002, "vp_vah": 1.461546, "vp_val": 1.358802}, "KRW-DOGE": {"signal": 0, "current_price": 0.09254, "ma200": 0.1528078, "trend": "downtrend", "target_long": 0.094332, "target_short": 0.089748, "vol_surge": false, "vp_poc": 0.094623, "vp_vah": 0.0985698, "vp_val": 0.09067620000000001}, "KRW-LINK": {"signal": 0, "current_price": 8.961, "ma200": 14.07269, "trend": "downtrend", "target_long": 9.1446, "target_short": 8.6814, "vol_surge": false, "vp_poc": 9.049710000000001, "vp_vah": 9.52263, "vp_val": 8.77947}, "KRW-SUI": {"signal": 0, "current_price": 0.9302, "ma200": 1.843345, "trend": "downtrend", "target_long": 0.95012, "target_short": 0.90108, "vol_surge": false, "vp_poc": 0.9595849999999999, "vp_vah": 1.029825, "vp_val": 0.928855}}}