{"okx": {"KRW-BTC": {"signal": 0, "current_price": 78030.5, "ma200": 85678.01299999999, "trend": "downtrend", "target_long": 79511.86000000002, "target_short": 76854.34, "vol_surge": false, "vp_poc": 74962.84, "vp_vah": 77276.848, "vp_val": 71106.16}, "KRW-ETH": {"signal": 0, "current_price": 2344.07, "ma200": 2813.62795, "trend": "downtrend", "target_long": 2418.418, "target_short": 2329.722, "vol_surge": false, "vp_poc": 2337.1414, "vp_vah": 2408.2358000000004, "vp_val": 2212.7262}, "KRW-BNB": {"signal": 0, "current_price": 635.7, "ma200": 821.4680000000001, "trend": "downtrend", "target_long": 646.62, "target_short": 628.38, "vol_surge": false, "vp_poc": 603.75, "vp_vah": 633.23, "vp_val": 598.39}, "KRW-SOL": {"signal": 0, "current_price": 85.87, "ma200": 123.41035, "trend": "downtrend", "target_long": 88.186, "target_short": 85.554, "vol_surge": false, "vp_poc": 84.43639999999999, "vp_vah": 86.9084, "vp_val": 81.71719999999999}, "KRW-XRP": {"signal": 2, "current_price": 1.4206, "ma200": 1.854636, "trend": "downtrend", "target_long": 1.4440199999999999, "target_short": 1.41538, "vol_surge": false, "vp_poc": 1.35503, "vp_vah": 1.4243299999999999, "vp_val": 1.31345}, "KRW-DOGE": {"signal": 0, "current_price": 0.09593, "ma200": 0.13109625000000003, "trend": "downtrend", "target_long": 0.09709999999999999, "target_short": 0.09414, "vol_surge": false, "vp_poc": 0.0930742, "vp_vah": 0.096563, "vp_val": 0.0910806}, "KRW-LINK": {"signal": 2, "current_price": 9.237, "ma200": 12.21607, "trend": "downtrend", "target_long": 9.402, "target_short": 9.182, "vol_surge": false, "vp_poc": 9.29769, "vp_vah": 9.46461, "vp_val": 8.90821}, "KRW-SUI": {"signal": 2, "current_price": 0.9389, "ma200": 1.4924055, "trend": "downtrend", "target_long": 0.95774, "target_short": 0.93126, "vol_surge": false, "vp_poc": 0.954591, "vp_vah": 0.9752209999999999, "vp_val": 0.905079}}}