{"okx": {"KRW-BTC": {"signal": 0, "current_price": 68501.4, "ma200": 90367.33099999999, "trend": "downtrend", "target_long": 69313.09999999999, "target_short": 67242.7, "vol_surge": false, "vp_poc": 71056.49, "vp_vah": 71937.43400000001, "vp_val": 66651.77}, "KRW-ETH": {"signal": 0, "current_price": 2140.39, "ma200": 3043.4491500000004, "trend": "downtrend", "target_long": 2150.5020000000004, "target_short": 2060.718, "vol_surge": false, "vp_poc": 2167.2837, "vp_vah": 2194.2159, "vp_val": 2014.6679}, "KRW-BNB": {"signal": 0, "current_price": 615.1, "ma200": 866.0135, "trend": "downtrend", "target_long": 625.8199999999999, "target_short": 609.1800000000001, "vol_surge": false, "vp_poc": 639.364, "vp_vah": 677.6680000000001, "vp_val": 624.7719999999999}, "KRW-SOL": {"signal": 0, "current_price": 84.65, "ma200": 138.88344999999998, "trend": "downtrend", "target_long": 85.004, "target_short": 81.396, "vol_surge": false, "vp_poc": 88.4629, "vp_vah": 95.2273, "vp_val": 85.45649999999999}, "KRW-XRP": {"signal": 0, "current_price": 1.3556, "ma200": 2.0264474999999997, "trend": "downtrend", "target_long": 1.35944, "target_short": 1.32256, "vol_surge": false, "vp_poc": 1.404235, "vp_vah": 1.460413, "vp_val": 1.3293309999999998}, "KRW-DOGE": {"signal": 0, "current_price": 0.09304, "ma200": 0.1485493, "trend": "downtrend", "target_long": 0.093712, "target_short": 0.090928, "vol_surge": false, "vp_poc": 0.094696, "vp_vah": 0.097352, "vp_val": 0.08938399999999999}, "KRW-LINK": {"signal": 0, "current_price": 9.021, "ma200": 13.681634999999998, "trend": "downtrend", "target_long": 8.9346, "target_short": 8.627400000000002, "vol_surge": false, "vp_poc": 9.118649999999999, "vp_vah": 9.495650000000001, "vp_val": 8.59085}, "KRW-SUI": {"signal": 0, "current_price": 0.9009, "ma200": 1.7733940000000001, "trend": "downtrend", "target_long": 0.8926, "target_short": 0.8638, "vol_surge": false, "vp_poc": 0.9494990000000001, "vp_vah": 1.0184250000000001, "vp_val": 0.854063}}}