{"okx": {"KRW-ETH": {"signal": 0, "current_price": 1654.08, "ma200": 2428.24185, "trend": "downtrend", "target_long": 1647.3239999999998, "target_short": 1595.796, "vol_surge": false, "vp_poc": 1652.8857, "vp_vah": 1975.6807, "vp_val": 1510.8559}, "KRW-BNB": {"signal": 0, "current_price": 595.5, "ma200": 719.7755000000001, "trend": "downtrend", "target_long": 593.7800000000001, "target_short": 579.62, "vol_surge": false, "vp_poc": 656.876, "vp_vah": 743.9079999999999, "vp_val": 607.684}, "KRW-SOL": {"signal": 0, "current_price": 64.99, "ma200": 100.77259999999998, "trend": "downtrend", "target_long": 64.568, "target_short": 61.83200000000001, "vol_surge": false, "vp_poc": 65.3141, "vp_vah": 80.6525, "vp_val": 60.3839}, "KRW-XRP": {"signal": 0, "current_price": 1.1144, "ma200": 1.5940985, "trend": "downtrend", "target_long": 1.11806, "target_short": 1.0761399999999999, "vol_surge": false, "vp_poc": 1.333655, "vp_vah": 1.3728350000000002, "vp_val": 1.144285}, "KRW-DOGE": {"signal": 0, "current_price": 0.08478, "ma200": 0.11056184999999999, "trend": "downtrend", "target_long": 0.084412, "target_short": 0.08150800000000001, "vol_surge": false, "vp_poc": 0.10040349999999999, "vp_vah": 0.1047955, "vp_val": 0.08558049999999999}, "KRW-LINK": {"signal": 0, "current_price": 7.766, "ma200": 10.39409, "trend": "downtrend", "target_long": 7.7284, "target_short": 7.395600000000001, "vol_surge": false, "vp_poc": 7.80439, "vp_vah": 9.08825, "vp_val": 7.0229099999999995}, "KRW-SUI": {"signal": 0, "current_price": 0.7475, "ma200": 1.1622685, "trend": "downtrend", "target_long": 0.7457, "target_short": 0.7077, "vol_surge": false, "vp_poc": 0.7539419999999999, "vp_vah": 0.90361, "vp_val": 0.674706}}}