{"okx": {"KRW-BTC": {"signal": 0, "current_price": 80374.5, "ma200": 82880.01849999999, "trend": "downtrend", "target_long": 80735.98, "target_short": 79657.02, "vol_surge": false, "vp_poc": 78371.19099999999, "vp_vah": 79466.083, "vp_val": 75451.47899999999}, "KRW-ETH": {"signal": 0, "current_price": 2315.19, "ma200": 2670.8918, "trend": "downtrend", "target_long": 2330.1540000000005, "target_short": 2284.946, "vol_surge": false, "vp_poc": 2316.0972, "vp_vah": 2373.15, "vp_val": 2283.4956}, "KRW-BNB": {"signal": 0, "current_price": 654.2, "ma200": 777.4825, "trend": "downtrend", "target_long": 656.36, "target_short": 642.84, "vol_surge": false, "vp_poc": 634.6700000000001, "vp_vah": 640.1300000000001, "vp_val": 616.106}, "KRW-SOL": {"signal": 0, "current_price": 93.65, "ma200": 114.37435, "trend": "downtrend", "target_long": 94.104, "target_short": 89.93599999999999, "vol_surge": false, "vp_poc": 84.515, "vp_vah": 87.7442, "vp_val": 83.273}, "KRW-XRP": {"signal": 0, "current_price": 1.4288, "ma200": 1.7638905000000002, "trend": "downtrend", "target_long": 1.4382000000000001, "target_short": 1.3986, "vol_surge": false, "vp_poc": 1.419484, "vp_vah": 1.435836, "vp_val": 1.38678}, "KRW-DOGE": {"signal": 0, "current_price": 0.11045, "ma200": 0.12273125, "trend": "downtrend", "target_long": 0.111154, "target_short": 0.107906, "vol_surge": false, "vp_poc": 0.1081345, "vp_vah": 0.11634549999999999, "vp_val": 0.0989575}, "KRW-LINK": {"signal": 0, "current_price": 10.55, "ma200": 11.454835000000001, "trend": "downtrend", "target_long": 10.6376, "target_short": 10.0584, "vol_surge": false, "vp_poc": 9.36738, "vp_vah": 9.63842, "vp_val": 9.06246}, "KRW-SUI": {"signal": 0, "current_price": 1.0822, "ma200": 1.3408319999999998, "trend": "downtrend", "target_long": 1.05334, "target_short": 0.99006, "vol_surge": false, "vp_poc": 0.933135, "vp_vah": 0.9735450000000001, "vp_val": 0.9151750000000001}}}