{"okx": {"KRW-BTC": {"signal": 0, "current_price": 71364.8, "ma200": 88715.61450000001, "trend": "downtrend", "target_long": 73926.95999999999, "target_short": 69903.04000000001, "vol_surge": false, "vp_poc": 68336.79999999999, "vp_vah": 70199.20000000001, "vp_val": 66319.20000000001}, "KRW-ETH": {"signal": 0, "current_price": 2235.64, "ma200": 2959.015, "trend": "downtrend", "target_long": 2325.332, "target_short": 2154.668, "vol_surge": false, "vp_poc": 2122.654, "vp_vah": 2162.8635999999997, "vp_val": 2035.5331999999999}, "KRW-BNB": {"signal": 0, "current_price": 615.5, "ma200": 852.9915, "trend": "downtrend", "target_long": 633.36, "target_short": 607.0400000000001, "vol_surge": false, "vp_poc": 611.127, "vp_vah": 637.463, "vp_val": 593.021}, "KRW-SOL": {"signal": 0, "current_price": 84.53, "ma200": 133.31965, "trend": "downtrend", "target_long": 89.00000000000001, "target_short": 82.08, "vol_surge": false, "vp_poc": 80.89500000000001, "vp_vah": 87.2714, "vp_val": 78.5458}, "KRW-XRP": {"signal": 0, "current_price": 1.3712, "ma200": 1.967234, "trend": "downtrend", "target_long": 1.41924, "target_short": 1.33796, "vol_surge": false, "vp_poc": 1.321948, "vp_vah": 1.4007399999999999, "vp_val": 1.30694}, "KRW-DOGE": {"signal": 0, "current_price": 0.09457, "ma200": 0.1422261, "trend": "downtrend", "target_long": 0.097302, "target_short": 0.09251799999999999, "vol_surge": false, "vp_poc": 0.09180949999999999, "vp_vah": 0.0938195, "vp_val": 0.0900005}, "KRW-LINK": {"signal": 0, "current_price": 9.189, "ma200": 13.158765, "trend": "downtrend", "target_long": 9.6242, "target_short": 8.949800000000002, "vol_surge": false, "vp_poc": 8.755289999999999, "vp_vah": 9.172249999999998, "vp_val": 8.57287}, "KRW-SUI": {"signal": 0, "current_price": 0.962, "ma200": 1.675832, "trend": "downtrend", "target_long": 1.0068, "target_short": 0.9128000000000001, "vol_surge": false, "vp_poc": 0.870967, "vp_vah": 0.940561, "vp_val": 0.847769}}}