{"okx": {"KRW-BTC": {"signal": 0, "current_price": 63068.4, "ma200": 77047.15400000001, "trend": "downtrend", "target_long": 63970.060000000005, "target_short": 61936.54, "vol_surge": false, "vp_poc": 62599.242, "vp_vah": 65329.013999999996, "vp_val": 60779.394}, "KRW-ETH": {"signal": 2, "current_price": 1698.17, "ma200": 2378.6255, "trend": "downtrend", "target_long": 1747.75, "target_short": 1674.5100000000002, "vol_surge": false, "vp_poc": 1680.4583, "vp_vah": 1819.1709, "vp_val": 1605.7669}, "KRW-BNB": {"signal": 2, "current_price": 577.0, "ma200": 708.9984999999999, "trend": "downtrend", "target_long": 591.0400000000001, "target_short": 566.16, "vol_surge": false, "vp_poc": 603.9000000000001, "vp_vah": 675.796, "vp_val": 558.492}, "KRW-SOL": {"signal": 2, "current_price": 68.94, "ma200": 98.13535, "trend": "downtrend", "target_long": 71.492, "target_short": 67.948, "vol_surge": false, "vp_poc": 67.32990000000001, "vp_vah": 71.9879, "vp_val": 62.2061}, "KRW-XRP": {"signal": 2, "current_price": 1.1364, "ma200": 1.5541179999999999, "trend": "downtrend", "target_long": 1.17034, "target_short": 1.1230600000000002, "vol_surge": false, "vp_poc": 1.1361940000000001, "vp_vah": 1.2138300000000002, "vp_val": 1.0943900000000002}, "KRW-DOGE": {"signal": 2, "current_price": 0.0831, "ma200": 0.10806049999999999, "trend": "downtrend", "target_long": 0.08542999999999999, "target_short": 0.08163, "vol_surge": false, "vp_poc": 0.0864741, "vp_vah": 0.0912601, "vp_val": 0.0821667}, "KRW-LINK": {"signal": 2, "current_price": 7.912, "ma200": 10.19792, "trend": "downtrend", "target_long": 8.162, "target_short": 7.8740000000000006, "vol_surge": false, "vp_poc": 7.89434, "vp_vah": 8.4939, "vp_val": 7.5715}, "KRW-SUI": {"signal": 2, "current_price": 0.7131, "ma200": 1.132712, "trend": "downtrend", "target_long": 0.7556, "target_short": 0.704, "vol_surge": false, "vp_poc": 0.7590319999999999, "vp_vah": 0.8064800000000001, "vp_val": 0.711584}}}