{"okx": {"KRW-ETH": {"signal": 0, "current_price": 1666.87, "ma200": 2408.7179, "trend": "downtrend", "target_long": 1695.58, "target_short": 1667.38, "vol_surge": false, "vp_poc": 1663.3875, "vp_vah": 1854.1725000000001, "vp_val": 1510.7595000000001}, "KRW-BNB": {"signal": 0, "current_price": 611.8, "ma200": 715.8580000000001, "trend": "downtrend", "target_long": 614.9599999999999, "target_short": 604.64, "vol_surge": false, "vp_poc": 600.116, "vp_vah": 690.932, "vp_val": 558.492}, "KRW-SOL": {"signal": 0, "current_price": 67.74, "ma200": 99.69765000000001, "trend": "downtrend", "target_long": 70.13400000000001, "target_short": 67.726, "vol_surge": false, "vp_poc": 67.14080000000001, "vp_vah": 72.86959999999999, "vp_val": 60.370400000000004}, "KRW-XRP": {"signal": 0, "current_price": 1.1353, "ma200": 1.578063, "trend": "downtrend", "target_long": 1.16318, "target_short": 1.13822, "vol_surge": false, "vp_poc": 1.1350820000000001, "vp_vah": 1.249058, "vp_val": 1.06543}, "KRW-DOGE": {"signal": 0, "current_price": 0.08654, "ma200": 0.10957289999999999, "trend": "downtrend", "target_long": 0.08908, "target_short": 0.08668, "vol_surge": false, "vp_poc": 0.0862792, "vp_vah": 0.09415119999999999, "vp_val": 0.078932}, "KRW-LINK": {"signal": 0, "current_price": 7.874, "ma200": 10.31579, "trend": "downtrend", "target_long": 8.065, "target_short": 7.909, "vol_surge": false, "vp_poc": 7.88237, "vp_vah": 8.90419, "vp_val": 7.02189}, "KRW-SUI": {"signal": 0, "current_price": 0.7541, "ma200": 1.1504995, "trend": "downtrend", "target_long": 0.77988, "target_short": 0.75652, "vol_surge": false, "vp_poc": 0.7605999999999999, "vp_vah": 0.83988, "vp_val": 0.673392}}}