{"okx": {"KRW-BTC": {"signal": 2, "current_price": 62752.5, "ma200": 73316.233, "trend": "downtrend", "target_long": 64330.340000000004, "target_short": 63331.46, "vol_surge": false, "vp_poc": 63029.102, "vp_vah": 64898.846000000005, "vp_val": 60380.297999999995}, "KRW-ETH": {"signal": 2, "current_price": 1827.83, "ma200": 2196.0016, "trend": "downtrend", "target_long": 1893.5400000000002, "target_short": 1835.74, "vol_surge": false, "vp_poc": 1759.1755, "vp_vah": 1830.8785, "vp_val": 1719.3405}, "KRW-BNB": {"signal": 2, "current_price": 567.7, "ma200": 667.2625, "trend": "downtrend", "target_long": 578.1, "target_short": 566.9, "vol_surge": false, "vp_poc": 575.978, "vp_vah": 587.218, "vp_val": 562.49}, "KRW-SOL": {"signal": 2, "current_price": 74.52, "ma200": 90.61465, "trend": "downtrend", "target_long": 76.374, "target_short": 74.286, "vol_surge": false, "vp_poc": 77.2825, "vp_vah": 81.8425, "vp_val": 74.4325}, "KRW-XRP": {"signal": 2, "current_price": 1.082, "ma200": 1.4324610000000002, "trend": "downtrend", "target_long": 1.10018, "target_short": 1.07402, "vol_surge": false, "vp_poc": 1.101378, "vp_vah": 1.12733, "vp_val": 1.04623}, "KRW-DOGE": {"signal": 2, "current_price": 0.07161, "ma200": 0.09980159999999999, "trend": "downtrend", "target_long": 0.073308, "target_short": 0.07141199999999999, "vol_surge": false, "vp_poc": 0.07335710000000001, "vp_vah": 0.0755329, "vp_val": 0.0715769}, "KRW-LINK": {"signal": 2, "current_price": 8.181, "ma200": 9.454065, "trend": "downtrend", "target_long": 8.4438, "target_short": 8.238199999999999, "vol_surge": false, "vp_poc": 7.92845, "vp_vah": 8.14671, "vp_val": 7.30485}, "KRW-SUI": {"signal": 2, "current_price": 0.7325, "ma200": 1.021616, "trend": "downtrend", "target_long": 0.75204, "target_short": 0.7259599999999999, "vol_surge": false, "vp_poc": 0.74554, "vp_vah": 0.7657, "vp_val": 0.71642}}}