{"okx": {"KRW-BTC": {"signal": 2, "current_price": 63889.0, "ma200": 78969.03600000001, "trend": "downtrend", "target_long": 65515.920000000006, "target_short": 62779.68, "vol_surge": false, "vp_poc": 77266.71900000001, "vp_vah": 78338.745, "vp_val": 72621.273}, "KRW-ETH": {"signal": 2, "current_price": 1783.47, "ma200": 2472.8273, "trend": "downtrend", "target_long": 1863.194, "target_short": 1763.306, "vol_surge": false, "vp_poc": 2113.0726000000004, "vp_vah": 2154.223, "vp_val": 1979.3338}, "KRW-BNB": {"signal": 0, "current_price": 604.3, "ma200": 729.7025, "trend": "downtrend", "target_long": 637.1400000000001, "target_short": 604.26, "vol_surge": false, "vp_poc": 657.222, "vp_vah": 710.058, "vp_val": 635.4659999999999}, "KRW-SOL": {"signal": 2, "current_price": 70.1, "ma200": 103.16345, "trend": "downtrend", "target_long": 73.538, "target_short": 69.682, "vol_surge": false, "vp_poc": 85.56909999999999, "vp_vah": 87.3907, "vp_val": 80.55969999999999}, "KRW-XRP": {"signal": 2, "current_price": 1.184, "ma200": 1.627064, "trend": "downtrend", "target_long": 1.22608, "target_short": 1.17632, "vol_surge": false, "vp_poc": 1.364875, "vp_vah": 1.400647, "vp_val": 1.293331}, "KRW-DOGE": {"signal": 2, "current_price": 0.08949, "ma200": 0.11283869999999999, "trend": "downtrend", "target_long": 0.092952, "target_short": 0.089808, "vol_surge": false, "vp_poc": 0.10377449999999999, "vp_vah": 0.10654749999999999, "vp_val": 0.09711929999999999}, "KRW-LINK": {"signal": 2, "current_price": 8.142, "ma200": 10.57752, "trend": "downtrend", "target_long": 8.5346, "target_short": 8.1274, "vol_surge": false, "vp_poc": 9.52575, "vp_vah": 9.84901, "vp_val": 9.017769999999999}, "KRW-SUI": {"signal": 0, "current_price": 0.7966, "ma200": 1.1890975, "trend": "downtrend", "target_long": 0.84602, "target_short": 0.80338, "vol_surge": false, "vp_poc": 1.052272, "vp_vah": 1.160536, "vp_val": 0.9023680000000001}}}