{"okx": {"KRW-BTC": {"signal": 0, "current_price": 63370.3, "ma200": 74873.808, "trend": "downtrend", "target_long": 63276.54, "target_short": 61897.659999999996, "vol_surge": false, "vp_poc": 59992.238, "vp_vah": 63408.85400000001, "vp_val": 58283.93000000001}, "KRW-ETH": {"signal": 0, "current_price": 1796.63, "ma200": 2269.5763, "trend": "downtrend", "target_long": 1790.6100000000001, "target_short": 1725.65, "vol_surge": false, "vp_poc": 1711.0824000000002, "vp_vah": 1805.5432, "vp_val": 1623.3688000000002}, "KRW-BNB": {"signal": 0, "current_price": 576.4, "ma200": 684.9090000000001, "trend": "downtrend", "target_long": 581.14, "target_short": 566.66, "vol_surge": false, "vp_poc": 557.486, "vp_vah": 592.262, "vp_val": 543.962}, "KRW-SOL": {"signal": 0, "current_price": 82.01, "ma200": 93.60205000000002, "trend": "downtrend", "target_long": 83.50999999999999, "target_short": 81.19, "vol_surge": false, "vp_poc": 72.6199, "vp_vah": 75.4101, "vp_val": 68.2353}, "KRW-XRP": {"signal": 0, "current_price": 1.1702, "ma200": 1.482495, "trend": "downtrend", "target_long": 1.1599, "target_short": 1.1099, "vol_surge": false, "vp_poc": 1.05183, "vp_vah": 1.159826, "vp_val": 1.0234100000000002}, "KRW-DOGE": {"signal": 0, "current_price": 0.07878, "ma200": 0.10326985000000001, "trend": "downtrend", "target_long": 0.079376, "target_short": 0.075744, "vol_surge": false, "vp_poc": 0.0731397, "vp_vah": 0.08298830000000001, "vp_val": 0.07057050000000001}, "KRW-LINK": {"signal": 0, "current_price": 8.096, "ma200": 9.734795, "trend": "downtrend", "target_long": 8.100999999999999, "target_short": 7.848999999999999, "vol_surge": false, "vp_poc": 7.89285, "vp_vah": 8.40709, "vp_val": 7.34647}, "KRW-SUI": {"signal": 0, "current_price": 0.7735, "ma200": 1.066618, "trend": "downtrend", "target_long": 0.7894, "target_short": 0.749, "vol_surge": false, "vp_poc": 0.702704, "vp_vah": 0.752432, "vp_val": 0.66008}}}