{"okx": {"KRW-BTC": {"signal": 2, "current_price": 62454.6, "ma200": 78961.864, "trend": "downtrend", "target_long": 65515.920000000006, "target_short": 62779.68, "vol_surge": false, "vp_poc": 77266.71900000001, "vp_vah": 78696.087, "vp_val": 72621.273}, "KRW-ETH": {"signal": 2, "current_price": 1744.09, "ma200": 2472.6304, "trend": "downtrend", "target_long": 1863.194, "target_short": 1763.306, "vol_surge": false, "vp_poc": 2113.0726000000004, "vp_vah": 2154.223, "vp_val": 1969.0462}, "KRW-BNB": {"signal": 0, "current_price": 589.7, "ma200": 729.6295, "trend": "downtrend", "target_long": 637.1400000000001, "target_short": 604.26, "vol_surge": false, "vp_poc": 656.481, "vp_vah": 709.759, "vp_val": 634.543}, "KRW-SOL": {"signal": 2, "current_price": 68.02, "ma200": 103.15304999999998, "trend": "downtrend", "target_long": 73.538, "target_short": 69.682, "vol_surge": false, "vp_poc": 85.56909999999999, "vp_vah": 87.3907, "vp_val": 80.55969999999999}, "KRW-XRP": {"signal": 2, "current_price": 1.1513, "ma200": 1.6269004999999999, "trend": "downtrend", "target_long": 1.22608, "target_short": 1.17632, "vol_surge": false, "vp_poc": 1.364875, "vp_vah": 1.400647, "vp_val": 1.293331}, "KRW-DOGE": {"signal": 2, "current_price": 0.08714, "ma200": 0.11282694999999998, "trend": "downtrend", "target_long": 0.092952, "target_short": 0.089808, "vol_surge": false, "vp_poc": 0.10377449999999999, "vp_vah": 0.10654749999999999, "vp_val": 0.0965647}, "KRW-LINK": {"signal": 2, "current_price": 7.872, "ma200": 10.57617, "trend": "downtrend", "target_long": 8.5346, "target_short": 8.1274, "vol_surge": false, "vp_poc": 9.52575, "vp_vah": 9.84901, "vp_val": 9.017769999999999}, "KRW-SUI": {"signal": 0, "current_price": 0.7697, "ma200": 1.188963, "trend": "downtrend", "target_long": 0.84602, "target_short": 0.80338, "vol_surge": false, "vp_poc": 1.052272, "vp_vah": 1.160536, "vp_val": 0.9023680000000001}}}