{"okx": {"KRW-BTC": {"signal": 2, "current_price": 64221.9, "ma200": 73440.58649999999, "trend": "downtrend", "target_long": 65205.9, "target_short": 64314.700000000004, "vol_surge": false, "vp_poc": 63029.102, "vp_vah": 64587.221999999994, "vp_val": 60224.486000000004}, "KRW-ETH": {"signal": 0, "current_price": 1885.63, "ma200": 2201.6594, "trend": "downtrend", "target_long": 1950.516, "target_short": 1884.924, "vol_surge": false, "vp_poc": 1759.1755, "vp_vah": 1830.8785, "vp_val": 1719.3405}, "KRW-BNB": {"signal": 2, "current_price": 577.8, "ma200": 668.7125, "trend": "downtrend", "target_long": 584.5, "target_short": 576.9000000000001, "vol_surge": false, "vp_poc": 575.978, "vp_vah": 584.97, "vp_val": 559.118}, "KRW-SOL": {"signal": 2, "current_price": 76.19, "ma200": 90.86274999999999, "trend": "downtrend", "target_long": 78.116, "target_short": 76.444, "vol_surge": false, "vp_poc": 77.2825, "vp_vah": 82.6975, "vp_val": 75.0025}, "KRW-XRP": {"signal": 0, "current_price": 1.1071, "ma200": 1.4364044999999999, "trend": "downtrend", "target_long": 1.12574, "target_short": 1.10086, "vol_surge": false, "vp_poc": 1.101378, "vp_vah": 1.12733, "vp_val": 1.04623}, "KRW-DOGE": {"signal": 2, "current_price": 0.07318, "ma200": 0.10006209999999999, "trend": "downtrend", "target_long": 0.07484799999999998, "target_short": 0.073312, "vol_surge": false, "vp_poc": 0.07335710000000001, "vp_vah": 0.0755329, "vp_val": 0.0715769}, "KRW-LINK": {"signal": 0, "current_price": 8.446, "ma200": 9.475209999999999, "trend": "downtrend", "target_long": 8.682, "target_short": 8.394, "vol_surge": false, "vp_poc": 7.92845, "vp_vah": 8.14671, "vp_val": 7.336029999999999}, "KRW-SUI": {"signal": 2, "current_price": 0.7421, "ma200": 1.025169, "trend": "downtrend", "target_long": 0.76462, "target_short": 0.74558, "vol_surge": false, "vp_poc": 0.74554, "vp_vah": 0.7657, "vp_val": 0.71194}}}