{"okx": {"KRW-BTC": {"signal": 2, "current_price": 66310.0, "ma200": 91326.004, "trend": "downtrend", "target_long": 67854.29999999999, "target_short": 64953.49999999999, "vol_surge": false, "vp_poc": 70681.17800000001, "vp_vah": 71935.44200000001, "vp_val": 67545.51800000001}, "KRW-ETH": {"signal": 0, "current_price": 1996.79, "ma200": 3093.1132500000003, "trend": "downtrend", "target_long": 2037.014, "target_short": 1948.606, "vol_surge": false, "vp_poc": 2070.9547000000002, "vp_vah": 2199.2983, "vp_val": 2015.9503}, "KRW-BNB": {"signal": 2, "current_price": 612.4, "ma200": 872.0575, "trend": "downtrend", "target_long": 624.5, "target_short": 603.7, "vol_surge": false, "vp_poc": 644.399, "vp_vah": 664.0070000000001, "vp_val": 623.157}, "KRW-SOL": {"signal": 2, "current_price": 82.99, "ma200": 141.9157, "trend": "downtrend", "target_long": 85.176, "target_short": 81.02399999999999, "vol_surge": false, "vp_poc": 86.8629, "vp_vah": 92.0245, "vp_val": 84.9273}, "KRW-XRP": {"signal": 0, "current_price": 1.3392, "ma200": 2.0609725, "trend": "downtrend", "target_long": 1.3476400000000002, "target_short": 1.30396, "vol_surge": false, "vp_poc": 1.407759, "vp_vah": 1.4655390000000001, "vp_val": 1.355757}, "KRW-DOGE": {"signal": 0, "current_price": 0.09117, "ma200": 0.1520484, "trend": "downtrend", "target_long": 0.091492, "target_short": 0.08874800000000001, "vol_surge": false, "vp_poc": 0.09473129999999999, "vp_vah": 0.0978293, "vp_val": 0.09008429999999999}, "KRW-LINK": {"signal": 2, "current_price": 8.533, "ma200": 13.998125, "trend": "downtrend", "target_long": 8.767800000000001, "target_short": 8.3702, "vol_surge": false, "vp_poc": 9.04195, "vp_vah": 9.48911, "vp_val": 8.78643}, "KRW-SUI": {"signal": 0, "current_price": 0.883, "ma200": 1.8301694999999998, "trend": "downtrend", "target_long": 0.9059400000000001, "target_short": 0.85546, "vol_surge": false, "vp_poc": 0.9665600000000001, "vp_vah": 1.0310000000000001, "vp_val": 0.9321919999999999}}}