{"okx": {"KRW-BTC": {"signal": 0, "current_price": 77916.0, "ma200": 86999.341, "trend": "downtrend", "target_long": 76039.88, "target_short": 74254.12, "vol_surge": true, "vp_poc": 72696.019, "vp_vah": 77913.65900000001, "vp_val": 68521.907}, "KRW-ETH": {"signal": 0, "current_price": 2446.73, "ma200": 2876.3657000000003, "trend": "downtrend", "target_long": 2382.146, "target_short": 2314.154, "vol_surge": false, "vp_poc": 2233.9848, "vp_vah": 2296.2216, "vp_val": 2016.156}, "KRW-BNB": {"signal": 0, "current_price": 643.8, "ma200": 835.7429999999999, "trend": "downtrend", "target_long": 644.9599999999999, "target_short": 626.64, "vol_surge": false, "vp_poc": 612.05, "vp_vah": 621.05, "vp_val": 595.55}, "KRW-SOL": {"signal": 0, "current_price": 90.17, "ma200": 127.62275, "trend": "downtrend", "target_long": 91.736, "target_short": 86.384, "vol_surge": false, "vp_poc": 83.8604, "vp_vah": 85.826, "vp_val": 80.49080000000001}, "KRW-XRP": {"signal": 0, "current_price": 1.49, "ma200": 1.9010945000000001, "trend": "downtrend", "target_long": 1.48506, "target_short": 1.42114, "vol_surge": false, "vp_poc": 1.35503, "vp_vah": 1.37351, "vp_val": 1.30883}, "KRW-DOGE": {"signal": 0, "current_price": 0.10095, "ma200": 0.1357845, "trend": "downtrend", "target_long": 0.10137800000000001, "target_short": 0.097042, "vol_surge": false, "vp_poc": 0.0924011, "vp_vah": 0.0948617, "vp_val": 0.0902139}, "KRW-LINK": {"signal": 0, "current_price": 9.768, "ma200": 12.60499, "trend": "downtrend", "target_long": 9.822600000000001, "target_short": 9.3794, "vol_surge": false, "vp_poc": 8.74709, "vp_vah": 9.28245, "vp_val": 8.61325}, "KRW-SUI": {"signal": 0, "current_price": 1.0273, "ma200": 1.5699485000000002, "trend": "downtrend", "target_long": 1.0248599999999999, "target_short": 0.9757399999999999, "vol_surge": false, "vp_poc": 0.871051, "vp_vah": 0.9515829999999998, "vp_val": 0.848681}}}