{"okx": {"KRW-BTC": {"signal": 0, "current_price": 78180.2, "ma200": 84044.89300000001, "trend": "downtrend", "target_long": 76881.01999999999, "target_short": 75808.78, "vol_surge": true, "vp_poc": 77422.117, "vp_vah": 78499.969, "vp_val": 74907.12899999999}, "KRW-ETH": {"signal": 0, "current_price": 2293.74, "ma200": 2735.6219, "trend": "downtrend", "target_long": 2276.932, "target_short": 2239.068, "vol_surge": false, "vp_poc": 2317.59, "vp_vah": 2381.6099999999997, "vp_val": 2276.8500000000004}, "KRW-BNB": {"signal": 0, "current_price": 615.7, "ma200": 796.835, "trend": "downtrend", "target_long": 618.3, "target_short": 612.7, "vol_surge": false, "vp_poc": 619.656, "vp_vah": 639.096, "vp_val": 615.768}, "KRW-SOL": {"signal": 0, "current_price": 83.73, "ma200": 118.4347, "trend": "downtrend", "target_long": 83.83, "target_short": 82.35000000000001, "vol_surge": false, "vp_poc": 84.60399999999998, "vp_vah": 87.0584, "vp_val": 83.09360000000001}, "KRW-XRP": {"signal": 0, "current_price": 1.3844, "ma200": 1.8036794999999999, "trend": "downtrend", "target_long": 1.37818, "target_short": 1.3576199999999998, "vol_surge": false, "vp_poc": 1.4278849999999998, "vp_vah": 1.4469349999999999, "vp_val": 1.366925}, "KRW-DOGE": {"signal": 0, "current_price": 0.10843, "ma200": 0.12608585, "trend": "downtrend", "target_long": 0.108276, "target_short": 0.104724, "vol_surge": false, "vp_poc": 0.09752029999999999, "vp_vah": 0.1005877, "vp_val": 0.0927001}, "KRW-LINK": {"signal": 2, "current_price": 9.092, "ma200": 11.77171, "trend": "downtrend", "target_long": 9.1728, "target_short": 9.0392, "vol_surge": false, "vp_poc": 9.35931, "vp_vah": 9.47761, "vp_val": 9.07539}, "KRW-SUI": {"signal": 0, "current_price": 0.9188, "ma200": 1.4047885, "trend": "downtrend", "target_long": 0.9162199999999999, "target_short": 0.9003800000000001, "vol_surge": false, "vp_poc": 0.9543099999999999, "vp_vah": 0.9640179999999999, "vp_val": 0.912242}}}