{"okx": {"KRW-BTC": {"signal": 0, "current_price": 62253.7, "ma200": 74994.5875, "trend": "downtrend", "target_long": 62609.74, "target_short": 60508.46, "vol_surge": false, "vp_poc": 59992.238, "vp_vah": 63598.666, "vp_val": 58283.93000000001}, "KRW-ETH": {"signal": 0, "current_price": 1749.5, "ma200": 2275.36225, "trend": "downtrend", "target_long": 1751.652, "target_short": 1649.5479999999998, "vol_surge": false, "vp_poc": 1711.0824000000002, "vp_vah": 1778.5544, "vp_val": 1609.8744000000002}, "KRW-BNB": {"signal": 0, "current_price": 570.5, "ma200": 686.3870000000002, "trend": "downtrend", "target_long": 567.34, "target_short": 550.4599999999999, "vol_surge": false, "vp_poc": 557.486, "vp_vah": 596.126, "vp_val": 542.0300000000001}, "KRW-SOL": {"signal": 0, "current_price": 83.03, "ma200": 93.84120000000001, "trend": "downtrend", "target_long": 83.08200000000001, "target_short": 78.378, "vol_surge": false, "vp_poc": 72.681, "vp_vah": 74.9826, "vp_val": 68.4614}, "KRW-XRP": {"signal": 0, "current_price": 1.1355, "ma200": 1.486294, "trend": "downtrend", "target_long": 1.11518, "target_short": 1.06102, "vol_surge": false, "vp_poc": 1.05183, "vp_vah": 1.148458, "vp_val": 1.012042}, "KRW-DOGE": {"signal": 0, "current_price": 0.07748, "ma200": 0.1035345, "trend": "downtrend", "target_long": 0.07574600000000001, "target_short": 0.072634, "vol_surge": false, "vp_poc": 0.0731397, "vp_vah": 0.0838447, "vp_val": 0.0697141}, "KRW-LINK": {"signal": 0, "current_price": 7.96, "ma200": 9.758875, "trend": "downtrend", "target_long": 8.0014, "target_short": 7.4925999999999995, "vol_surge": false, "vp_poc": 7.86071, "vp_vah": 8.40709, "vp_val": 7.34647}, "KRW-SUI": {"signal": 0, "current_price": 0.7715, "ma200": 1.07032, "trend": "downtrend", "target_long": 0.75268, "target_short": 0.7181200000000001, "vol_surge": false, "vp_poc": 0.702704, "vp_vah": 0.752432, "vp_val": 0.663632}}}