{"okx": {"KRW-BTC": {"signal": 0, "current_price": 75303.0, "ma200": 87546.31349999999, "trend": "downtrend", "target_long": 76150.15999999999, "target_short": 72686.24, "vol_surge": false, "vp_poc": 66878.177, "vp_vah": 71518.379, "vp_val": 65773.367}, "KRW-ETH": {"signal": 0, "current_price": 2366.92, "ma200": 2902.691, "trend": "downtrend", "target_long": 2457.12, "target_short": 2281.76, "vol_surge": false, "vp_poc": 2067.1877999999997, "vp_vah": 2238.9582, "vp_val": 2019.4737999999998}, "KRW-BNB": {"signal": 0, "current_price": 623.1, "ma200": 841.2355, "trend": "downtrend", "target_long": 625.3599999999999, "target_short": 604.24, "vol_surge": false, "vp_poc": 610.682, "vp_vah": 620.066, "vp_val": 596.606}, "KRW-SOL": {"signal": 0, "current_price": 86.14, "ma200": 129.44935, "trend": "downtrend", "target_long": 88.66, "target_short": 84.34, "vol_surge": false, "vp_poc": 82.9648, "vp_vah": 86.02080000000001, "vp_val": 80.82560000000001}, "KRW-XRP": {"signal": 0, "current_price": 1.3772, "ma200": 1.9222515000000002, "trend": "downtrend", "target_long": 1.40166, "target_short": 1.34974, "vol_surge": false, "vp_poc": 1.3407200000000001, "vp_vah": 1.3682400000000001, "vp_val": 1.3187039999999999}, "KRW-DOGE": {"signal": 0, "current_price": 0.09589, "ma200": 0.1378387, "trend": "downtrend", "target_long": 0.095558, "target_short": 0.092662, "vol_surge": false, "vp_poc": 0.09243950000000001, "vp_vah": 0.0940571, "vp_val": 0.0904175}, "KRW-LINK": {"signal": 0, "current_price": 9.147, "ma200": 12.784035000000001, "trend": "downtrend", "target_long": 9.6594, "target_short": 9.0586, "vol_surge": false, "vp_poc": 8.7539, "vp_vah": 9.15134, "vp_val": 8.580020000000001}, "KRW-SUI": {"signal": 0, "current_price": 0.9462, "ma200": 1.6037629999999998, "trend": "downtrend", "target_long": 0.9852799999999999, "target_short": 0.93472, "vol_surge": false, "vp_poc": 0.872004, "vp_vah": 0.932348, "vp_val": 0.846596}}}