{"okx": {"KRW-BTC": {"signal": 0, "current_price": 74086.3, "ma200": 87540.23, "trend": "downtrend", "target_long": 76150.15999999999, "target_short": 72686.24, "vol_surge": false, "vp_poc": 66878.177, "vp_vah": 71739.341, "vp_val": 65773.367}, "KRW-ETH": {"signal": 0, "current_price": 2318.53, "ma200": 2902.4490499999997, "trend": "downtrend", "target_long": 2457.12, "target_short": 2281.76, "vol_surge": true, "vp_poc": 2067.1877999999997, "vp_vah": 2238.9582, "vp_val": 2019.4737999999998}, "KRW-BNB": {"signal": 0, "current_price": 614.4, "ma200": 841.192, "trend": "downtrend", "target_long": 625.3599999999999, "target_short": 604.24, "vol_surge": false, "vp_poc": 610.682, "vp_vah": 620.066, "vp_val": 596.606}, "KRW-SOL": {"signal": 0, "current_price": 83.57, "ma200": 129.4365, "trend": "downtrend", "target_long": 88.66, "target_short": 84.34, "vol_surge": true, "vp_poc": 83.8816, "vp_vah": 85.71520000000001, "vp_val": 80.52000000000001}, "KRW-XRP": {"signal": 0, "current_price": 1.3581, "ma200": 1.922156, "trend": "downtrend", "target_long": 1.40166, "target_short": 1.34974, "vol_surge": false, "vp_poc": 1.3407200000000001, "vp_vah": 1.3682400000000001, "vp_val": 1.3187039999999999}, "KRW-DOGE": {"signal": 0, "current_price": 0.09282, "ma200": 0.13782335, "trend": "downtrend", "target_long": 0.095558, "target_short": 0.092662, "vol_surge": true, "vp_poc": 0.09243950000000001, "vp_vah": 0.0940571, "vp_val": 0.0904175}, "KRW-LINK": {"signal": 0, "current_price": 9.001, "ma200": 12.783305, "trend": "downtrend", "target_long": 9.6594, "target_short": 9.0586, "vol_surge": false, "vp_poc": 8.7539, "vp_vah": 9.15134, "vp_val": 8.580020000000001}, "KRW-SUI": {"signal": 0, "current_price": 0.9286, "ma200": 1.603675, "trend": "downtrend", "target_long": 0.9852799999999999, "target_short": 0.93472, "vol_surge": false, "vp_poc": 0.872004, "vp_vah": 0.932348, "vp_val": 0.846596}}}