{"okx": {"KRW-BTC": {"signal": 0, "current_price": 65933.4, "ma200": 72730.75300000001, "trend": "downtrend", "target_long": 67284.86, "target_short": 65843.74, "vol_surge": false, "vp_poc": 63012.34, "vp_vah": 64840.82, "vp_val": 62326.66}, "KRW-ETH": {"signal": 0, "current_price": 1943.26, "ma200": 2167.6267, "trend": "downtrend", "target_long": 1951.246, "target_short": 1909.134, "vol_surge": false, "vp_poc": 1760.0625, "vp_vah": 1828.0811, "vp_val": 1733.9015}, "KRW-BNB": {"signal": 0, "current_price": 573.5, "ma200": 659.8190000000001, "trend": "downtrend", "target_long": 577.9, "target_short": 570.6999999999999, "vol_surge": false, "vp_poc": 571.854, "vp_vah": 580.9259999999999, "vp_val": 567.318}, "KRW-SOL": {"signal": 0, "current_price": 78.11, "ma200": 89.33625, "trend": "downtrend", "target_long": 78.728, "target_short": 77.552, "vol_surge": false, "vp_poc": 77.5079, "vp_vah": 80.4787, "vp_val": 74.53710000000001}, "KRW-XRP": {"signal": 0, "current_price": 1.1451, "ma200": 1.412334, "trend": "downtrend", "target_long": 1.16512, "target_short": 1.12248, "vol_surge": false, "vp_poc": 1.091303, "vp_vah": 1.1383549999999998, "vp_val": 1.0834609999999998}, "KRW-DOGE": {"signal": 0, "current_price": 0.07296, "ma200": 0.09836035000000001, "trend": "downtrend", "target_long": 0.07416800000000001, "target_short": 0.072632, "vol_surge": false, "vp_poc": 0.07267499999999999, "vp_vah": 0.075225, "vp_val": 0.07148499999999999}, "KRW-LINK": {"signal": 0, "current_price": 8.704, "ma200": 9.349145, "trend": "downtrend", "target_long": 8.738199999999999, "target_short": 8.5838, "vol_surge": false, "vp_poc": 8.00516, "vp_vah": 8.3286, "vp_val": 7.582199999999999}, "KRW-SUI": {"signal": 0, "current_price": 0.7701, "ma200": 1.002732, "trend": "downtrend", "target_long": 0.77888, "target_short": 0.76512, "vol_surge": false, "vp_poc": 0.745477, "vp_vah": 0.766141, "vp_val": 0.728257}}}