{"okx": {"KRW-BTC": {"signal": 0, "current_price": 81020.3, "ma200": 83176.446, "trend": "downtrend", "target_long": 82287.98, "target_short": 80592.62000000001, "vol_surge": false, "vp_poc": 78371.19099999999, "vp_vah": 78918.63699999999, "vp_val": 75451.47899999999}, "KRW-ETH": {"signal": 0, "current_price": 2333.33, "ma200": 2687.24965, "trend": "downtrend", "target_long": 2385.654, "target_short": 2316.926, "vol_surge": false, "vp_poc": 2317.7046, "vp_vah": 2379.8586000000005, "vp_val": 2288.6994}, "KRW-BNB": {"signal": 0, "current_price": 649.1, "ma200": 781.813, "trend": "downtrend", "target_long": 662.18, "target_short": 633.62, "vol_surge": false, "vp_poc": 632.4860000000001, "vp_vah": 640.1300000000001, "vp_val": 617.1980000000001}, "KRW-SOL": {"signal": 0, "current_price": 89.95, "ma200": 115.33049999999999, "trend": "downtrend", "target_long": 90.752, "target_short": 87.568, "vol_surge": false, "vp_poc": 84.5635, "vp_vah": 87.0863, "vp_val": 83.48230000000001}, "KRW-XRP": {"signal": 0, "current_price": 1.4123, "ma200": 1.7743674999999999, "trend": "downtrend", "target_long": 1.44486, "target_short": 1.40494, "vol_surge": false, "vp_poc": 1.429165, "vp_vah": 1.445545, "vp_val": 1.3909449999999999}, "KRW-DOGE": {"signal": 0, "current_price": 0.11133, "ma200": 0.12362000000000001, "trend": "downtrend", "target_long": 0.114732, "target_short": 0.11022799999999999, "vol_surge": false, "vp_poc": 0.09818959999999999, "vp_vah": 0.108488, "vp_val": 0.0927952}, "KRW-LINK": {"signal": 0, "current_price": 10.048, "ma200": 11.532635, "trend": "downtrend", "target_long": 10.193800000000001, "target_short": 9.8042, "vol_surge": false, "vp_poc": 9.32509, "vp_vah": 9.512550000000001, "vp_val": 9.08407}, "KRW-SUI": {"signal": 0, "current_price": 0.9981, "ma200": 1.35578, "trend": "downtrend", "target_long": 1.02158, "target_short": 0.96422, "vol_surge": false, "vp_poc": 0.944107, "vp_vah": 0.9654849999999999, "vp_val": 0.913567}}}