{"okx": {"KRW-ETH": {"signal": 0, "current_price": 1679.48, "ma200": 2415.5061, "trend": "downtrend", "target_long": 1682.152, "target_short": 1651.0479999999998, "vol_surge": false, "vp_poc": 1663.7975000000001, "vp_vah": 1867.8263, "vp_val": 1510.7759}, "KRW-BNB": {"signal": 0, "current_price": 609.1, "ma200": 717.255, "trend": "downtrend", "target_long": 610.5799999999999, "target_short": 597.22, "vol_surge": false, "vp_poc": 600.116, "vp_vah": 687.1479999999999, "vp_val": 558.492}, "KRW-SOL": {"signal": 0, "current_price": 68.14, "ma200": 100.0701, "trend": "downtrend", "target_long": 67.982, "target_short": 65.678, "vol_surge": false, "vp_poc": 66.715, "vp_vah": 74.64099999999999, "vp_val": 60.3742}, "KRW-XRP": {"signal": 0, "current_price": 1.1529, "ma200": 1.5835130000000002, "trend": "downtrend", "target_long": 1.14518, "target_short": 1.11982, "vol_surge": false, "vp_poc": 1.1350820000000001, "vp_vah": 1.268054, "vp_val": 1.052766}, "KRW-DOGE": {"signal": 0, "current_price": 0.08818, "ma200": 0.1099153, "trend": "downtrend", "target_long": 0.088956, "target_short": 0.08304399999999999, "vol_surge": false, "vp_poc": 0.0862792, "vp_vah": 0.09467599999999998, "vp_val": 0.07788239999999999}, "KRW-LINK": {"signal": 0, "current_price": 8.0, "ma200": 10.34376, "trend": "downtrend", "target_long": 7.969, "target_short": 7.765, "vol_surge": false, "vp_poc": 7.88237, "vp_vah": 8.95797, "vp_val": 7.02189}, "KRW-SUI": {"signal": 0, "current_price": 0.7687, "ma200": 1.1544495, "trend": "downtrend", "target_long": 0.7611600000000001, "target_short": 0.7408399999999999, "vol_surge": false, "vp_poc": 0.75396, "vp_vah": 0.8584799999999999, "vp_val": 0.6735599999999999}}}