{"okx": {"KRW-BTC": {"signal": 0, "current_price": 79464.6, "ma200": 81958.195, "trend": "downtrend", "target_long": 82341.68000000001, "target_short": 79828.31999999999, "vol_surge": false, "vp_poc": 80393.527, "vp_vah": 81973.187, "vp_val": 78182.003}, "KRW-ETH": {"signal": 0, "current_price": 2229.55, "ma200": 2620.5809, "trend": "downtrend", "target_long": 2315.868, "target_short": 2251.332, "vol_surge": false, "vp_poc": 2312.3315000000002, "vp_vah": 2351.6345, "vp_val": 2259.9275000000002}, "KRW-BNB": {"signal": 0, "current_price": 676.7, "ma200": 764.081, "trend": "downtrend", "target_long": 687.1200000000001, "target_short": 669.28, "vol_surge": false, "vp_poc": 650.798, "vp_vah": 671.546, "vp_val": 623.666}, "KRW-SOL": {"signal": 0, "current_price": 89.81, "ma200": 111.38995000000001, "trend": "downtrend", "target_long": 93.714, "target_short": 90.626, "vol_surge": false, "vp_poc": 84.29489999999998, "vp_vah": 92.44049999999999, "vp_val": 83.2767}, "KRW-XRP": {"signal": 0, "current_price": 1.4483, "ma200": 1.7318640000000003, "trend": "downtrend", "target_long": 1.53702, "target_short": 1.43358, "vol_surge": false, "vp_poc": 1.421491, "vp_vah": 1.458265, "vp_val": 1.3806310000000002}, "KRW-DOGE": {"signal": 0, "current_price": 0.11258, "ma200": 0.12016905000000001, "trend": "downtrend", "target_long": 0.118102, "target_short": 0.112798, "vol_surge": false, "vp_poc": 0.10836989999999999, "vp_vah": 0.11579210000000001, "vp_val": 0.10662350000000001}, "KRW-LINK": {"signal": 0, "current_price": 10.126, "ma200": 11.22958, "trend": "downtrend", "target_long": 10.753400000000001, "target_short": 10.2126, "vol_surge": false, "vp_poc": 9.16506, "vp_vah": 10.30302, "vp_val": 9.04734}, "KRW-SUI": {"signal": 0, "current_price": 1.1091, "ma200": 1.3018340000000002, "trend": "downtrend", "target_long": 1.2061199999999999, "target_short": 1.17028, "vol_surge": false, "vp_poc": 0.9187609999999999, "vp_vah": 1.2487869999999999, "vp_val": 0.908115}}}