{"okx": {"KRW-BTC": {"signal": 0, "current_price": 67054.5, "ma200": 89882.05050000001, "trend": "downtrend", "target_long": 68078.8, "target_short": 65717.2, "vol_surge": false, "vp_poc": 71056.49, "vp_vah": 71496.962, "vp_val": 66431.534}, "KRW-ETH": {"signal": 0, "current_price": 2065.56, "ma200": 3018.4229500000006, "trend": "downtrend", "target_long": 2113.892, "target_short": 2000.3079999999998, "vol_surge": false, "vp_poc": 2167.2837, "vp_vah": 2194.2159, "vp_val": 2014.6679}, "KRW-BNB": {"signal": 0, "current_price": 587.1, "ma200": 862.6160000000001, "trend": "downtrend", "target_long": 600.94, "target_short": 566.46, "vol_surge": false, "vp_poc": 644.447, "vp_vah": 658.475, "vp_val": 600.025}, "KRW-SOL": {"signal": 0, "current_price": 79.89, "ma200": 137.28985, "trend": "downtrend", "target_long": 80.98799999999999, "target_short": 76.932, "vol_surge": false, "vp_poc": 88.6529, "vp_vah": 95.36330000000001, "vp_val": 83.20070000000001}, "KRW-XRP": {"signal": 2, "current_price": 1.3187, "ma200": 2.009475, "trend": "downtrend", "target_long": 1.3505800000000001, "target_short": 1.28922, "vol_surge": false, "vp_poc": 1.342392, "vp_vah": 1.453504, "vp_val": 1.309712}, "KRW-DOGE": {"signal": 0, "current_price": 0.09121, "ma200": 0.14672195, "trend": "downtrend", "target_long": 0.091908, "target_short": 0.088932, "vol_surge": false, "vp_poc": 0.092704, "vp_vah": 0.096356, "vp_val": 0.08938399999999999}, "KRW-LINK": {"signal": 0, "current_price": 8.716, "ma200": 13.529655, "trend": "downtrend", "target_long": 8.867, "target_short": 8.395, "vol_surge": false, "vp_poc": 9.19405, "vp_vah": 9.344850000000001, "vp_val": 8.44005}, "KRW-SUI": {"signal": 0, "current_price": 0.8765, "ma200": 1.7459479999999998, "trend": "downtrend", "target_long": 0.88224, "target_short": 0.8405600000000001, "vol_surge": false, "vp_poc": 0.9494990000000001, "vp_vah": 0.9919150000000001, "vp_val": 0.838157}}}