{"okx": {"KRW-BTC": {"signal": 0, "current_price": 77953.8, "ma200": 86999.53, "trend": "downtrend", "target_long": 76039.88, "target_short": 74254.12, "vol_surge": false, "vp_poc": 72642.742, "vp_vah": 76010.73000000001, "vp_val": 67979.374}, "KRW-ETH": {"signal": 0, "current_price": 2454.55, "ma200": 2876.4048000000003, "trend": "downtrend", "target_long": 2382.146, "target_short": 2314.154, "vol_surge": false, "vp_poc": 2233.9848, "vp_vah": 2296.2216, "vp_val": 2016.156}, "KRW-BNB": {"signal": 0, "current_price": 645.7, "ma200": 835.7525, "trend": "downtrend", "target_long": 644.9599999999999, "target_short": 626.64, "vol_surge": false, "vp_poc": 612.05, "vp_vah": 621.05, "vp_val": 595.55}, "KRW-SOL": {"signal": 0, "current_price": 90.66, "ma200": 127.6252, "trend": "downtrend", "target_long": 91.736, "target_short": 86.384, "vol_surge": false, "vp_poc": 83.8604, "vp_vah": 85.826, "vp_val": 80.49080000000001}, "KRW-XRP": {"signal": 0, "current_price": 1.507, "ma200": 1.9011795, "trend": "downtrend", "target_long": 1.48506, "target_short": 1.42114, "vol_surge": false, "vp_poc": 1.35503, "vp_vah": 1.37351, "vp_val": 1.30883}, "KRW-DOGE": {"signal": 0, "current_price": 0.1014, "ma200": 0.13578675, "trend": "downtrend", "target_long": 0.10137800000000001, "target_short": 0.097042, "vol_surge": false, "vp_poc": 0.0924011, "vp_vah": 0.0948617, "vp_val": 0.0902139}, "KRW-LINK": {"signal": 0, "current_price": 9.861, "ma200": 12.605455, "trend": "downtrend", "target_long": 9.822600000000001, "target_short": 9.3794, "vol_surge": false, "vp_poc": 8.74709, "vp_vah": 9.28245, "vp_val": 8.61325}, "KRW-SUI": {"signal": 0, "current_price": 1.0395, "ma200": 1.5700095000000003, "trend": "downtrend", "target_long": 1.0248599999999999, "target_short": 0.9757399999999999, "vol_surge": false, "vp_poc": 0.871051, "vp_vah": 0.9515829999999998, "vp_val": 0.848681}}}