{"okx": {"KRW-BTC": {"signal": 0, "current_price": 78931.4, "ma200": 85909.0025, "trend": "downtrend", "target_long": 77181.09999999999, "target_short": 75478.3, "vol_surge": false, "vp_poc": 74928.373, "vp_vah": 76476.601, "vp_val": 70799.765}, "KRW-ETH": {"signal": 0, "current_price": 2397.57, "ma200": 2824.5983, "trend": "downtrend", "target_long": 2349.748, "target_short": 2305.412, "vol_surge": false, "vp_poc": 2319.3678, "vp_vah": 2390.4622, "vp_val": 2194.9526}, "KRW-BNB": {"signal": 0, "current_price": 648.8, "ma200": 824.1845, "trend": "downtrend", "target_long": 638.0400000000001, "target_short": 625.16, "vol_surge": false, "vp_poc": 617.28, "vp_vah": 633.12, "vp_val": 597.12}, "KRW-SOL": {"signal": 0, "current_price": 88.35, "ma200": 124.13130000000001, "trend": "downtrend", "target_long": 87.082, "target_short": 85.018, "vol_surge": false, "vp_poc": 84.43639999999999, "vp_vah": 86.9084, "vp_val": 81.47}, "KRW-XRP": {"signal": 0, "current_price": 1.4543, "ma200": 1.8625055000000001, "trend": "downtrend", "target_long": 1.44866, "target_short": 1.41834, "vol_surge": false, "vp_poc": 1.35503, "vp_vah": 1.41509, "vp_val": 1.3042099999999999}, "KRW-DOGE": {"signal": 0, "current_price": 0.09778, "ma200": 0.13189174999999997, "trend": "downtrend", "target_long": 0.09613, "target_short": 0.09425, "vol_surge": false, "vp_poc": 0.0930742, "vp_vah": 0.0963138, "vp_val": 0.0908314}, "KRW-LINK": {"signal": 0, "current_price": 9.484, "ma200": 12.280855, "trend": "downtrend", "target_long": 9.4992, "target_short": 9.3008, "vol_surge": false, "vp_poc": 9.130770000000002, "vp_vah": 9.46461, "vp_val": 8.880390000000002}, "KRW-SUI": {"signal": 0, "current_price": 0.9692, "ma200": 1.505655, "trend": "downtrend", "target_long": 0.96414, "target_short": 0.93486, "vol_surge": false, "vp_poc": 0.954591, "vp_vah": 0.979347, "vp_val": 0.9009529999999999}}}