{"okx": {"KRW-BTC": {"signal": 0, "current_price": 81046.7, "ma200": 82131.2395, "trend": "downtrend", "target_long": 80346.3, "target_short": 78294.7, "vol_surge": false, "vp_poc": 80393.527, "vp_vah": 81657.255, "vp_val": 77550.139}, "KRW-ETH": {"signal": 0, "current_price": 2288.92, "ma200": 2630.06175, "trend": "downtrend", "target_long": 2294.48, "target_short": 2223.0800000000004, "vol_surge": false, "vp_poc": 2311.8419999999996, "vp_vah": 2360.6484, "vp_val": 2267.1027999999997}, "KRW-BNB": {"signal": 0, "current_price": 679.3, "ma200": 766.3965000000001, "trend": "downtrend", "target_long": 680.46, "target_short": 662.94, "vol_surge": false, "vp_poc": 619.941, "vp_vah": 656.277, "vp_val": 615.3990000000001}, "KRW-SOL": {"signal": 0, "current_price": 92.54, "ma200": 111.93619999999999, "trend": "downtrend", "target_long": 93.44, "target_short": 88.88, "vol_surge": false, "vp_poc": 84.29489999999998, "vp_vah": 92.1011, "vp_val": 83.2767}, "KRW-XRP": {"signal": 0, "current_price": 1.4677, "ma200": 1.737706, "trend": "downtrend", "target_long": 1.45034, "target_short": 1.40426, "vol_surge": false, "vp_poc": 1.4188450000000001, "vp_vah": 1.4512650000000002, "vp_val": 1.3831830000000003}, "KRW-DOGE": {"signal": 0, "current_price": 0.11486, "ma200": 0.12060509999999999, "trend": "downtrend", "target_long": 0.1147, "target_short": 0.11062, "vol_surge": false, "vp_poc": 0.1083539, "vp_vah": 0.11484029999999999, "vp_val": 0.1059215}, "KRW-LINK": {"signal": 0, "current_price": 10.513, "ma200": 11.270175, "trend": "downtrend", "target_long": 10.5218, "target_short": 9.9122, "vol_surge": false, "vp_poc": 9.16506, "vp_vah": 10.224540000000001, "vp_val": 9.04734}, "KRW-SUI": {"signal": 0, "current_price": 1.2233, "ma200": 1.3095175000000001, "trend": "downtrend", "target_long": 1.2432, "target_short": 1.1727999999999998, "vol_surge": false, "vp_poc": 0.9187609999999999, "vp_vah": 1.2487869999999999, "vp_val": 0.908115}}}