{"okx": {"KRW-BTC": {"signal": 2, "current_price": 66394.0, "ma200": 91552.114, "trend": "downtrend", "target_long": 70142.23999999999, "target_short": 67512.16, "vol_surge": false, "vp_poc": 70502.185, "vp_vah": 71957.55500000001, "vp_val": 67591.445}, "KRW-ETH": {"signal": 2, "current_price": 1984.06, "ma200": 3104.6364000000003, "trend": "downtrend", "target_long": 2115.4, "target_short": 2004.9199999999998, "vol_surge": false, "vp_poc": 2077.0305, "vp_vah": 2201.1103000000003, "vp_val": 2000.6736999999998}, "KRW-BNB": {"signal": 2, "current_price": 609.4, "ma200": 873.3715, "trend": "downtrend", "target_long": 639.46, "target_short": 618.74, "vol_surge": false, "vp_poc": 645.0350000000001, "vp_vah": 662.7450000000001, "vp_val": 620.885}, "KRW-SOL": {"signal": 2, "current_price": 83.12, "ma200": 142.587, "trend": "downtrend", "target_long": 89.15, "target_short": 83.91, "vol_surge": false, "vp_poc": 87.0377, "vp_vah": 92.2667, "vp_val": 85.29469999999999}, "KRW-XRP": {"signal": 2, "current_price": 1.3386, "ma200": 2.0690775, "trend": "downtrend", "target_long": 1.39294, "target_short": 1.32886, "vol_surge": false, "vp_poc": 1.4044660000000002, "vp_vah": 1.461546, "vp_val": 1.353094}, "KRW-DOGE": {"signal": 2, "current_price": 0.09011, "ma200": 0.15279565, "trend": "downtrend", "target_long": 0.094332, "target_short": 0.089748, "vol_surge": false, "vp_poc": 0.094623, "vp_vah": 0.0978522, "vp_val": 0.0899586}, "KRW-LINK": {"signal": 2, "current_price": 8.58, "ma200": 14.070785, "trend": "downtrend", "target_long": 9.1446, "target_short": 8.6814, "vol_surge": false, "vp_poc": 9.049710000000001, "vp_vah": 9.52263, "vp_val": 8.74569}, "KRW-SUI": {"signal": 2, "current_price": 0.8899, "ma200": 1.8431434999999998, "trend": "downtrend", "target_long": 0.95012, "target_short": 0.90108, "vol_surge": false, "vp_poc": 0.9595849999999999, "vp_vah": 1.029825, "vp_val": 0.928855}}}