{"okx": {"KRW-BTC": {"signal": 2, "current_price": 73890.2, "ma200": 87361.84, "trend": "downtrend", "target_long": 75046.76000000001, "target_short": 73250.84, "vol_surge": false, "vp_poc": 66878.177, "vp_vah": 71960.303, "vp_val": 65773.367}, "KRW-ETH": {"signal": 0, "current_price": 2318.94, "ma200": 2893.9671499999995, "trend": "downtrend", "target_long": 2367.112, "target_short": 2277.4880000000003, "vol_surge": false, "vp_poc": 2067.1877999999997, "vp_vah": 2238.9582, "vp_val": 1990.8454}, "KRW-BNB": {"signal": 0, "current_price": 617.6, "ma200": 839.435, "trend": "downtrend", "target_long": 619.76, "target_short": 608.24, "vol_surge": false, "vp_poc": 611.804, "vp_vah": 620.3720000000001, "vp_val": 598.3399999999999}, "KRW-SOL": {"signal": 2, "current_price": 83.17, "ma200": 128.83575000000002, "trend": "downtrend", "target_long": 85.444, "target_short": 81.956, "vol_surge": false, "vp_poc": 83.8175, "vp_vah": 85.7885, "vp_val": 81.18950000000001}, "KRW-XRP": {"signal": 2, "current_price": 1.357, "ma200": 1.9149365, "trend": "downtrend", "target_long": 1.37906, "target_short": 1.3443399999999999, "vol_surge": false, "vp_poc": 1.352951, "vp_vah": 1.364721, "vp_val": 1.317641}, "KRW-DOGE": {"signal": 0, "current_price": 0.09299, "ma200": 0.13713505, "trend": "downtrend", "target_long": 0.095236, "target_short": 0.09072399999999999, "vol_surge": false, "vp_poc": 0.09243950000000001, "vp_vah": 0.09385489999999999, "vp_val": 0.0904175}, "KRW-LINK": {"signal": 0, "current_price": 9.064, "ma200": 12.724210000000001, "trend": "downtrend", "target_long": 9.203800000000001, "target_short": 8.8382, "vol_surge": false, "vp_poc": 8.7539, "vp_vah": 9.101659999999999, "vp_val": 8.530339999999999}, "KRW-SUI": {"signal": 0, "current_price": 0.9379, "ma200": 1.5924945000000001, "trend": "downtrend", "target_long": 0.94806, "target_short": 0.91694, "vol_surge": false, "vp_poc": 0.872004, "vp_vah": 0.932348, "vp_val": 0.846596}}}