{"okx": {"KRW-BTC": {"signal": 0, "current_price": 60430.2, "ma200": 75558.5845, "trend": "downtrend", "target_long": 60237.96000000001, "target_short": 58913.64, "vol_surge": false, "vp_poc": 63532.1, "vp_vah": 66289.1, "vp_val": 60958.9}, "KRW-ETH": {"signal": 0, "current_price": 1623.6, "ma200": 2303.3920000000003, "trend": "downtrend", "target_long": 1588.4060000000002, "target_short": 1555.5339999999999, "vol_surge": false, "vp_poc": 1711.0824000000002, "vp_vah": 1778.5544, "vp_val": 1630.116}, "KRW-BNB": {"signal": 0, "current_price": 561.3, "ma200": 692.8365000000001, "trend": "downtrend", "target_long": 556.44, "target_short": 545.96, "vol_surge": false, "vp_poc": 588.1320000000001, "vp_vah": 625.412, "vp_val": 571.356}, "KRW-SOL": {"signal": 0, "current_price": 75.58, "ma200": 94.88195, "trend": "downtrend", "target_long": 72.47200000000001, "target_short": 70.328, "vol_surge": true, "vp_poc": 72.3823, "vp_vah": 74.6431, "vp_val": 67.5781}, "KRW-XRP": {"signal": 0, "current_price": 1.069, "ma200": 1.5042965000000001, "trend": "downtrend", "target_long": 1.0585799999999999, "target_short": 1.0384200000000001, "vol_surge": false, "vp_poc": 1.1370900000000002, "vp_vah": 1.159826, "vp_val": 1.0290940000000002}, "KRW-DOGE": {"signal": 0, "current_price": 0.07388, "ma200": 0.10475580000000001, "trend": "downtrend", "target_long": 0.074216, "target_short": 0.072184, "vol_surge": false, "vp_poc": 0.08805480000000002, "vp_vah": 0.0922788, "vp_val": 0.07833960000000001}, "KRW-LINK": {"signal": 0, "current_price": 7.467, "ma200": 9.875515, "trend": "downtrend", "target_long": 7.3468, "target_short": 7.1892, "vol_surge": false, "vp_poc": 7.86071, "vp_vah": 8.053550000000001, "vp_val": 7.25005}, "KRW-SUI": {"signal": 0, "current_price": 0.7052, "ma200": 1.0867095, "trend": "downtrend", "target_long": 0.68994, "target_short": 0.67306, "vol_surge": false, "vp_poc": 0.702704, "vp_vah": 0.763088, "vp_val": 0.670736}}}