{"okx": {"KRW-BTC": {"signal": 0, "current_price": 66983.4, "ma200": 89632.50649999999, "trend": "downtrend", "target_long": 67396.44, "target_short": 66523.56, "vol_surge": false, "vp_poc": 66872.006, "vp_vah": 71056.49, "vp_val": 66211.298}, "KRW-ETH": {"signal": 2, "current_price": 2053.57, "ma200": 3006.1267, "trend": "downtrend", "target_long": 2070.728, "target_short": 2037.312, "vol_surge": false, "vp_poc": 2167.2837, "vp_vah": 2194.2159, "vp_val": 2005.6905}, "KRW-BNB": {"signal": 0, "current_price": 591.2, "ma200": 860.797, "trend": "downtrend", "target_long": 591.48, "target_short": 584.9200000000001, "vol_surge": false, "vp_poc": 644.447, "vp_vah": 656.1370000000001, "vp_val": 597.687}, "KRW-SOL": {"signal": 0, "current_price": 80.31, "ma200": 136.50905, "trend": "downtrend", "target_long": 81.206, "target_short": 79.574, "vol_surge": false, "vp_poc": 88.6529, "vp_vah": 95.36330000000001, "vp_val": 82.7813}, "KRW-XRP": {"signal": 0, "current_price": 1.3189, "ma200": 2.00088, "trend": "downtrend", "target_long": 1.33112, "target_short": 1.30528, "vol_surge": false, "vp_poc": 1.342392, "vp_vah": 1.453504, "vp_val": 1.309712}, "KRW-DOGE": {"signal": 0, "current_price": 0.09131, "ma200": 0.1458302, "trend": "downtrend", "target_long": 0.092614, "target_short": 0.09048600000000001, "vol_surge": false, "vp_poc": 0.09204, "vp_vah": 0.095692, "vp_val": 0.08938399999999999}, "KRW-LINK": {"signal": 0, "current_price": 8.666, "ma200": 13.455250000000001, "trend": "downtrend", "target_long": 8.7474, "target_short": 8.5706, "vol_surge": false, "vp_poc": 9.19405, "vp_vah": 9.30715, "vp_val": 8.44005}, "KRW-SUI": {"signal": 0, "current_price": 0.8735, "ma200": 1.7323035000000002, "trend": "downtrend", "target_long": 0.88498, "target_short": 0.8624200000000001, "vol_surge": false, "vp_poc": 0.869969, "vp_vah": 0.9760089999999999, "vp_val": 0.843459}}}