{"okx": {"KRW-BTC": {"signal": 0, "current_price": 73640.8, "ma200": 79558.50850000001, "trend": "downtrend", "target_long": 74265.2, "target_short": 73501.2, "vol_surge": false, "vp_poc": 76991.84700000001, "vp_vah": 80998.68900000001, "vp_val": 75465.431}, "KRW-ETH": {"signal": 0, "current_price": 2001.36, "ma200": 2498.5189499999997, "trend": "downtrend", "target_long": 2034.606, "target_short": 2010.374, "vol_surge": false, "vp_poc": 2105.7533000000003, "vp_vah": 2150.5241, "vp_val": 1971.4409}, "KRW-BNB": {"signal": 0, "current_price": 710.2, "ma200": 735.3635, "trend": "downtrend", "target_long": 753.38, "target_short": 684.42, "vol_surge": true, "vp_poc": 657.675, "vp_vah": 685.875, "vp_val": 636.5249999999999}, "KRW-SOL": {"signal": 0, "current_price": 81.79, "ma200": 104.47630000000001, "trend": "downtrend", "target_long": 83.26799999999999, "target_short": 82.212, "vol_surge": false, "vp_poc": 85.4884, "vp_vah": 87.6052, "vp_val": 80.5492}, "KRW-XRP": {"signal": 0, "current_price": 1.328, "ma200": 1.647661, "trend": "downtrend", "target_long": 1.35642, "target_short": 1.32578, "vol_surge": false, "vp_poc": 1.355344, "vp_vah": 1.428768, "vp_val": 1.304512}, "KRW-DOGE": {"signal": 0, "current_price": 0.09947, "ma200": 0.11417680000000001, "trend": "downtrend", "target_long": 0.101554, "target_short": 0.09970599999999999, "vol_surge": false, "vp_poc": 0.10292480000000001, "vp_vah": 0.1104456, "vp_val": 0.0971736}, "KRW-LINK": {"signal": 0, "current_price": 9.053, "ma200": 10.688695000000001, "trend": "downtrend", "target_long": 9.3104, "target_short": 9.077600000000002, "vol_surge": false, "vp_poc": 9.52032, "vp_vah": 9.84608, "vp_val": 8.950239999999999}, "KRW-SUI": {"signal": 0, "current_price": 0.8785, "ma200": 1.207779, "trend": "downtrend", "target_long": 0.91966, "target_short": 0.8973399999999999, "vol_surge": false, "vp_poc": 1.0482939999999998, "vp_vah": 1.1600860000000002, "vp_val": 0.91787}}}