{"okx": {"KRW-BTC": {"signal": 0, "current_price": 76364.7, "ma200": 84229.9655, "trend": "downtrend", "target_long": 76963.59999999999, "target_short": 74605.2, "vol_surge": false, "vp_poc": 77422.117, "vp_vah": 78499.969, "vp_val": 74727.487}, "KRW-ETH": {"signal": 0, "current_price": 2261.18, "ma200": 2745.3783500000004, "trend": "downtrend", "target_long": 2303.7799999999997, "target_short": 2202.38, "vol_surge": false, "vp_poc": 2317.59, "vp_vah": 2381.6099999999997, "vp_val": 2271.0299999999997}, "KRW-BNB": {"signal": 2, "current_price": 616.7, "ma200": 800.24, "trend": "downtrend", "target_long": 625.16, "target_short": 609.64, "vol_surge": false, "vp_poc": 627.432, "vp_vah": 639.096, "vp_val": 615.768}, "KRW-SOL": {"signal": 0, "current_price": 83.26, "ma200": 119.06040000000002, "trend": "downtrend", "target_long": 84.72800000000001, "target_short": 81.392, "vol_surge": false, "vp_poc": 86.11439999999999, "vp_vah": 87.0584, "vp_val": 83.09360000000001}, "KRW-XRP": {"signal": 2, "current_price": 1.3667, "ma200": 1.809777, "trend": "downtrend", "target_long": 1.3935199999999999, "target_short": 1.34528, "vol_surge": false, "vp_poc": 1.4278849999999998, "vp_vah": 1.4469349999999999, "vp_val": 1.363115}, "KRW-DOGE": {"signal": 0, "current_price": 0.10668, "ma200": 0.1266137, "trend": "downtrend", "target_long": 0.10928399999999999, "target_short": 0.098916, "vol_surge": false, "vp_poc": 0.09752029999999999, "vp_vah": 0.09971129999999999, "vp_val": 0.0927001}, "KRW-LINK": {"signal": 0, "current_price": 9.13, "ma200": 11.82558, "trend": "downtrend", "target_long": 9.314, "target_short": 8.91, "vol_surge": false, "vp_poc": 9.35931, "vp_vah": 9.47761, "vp_val": 9.07539}, "KRW-SUI": {"signal": 0, "current_price": 0.9073, "ma200": 1.415144, "trend": "downtrend", "target_long": 0.92966, "target_short": 0.88454, "vol_surge": false, "vp_poc": 0.9543099999999999, "vp_vah": 0.967254, "vp_val": 0.9154779999999999}}}