{"okx": {"KRW-ETH": {"signal": 0, "current_price": 1673.9, "ma200": 2415.4782, "trend": "downtrend", "target_long": 1682.152, "target_short": 1651.0479999999998, "vol_surge": false, "vp_poc": 1663.7975000000001, "vp_vah": 1867.8263, "vp_val": 1510.7759}, "KRW-BNB": {"signal": 2, "current_price": 603.6, "ma200": 717.2275, "trend": "downtrend", "target_long": 610.5799999999999, "target_short": 597.22, "vol_surge": false, "vp_poc": 600.116, "vp_vah": 687.1479999999999, "vp_val": 558.492}, "KRW-SOL": {"signal": 0, "current_price": 67.33, "ma200": 100.06605000000002, "trend": "downtrend", "target_long": 67.982, "target_short": 65.678, "vol_surge": false, "vp_poc": 66.715, "vp_vah": 74.64099999999999, "vp_val": 60.3742}, "KRW-XRP": {"signal": 0, "current_price": 1.1421, "ma200": 1.583459, "trend": "downtrend", "target_long": 1.14518, "target_short": 1.11982, "vol_surge": false, "vp_poc": 1.1350820000000001, "vp_vah": 1.268054, "vp_val": 1.052766}, "KRW-DOGE": {"signal": 0, "current_price": 0.0872, "ma200": 0.1099104, "trend": "downtrend", "target_long": 0.088956, "target_short": 0.08304399999999999, "vol_surge": false, "vp_poc": 0.0862792, "vp_vah": 0.0952008, "vp_val": 0.07788239999999999}, "KRW-LINK": {"signal": 0, "current_price": 7.955, "ma200": 10.343535, "trend": "downtrend", "target_long": 7.969, "target_short": 7.765, "vol_surge": false, "vp_poc": 7.88237, "vp_vah": 8.95797, "vp_val": 7.02189}, "KRW-SUI": {"signal": 0, "current_price": 0.7647, "ma200": 1.1544295, "trend": "downtrend", "target_long": 0.7611600000000001, "target_short": 0.7408399999999999, "vol_surge": false, "vp_poc": 0.75396, "vp_vah": 0.8584799999999999, "vp_val": 0.6735599999999999}}}