{"okx": {"KRW-BTC": {"signal": 0, "current_price": 75568.2, "ma200": 80687.2955, "trend": "downtrend", "target_long": 76558.38, "target_short": 74526.22, "vol_surge": false, "vp_poc": 80372.874, "vp_vah": 82018.958, "vp_val": 77529.638}, "KRW-ETH": {"signal": 0, "current_price": 2069.65, "ma200": 2554.28705, "trend": "downtrend", "target_long": 2099.782, "target_short": 2032.3980000000001, "vol_surge": false, "vp_poc": 2317.4282000000003, "vp_vah": 2420.0258000000003, "vp_val": 2148.875}, "KRW-BNB": {"signal": 0, "current_price": 651.5, "ma200": 747.6165000000001, "trend": "downtrend", "target_long": 656.86, "target_short": 644.14, "vol_surge": false, "vp_poc": 649.145, "vp_vah": 668.411, "vp_val": 634.3249999999999}, "KRW-SOL": {"signal": 0, "current_price": 84.47, "ma200": 107.53075000000001, "trend": "downtrend", "target_long": 85.954, "target_short": 82.866, "vol_surge": false, "vp_poc": 85.528, "vp_vah": 91.8784, "vp_val": 83.71360000000001}, "KRW-XRP": {"signal": 0, "current_price": 1.3349, "ma200": 1.6884305, "trend": "downtrend", "target_long": 1.35314, "target_short": 1.31626, "vol_surge": false, "vp_poc": 1.420341, "vp_vah": 1.468763, "vp_val": 1.376321}, "KRW-DOGE": {"signal": 0, "current_price": 0.10204, "ma200": 0.11708025, "trend": "downtrend", "target_long": 0.104464, "target_short": 0.100296, "vol_surge": false, "vp_poc": 0.1123178, "vp_vah": 0.11470620000000001, "vp_val": 0.10651739999999998}, "KRW-LINK": {"signal": 0, "current_price": 9.432, "ma200": 10.938809999999998, "trend": "downtrend", "target_long": 9.689, "target_short": 9.152999999999999, "vol_surge": false, "vp_poc": 9.535499999999999, "vp_vah": 10.319579999999998, "vp_val": 9.39294}, "KRW-SUI": {"signal": 0, "current_price": 1.0477, "ma200": 1.252142, "trend": "downtrend", "target_long": 1.08504, "target_short": 1.01176, "vol_surge": false, "vp_poc": 1.0781299999999998, "vp_vah": 1.22843, "vp_val": 0.9378499999999999}}}