{"okx": {"KRW-BTC": {"signal": 0, "current_price": 59699.9, "ma200": 75554.933, "trend": "downtrend", "target_long": 60237.96000000001, "target_short": 58913.64, "vol_surge": false, "vp_poc": 63532.1, "vp_vah": 66289.1, "vp_val": 61142.7}, "KRW-ETH": {"signal": 0, "current_price": 1577.52, "ma200": 2303.1616, "trend": "downtrend", "target_long": 1588.4060000000002, "target_short": 1555.5339999999999, "vol_surge": false, "vp_poc": 1711.0824000000002, "vp_vah": 1778.5544, "vp_val": 1630.116}, "KRW-BNB": {"signal": 0, "current_price": 551.7, "ma200": 692.7885000000001, "trend": "downtrend", "target_long": 556.44, "target_short": 545.96, "vol_surge": false, "vp_poc": 588.1320000000001, "vp_vah": 623.548, "vp_val": 571.356}, "KRW-SOL": {"signal": 0, "current_price": 73.41, "ma200": 94.87110000000001, "trend": "downtrend", "target_long": 72.47200000000001, "target_short": 70.328, "vol_surge": false, "vp_poc": 72.3802, "vp_vah": 74.30380000000001, "vp_val": 67.7086}, "KRW-XRP": {"signal": 0, "current_price": 1.0461, "ma200": 1.5041820000000001, "trend": "downtrend", "target_long": 1.0585799999999999, "target_short": 1.0384200000000001, "vol_surge": false, "vp_poc": 1.1370900000000002, "vp_vah": 1.159826, "vp_val": 1.0234100000000002}, "KRW-DOGE": {"signal": 2, "current_price": 0.07262, "ma200": 0.1047495, "trend": "downtrend", "target_long": 0.074216, "target_short": 0.072184, "vol_surge": false, "vp_poc": 0.08805480000000002, "vp_vah": 0.0922788, "vp_val": 0.078762}, "KRW-LINK": {"signal": 0, "current_price": 7.313, "ma200": 9.874744999999999, "trend": "downtrend", "target_long": 7.3468, "target_short": 7.1892, "vol_surge": false, "vp_poc": 7.86071, "vp_vah": 8.182110000000002, "vp_val": 7.31433}, "KRW-SUI": {"signal": 0, "current_price": 0.6923, "ma200": 1.086645, "trend": "downtrend", "target_long": 0.68994, "target_short": 0.67306, "vol_surge": false, "vp_poc": 0.699152, "vp_vah": 0.76664, "vp_val": 0.670736}}}