{"okx": {"KRW-BTC": {"signal": 0, "current_price": 66755.5, "ma200": 91328.23150000001, "trend": "downtrend", "target_long": 67854.29999999999, "target_short": 64953.49999999999, "vol_surge": false, "vp_poc": 70681.17800000001, "vp_vah": 71935.44200000001, "vp_val": 67545.51800000001}, "KRW-ETH": {"signal": 0, "current_price": 2020.32, "ma200": 3093.2309000000005, "trend": "downtrend", "target_long": 2037.014, "target_short": 1948.606, "vol_surge": false, "vp_poc": 2070.9547000000002, "vp_vah": 2199.2983, "vp_val": 2015.9503}, "KRW-BNB": {"signal": 0, "current_price": 615.2, "ma200": 872.0714999999999, "trend": "downtrend", "target_long": 624.5, "target_short": 603.7, "vol_surge": false, "vp_poc": 644.399, "vp_vah": 664.0070000000001, "vp_val": 623.157}, "KRW-SOL": {"signal": 0, "current_price": 83.26, "ma200": 141.91705, "trend": "downtrend", "target_long": 85.176, "target_short": 81.02399999999999, "vol_surge": false, "vp_poc": 86.8629, "vp_vah": 92.0245, "vp_val": 84.9273}, "KRW-XRP": {"signal": 0, "current_price": 1.3482, "ma200": 2.0610175, "trend": "downtrend", "target_long": 1.3476400000000002, "target_short": 1.30396, "vol_surge": false, "vp_poc": 1.407759, "vp_vah": 1.4655390000000001, "vp_val": 1.355757}, "KRW-DOGE": {"signal": 0, "current_price": 0.0937, "ma200": 0.15206105, "trend": "downtrend", "target_long": 0.091492, "target_short": 0.08874800000000001, "vol_surge": false, "vp_poc": 0.09473129999999999, "vp_vah": 0.0978293, "vp_val": 0.09008429999999999}, "KRW-LINK": {"signal": 0, "current_price": 8.613, "ma200": 13.998524999999999, "trend": "downtrend", "target_long": 8.767800000000001, "target_short": 8.3702, "vol_surge": false, "vp_poc": 9.04195, "vp_vah": 9.521049999999999, "vp_val": 8.78643}, "KRW-SUI": {"signal": 0, "current_price": 0.8845, "ma200": 1.830177, "trend": "downtrend", "target_long": 0.9059400000000001, "target_short": 0.85546, "vol_surge": false, "vp_poc": 0.9665600000000001, "vp_vah": 1.035296, "vp_val": 0.9321919999999999}}}