{"okx": {"KRW-BTC": {"signal": 2, "current_price": 63330.5, "ma200": 73319.12299999999, "trend": "downtrend", "target_long": 64330.340000000004, "target_short": 63331.46, "vol_surge": false, "vp_poc": 63029.102, "vp_vah": 64898.846000000005, "vp_val": 60536.11}, "KRW-ETH": {"signal": 2, "current_price": 1828.0, "ma200": 2196.00245, "trend": "downtrend", "target_long": 1893.5400000000002, "target_short": 1835.74, "vol_surge": false, "vp_poc": 1759.1755, "vp_vah": 1830.8785, "vp_val": 1719.3405}, "KRW-BNB": {"signal": 2, "current_price": 562.3, "ma200": 667.2355, "trend": "downtrend", "target_long": 578.1, "target_short": 566.9, "vol_surge": false, "vp_poc": 575.978, "vp_vah": 584.97, "vp_val": 560.242}, "KRW-SOL": {"signal": 2, "current_price": 74.65, "ma200": 90.6153, "trend": "downtrend", "target_long": 76.374, "target_short": 74.286, "vol_surge": false, "vp_poc": 77.2825, "vp_vah": 81.27250000000001, "vp_val": 73.5775}, "KRW-XRP": {"signal": 2, "current_price": 1.083, "ma200": 1.432466, "trend": "downtrend", "target_long": 1.10018, "target_short": 1.07402, "vol_surge": false, "vp_poc": 1.101378, "vp_vah": 1.12733, "vp_val": 1.049474}, "KRW-DOGE": {"signal": 2, "current_price": 0.07206, "ma200": 0.09980385, "trend": "downtrend", "target_long": 0.073308, "target_short": 0.07141199999999999, "vol_surge": false, "vp_poc": 0.07335710000000001, "vp_vah": 0.0755329, "vp_val": 0.0715769}, "KRW-LINK": {"signal": 2, "current_price": 8.15, "ma200": 9.45391, "trend": "downtrend", "target_long": 8.4438, "target_short": 8.238199999999999, "vol_surge": false, "vp_poc": 7.92845, "vp_vah": 8.14671, "vp_val": 7.30485}, "KRW-SUI": {"signal": 2, "current_price": 0.7338, "ma200": 1.0216225, "trend": "downtrend", "target_long": 0.75204, "target_short": 0.7259599999999999, "vol_surge": false, "vp_poc": 0.74554, "vp_vah": 0.7657, "vp_val": 0.71642}}}