{"okx": {"KRW-BTC": {"signal": 0, "current_price": 79843.8, "ma200": 83570.76150000001, "trend": "downtrend", "target_long": 79131.96, "target_short": 78022.04, "vol_surge": true, "vp_poc": 77413.88500000001, "vp_vah": 78908.825, "vp_val": 75470.463}, "KRW-ETH": {"signal": 0, "current_price": 2346.74, "ma200": 2710.5369, "trend": "downtrend", "target_long": 2346.724, "target_short": 2299.5159999999996, "vol_surge": true, "vp_poc": 2321.0546999999997, "vp_vah": 2375.1021, "vp_val": 2286.6609}, "KRW-BNB": {"signal": 0, "current_price": 622.9, "ma200": 788.5435000000001, "trend": "downtrend", "target_long": 620.5600000000001, "target_short": 614.64, "vol_surge": true, "vp_poc": 619.319, "vp_vah": 636.001, "vp_val": 615.807}, "KRW-SOL": {"signal": 0, "current_price": 84.09, "ma200": 116.79039999999999, "trend": "downtrend", "target_long": 84.472, "target_short": 83.36800000000001, "vol_surge": false, "vp_poc": 84.6755, "vp_vah": 87.1013, "vp_val": 83.3693}, "KRW-XRP": {"signal": 0, "current_price": 1.3922, "ma200": 1.7883405, "trend": "downtrend", "target_long": 1.39712, "target_short": 1.3788799999999999, "vol_surge": false, "vp_poc": 1.4294890000000002, "vp_vah": 1.4458790000000001, "vp_val": 1.383597}, "KRW-DOGE": {"signal": 0, "current_price": 0.11018, "ma200": 0.1247756, "trend": "downtrend", "target_long": 0.109304, "target_short": 0.10729599999999999, "vol_surge": false, "vp_poc": 0.0982767, "vp_vah": 0.1046397, "vp_val": 0.09276209999999999}, "KRW-LINK": {"signal": 0, "current_price": 9.358, "ma200": 11.63707, "trend": "downtrend", "target_long": 9.192400000000001, "target_short": 9.0676, "vol_surge": true, "vp_poc": 9.36026, "vp_vah": 9.436900000000001, "vp_val": 9.09202}, "KRW-SUI": {"signal": 0, "current_price": 0.9294, "ma200": 1.3785944999999997, "trend": "downtrend", "target_long": 0.9279000000000001, "target_short": 0.9127, "vol_surge": false, "vp_poc": 0.9543099999999999, "vp_vah": 0.9640179999999999, "vp_val": 0.9154779999999999}}}