{"okx": {"KRW-BTC": {"signal": 2, "current_price": 70725.8, "ma200": 79298.0635, "trend": "downtrend", "target_long": 72781.14, "target_short": 70053.46, "vol_surge": false, "vp_poc": 77150.732, "vp_vah": 81450.86000000002, "vp_val": 74522.876}, "KRW-ETH": {"signal": 2, "current_price": 1997.92, "ma200": 2486.851, "trend": "downtrend", "target_long": 2032.566, "target_short": 1980.5339999999999, "vol_surge": false, "vp_poc": 2105.1844, "vp_vah": 2155.982, "vp_val": 2010.846}, "KRW-BNB": {"signal": 0, "current_price": 689.8, "ma200": 733.0685000000001, "trend": "downtrend", "target_long": 715.54, "target_short": 671.06, "vol_surge": false, "vp_poc": 657.675, "vp_vah": 704.675, "vp_val": 636.5249999999999}, "KRW-SOL": {"signal": 2, "current_price": 80.55, "ma200": 103.8705, "trend": "downtrend", "target_long": 82.876, "target_short": 79.684, "vol_surge": false, "vp_poc": 85.6675, "vp_vah": 87.4135, "vp_val": 81.8845}, "KRW-XRP": {"signal": 2, "current_price": 1.2816, "ma200": 1.6377484999999998, "trend": "downtrend", "target_long": 1.32208, "target_short": 1.27232, "vol_surge": false, "vp_poc": 1.3327520000000002, "vp_vah": 1.4061759999999999, "vp_val": 1.298864}, "KRW-DOGE": {"signal": 0, "current_price": 0.10036, "ma200": 0.1135812, "trend": "downtrend", "target_long": 0.1026, "target_short": 0.0996, "vol_surge": false, "vp_poc": 0.10071279999999999, "vp_vah": 0.1077912, "vp_val": 0.0971736}, "KRW-LINK": {"signal": 2, "current_price": 8.958, "ma200": 10.637440000000002, "trend": "downtrend", "target_long": 9.206999999999999, "target_short": 8.911, "vol_surge": false, "vp_poc": 9.548169999999999, "vp_vah": 9.82859, "vp_val": 9.10751}, "KRW-SUI": {"signal": 2, "current_price": 0.8683, "ma200": 1.1985355, "trend": "downtrend", "target_long": 0.8979, "target_short": 0.8615, "vol_surge": false, "vp_poc": 1.0507779999999998, "vp_vah": 1.157906, "vp_val": 0.935998}}}