{"okx": {"KRW-BTC": {"signal": 0, "current_price": 67109.1, "ma200": 89387.391, "trend": "downtrend", "target_long": 67610.88, "target_short": 66994.32, "vol_surge": false, "vp_poc": 67092.242, "vp_vah": 70836.254, "vp_val": 66211.298}, "KRW-ETH": {"signal": 0, "current_price": 2054.49, "ma200": 2993.5094, "trend": "downtrend", "target_long": 2081.5820000000003, "target_short": 2049.558, "vol_surge": false, "vp_poc": 2153.2936, "vp_vah": 2170.8392, "vp_val": 2012.9288}, "KRW-BNB": {"signal": 0, "current_price": 593.4, "ma200": 858.8225, "trend": "downtrend", "target_long": 597.42, "target_short": 589.58, "vol_surge": false, "vp_poc": 611.3299999999999, "vp_vah": 655.3340000000001, "vp_val": 602.066}, "KRW-SOL": {"signal": 0, "current_price": 80.35, "ma200": 135.68935, "trend": "downtrend", "target_long": 81.664, "target_short": 80.016, "vol_surge": false, "vp_poc": 88.6593, "vp_vah": 95.55109999999999, "vp_val": 82.57830000000001}, "KRW-XRP": {"signal": 2, "current_price": 1.3083, "ma200": 1.9919835000000001, "trend": "downtrend", "target_long": 1.32184, "target_short": 1.30896, "vol_surge": false, "vp_poc": 1.342392, "vp_vah": 1.440432, "vp_val": 1.309712}, "KRW-DOGE": {"signal": 0, "current_price": 0.09101, "ma200": 0.1448761, "trend": "downtrend", "target_long": 0.092992, "target_short": 0.09108799999999999, "vol_surge": false, "vp_poc": 0.09204, "vp_vah": 0.095028, "vp_val": 0.08971599999999999}, "KRW-LINK": {"signal": 0, "current_price": 8.636, "ma200": 13.378645, "trend": "downtrend", "target_long": 8.7612, "target_short": 8.626800000000001, "vol_surge": false, "vp_poc": 8.6515, "vp_vah": 9.23582, "vp_val": 8.50542}, "KRW-SUI": {"signal": 2, "current_price": 0.8625, "ma200": 1.7177494999999998, "trend": "downtrend", "target_long": 0.87962, "target_short": 0.86458, "vol_surge": false, "vp_poc": 0.875019, "vp_vah": 0.964745, "vp_val": 0.8486290000000001}}}