{"okx": {"KRW-BTC": {"signal": 0, "current_price": 80955.0, "ma200": 82748.3795, "trend": "downtrend", "target_long": 81054.06, "target_short": 80297.34, "vol_surge": false, "vp_poc": 78272.652, "vp_vah": 79394.948, "vp_val": 75386.748}, "KRW-ETH": {"signal": 0, "current_price": 2330.5, "ma200": 2663.5733499999997, "trend": "downtrend", "target_long": 2341.8619999999996, "target_short": 2310.998, "vol_surge": false, "vp_poc": 2320.1724, "vp_vah": 2377.2252, "vp_val": 2287.5708}, "KRW-BNB": {"signal": 0, "current_price": 651.9, "ma200": 775.362, "trend": "downtrend", "target_long": 653.9799999999999, "target_short": 645.82, "vol_surge": false, "vp_poc": 634.6700000000001, "vp_vah": 642.3140000000001, "vp_val": 616.106}, "KRW-SOL": {"signal": 0, "current_price": 93.98, "ma200": 113.94115, "trend": "downtrend", "target_long": 94.05799999999999, "target_short": 92.202, "vol_surge": false, "vp_poc": 84.49889999999999, "vp_vah": 88.2593, "vp_val": 83.1559}, "KRW-XRP": {"signal": 0, "current_price": 1.4351, "ma200": 1.7592010000000002, "trend": "downtrend", "target_long": 1.43006, "target_short": 1.41094, "vol_surge": false, "vp_poc": 1.419484, "vp_vah": 1.435836, "vp_val": 1.38678}, "KRW-DOGE": {"signal": 0, "current_price": 0.10835, "ma200": 0.12231489999999999, "trend": "downtrend", "target_long": 0.110038, "target_short": 0.10742199999999999, "vol_surge": false, "vp_poc": 0.1083787, "vp_vah": 0.11636529999999999, "vp_val": 0.09992229999999999}, "KRW-LINK": {"signal": 0, "current_price": 10.544, "ma200": 11.420675000000001, "trend": "downtrend", "target_long": 10.5064, "target_short": 10.2456, "vol_surge": false, "vp_poc": 9.369, "vp_vah": 9.811, "vp_val": 9.029}, "KRW-SUI": {"signal": 0, "current_price": 1.1448, "ma200": 1.3345884999999997, "trend": "downtrend", "target_long": 1.10512, "target_short": 1.03568, "vol_surge": true, "vp_poc": 0.946245, "vp_vah": 1.002545, "vp_val": 0.912465}}}