{"okx": {"KRW-BTC": {"signal": 0, "current_price": 76925.0, "ma200": 86994.386, "trend": "downtrend", "target_long": 76039.88, "target_short": 74254.12, "vol_surge": false, "vp_poc": 72546.51800000001, "vp_vah": 76858.81400000001, "vp_val": 68234.22200000001}, "KRW-ETH": {"signal": 0, "current_price": 2423.62, "ma200": 2876.2501500000003, "trend": "downtrend", "target_long": 2382.146, "target_short": 2314.154, "vol_surge": false, "vp_poc": 2090.0089, "vp_vah": 2285.6849, "vp_val": 2021.5223}, "KRW-BNB": {"signal": 0, "current_price": 641.7, "ma200": 835.7325, "trend": "downtrend", "target_long": 644.9599999999999, "target_short": 626.64, "vol_surge": false, "vp_poc": 611.27, "vp_vah": 621.21, "vp_val": 597.0699999999999}, "KRW-SOL": {"signal": 0, "current_price": 90.45, "ma200": 127.62415000000001, "trend": "downtrend", "target_long": 91.736, "target_short": 86.384, "vol_surge": false, "vp_poc": 84.01400000000001, "vp_vah": 85.946, "vp_val": 80.702}, "KRW-XRP": {"signal": 0, "current_price": 1.4767, "ma200": 1.901028, "trend": "downtrend", "target_long": 1.48506, "target_short": 1.42114, "vol_surge": false, "vp_poc": 1.3525779999999998, "vp_vah": 1.3685299999999998, "vp_val": 1.304722}, "KRW-DOGE": {"signal": 0, "current_price": 0.10124, "ma200": 0.13578595, "trend": "downtrend", "target_long": 0.10137800000000001, "target_short": 0.097042, "vol_surge": false, "vp_poc": 0.0923813, "vp_vah": 0.0948311, "vp_val": 0.0902037}, "KRW-LINK": {"signal": 0, "current_price": 9.779, "ma200": 12.605045, "trend": "downtrend", "target_long": 9.822600000000001, "target_short": 9.3794, "vol_surge": false, "vp_poc": 8.750800000000002, "vp_vah": 9.258959999999998, "vp_val": 8.62376}, "KRW-SUI": {"signal": 0, "current_price": 1.0283, "ma200": 1.5699535, "trend": "downtrend", "target_long": 1.0248599999999999, "target_short": 0.9757399999999999, "vol_surge": false, "vp_poc": 0.871775, "vp_vah": 0.9510810000000001, "vp_val": 0.8467309999999999}}}