{"okx": {"KRW-BTC": {"signal": 0, "current_price": 63848.2, "ma200": 73668.8455, "trend": "downtrend", "target_long": 63370.06, "target_short": 61294.14, "vol_surge": false, "vp_poc": 62982.075, "vp_vah": 64361.455, "vp_val": 60085.37700000001}, "KRW-ETH": {"signal": 0, "current_price": 1867.76, "ma200": 2212.0193000000004, "trend": "downtrend", "target_long": 1815.056, "target_short": 1738.2240000000002, "vol_surge": false, "vp_poc": 1760.5698, "vp_vah": 1842.1766, "vp_val": 1664.1254}, "KRW-BNB": {"signal": 0, "current_price": 579.3, "ma200": 671.433, "trend": "downtrend", "target_long": 574.7, "target_short": 560.7, "vol_surge": false, "vp_poc": 575.978, "vp_vah": 581.598, "vp_val": 554.6220000000001}, "KRW-SOL": {"signal": 0, "current_price": 76.97, "ma200": 91.34085, "trend": "downtrend", "target_long": 76.658, "target_short": 73.36200000000001, "vol_surge": false, "vp_poc": 77.4031, "vp_vah": 81.38910000000001, "vp_val": 70.6269}, "KRW-XRP": {"signal": 0, "current_price": 1.0983, "ma200": 1.4439315, "trend": "downtrend", "target_long": 1.08726, "target_short": 1.04774, "vol_surge": false, "vp_poc": 1.098399, "vp_vah": 1.115889, "vp_val": 1.028439}, "KRW-DOGE": {"signal": 0, "current_price": 0.07398, "ma200": 0.1005649, "trend": "downtrend", "target_long": 0.073308, "target_short": 0.07069199999999999, "vol_surge": false, "vp_poc": 0.07335710000000001, "vp_vah": 0.07612630000000001, "vp_val": 0.07197250000000001}, "KRW-LINK": {"signal": 0, "current_price": 8.299, "ma200": 9.515085, "trend": "downtrend", "target_long": 8.024799999999999, "target_short": 7.7512, "vol_surge": false, "vp_poc": 7.92739, "vp_vah": 8.16697, "vp_val": 7.34175}, "KRW-SUI": {"signal": 0, "current_price": 0.7661, "ma200": 1.032191, "trend": "downtrend", "target_long": 0.73788, "target_short": 0.70612, "vol_surge": false, "vp_poc": 0.731293, "vp_vah": 0.765431, "vp_val": 0.694529}}}