{"okx": {"KRW-BTC": {"signal": 0, "current_price": 71142.1, "ma200": 91991.04899999998, "trend": "downtrend", "target_long": 71547.9, "target_short": 69567.1, "vol_surge": false, "vp_poc": 70502.185, "vp_vah": 71749.645, "vp_val": 67383.535}, "KRW-ETH": {"signal": 0, "current_price": 2169.99, "ma200": 3127.4796, "trend": "downtrend", "target_long": 2185.602, "target_short": 2127.058, "vol_surge": false, "vp_poc": 2077.0305, "vp_vah": 2201.1103000000003, "vp_val": 1972.0399}, "KRW-BNB": {"signal": 0, "current_price": 644.8, "ma200": 875.953, "trend": "downtrend", "target_long": 643.9, "target_short": 633.1, "vol_surge": false, "vp_poc": 637.363, "vp_vah": 662.931, "vp_val": 621.383}, "KRW-SOL": {"signal": 0, "current_price": 92.46, "ma200": 143.84475, "trend": "downtrend", "target_long": 92.332, "target_short": 89.268, "vol_surge": false, "vp_poc": 87.3863, "vp_vah": 92.2667, "vp_val": 84.9461}, "KRW-XRP": {"signal": 0, "current_price": 1.4192, "ma200": 2.0848375, "trend": "downtrend", "target_long": 1.43646, "target_short": 1.3953399999999998, "vol_surge": false, "vp_poc": 1.387342, "vp_vah": 1.461546, "vp_val": 1.353094}, "KRW-DOGE": {"signal": 0, "current_price": 0.09645, "ma200": 0.1542385, "trend": "downtrend", "target_long": 0.09636, "target_short": 0.09384, "vol_surge": false, "vp_poc": 0.094623, "vp_vah": 0.0978522, "vp_val": 0.08959980000000001}, "KRW-LINK": {"signal": 0, "current_price": 9.312, "ma200": 14.21053, "trend": "downtrend", "target_long": 9.3518, "target_short": 9.142199999999999, "vol_surge": false, "vp_poc": 9.049710000000001, "vp_vah": 9.31995, "vp_val": 8.61057}, "KRW-SUI": {"signal": 0, "current_price": 0.9545, "ma200": 1.868477, "trend": "downtrend", "target_long": 0.9662000000000001, "target_short": 0.9393999999999999, "vol_surge": false, "vp_poc": 0.9595849999999999, "vp_vah": 1.038605, "vp_val": 0.928855}}}