{"okx": {"KRW-BTC": {"signal": 0, "current_price": 68709.4, "ma200": 90368.371, "trend": "downtrend", "target_long": 69313.09999999999, "target_short": 67242.7, "vol_surge": false, "vp_poc": 71056.49, "vp_vah": 71937.43400000001, "vp_val": 66651.77}, "KRW-ETH": {"signal": 0, "current_price": 2127.19, "ma200": 3043.38315, "trend": "downtrend", "target_long": 2150.5020000000004, "target_short": 2060.718, "vol_surge": false, "vp_poc": 2158.3063, "vp_vah": 2194.2159, "vp_val": 2014.6679}, "KRW-BNB": {"signal": 0, "current_price": 613.8, "ma200": 866.007, "trend": "downtrend", "target_long": 625.8199999999999, "target_short": 609.1800000000001, "vol_surge": false, "vp_poc": 639.364, "vp_vah": 677.6680000000001, "vp_val": 624.7719999999999}, "KRW-SOL": {"signal": 0, "current_price": 83.29, "ma200": 138.87664999999998, "trend": "downtrend", "target_long": 85.004, "target_short": 81.396, "vol_surge": false, "vp_poc": 88.4629, "vp_vah": 95.2273, "vp_val": 85.45649999999999}, "KRW-XRP": {"signal": 0, "current_price": 1.3529, "ma200": 2.026434, "trend": "downtrend", "target_long": 1.35944, "target_short": 1.32256, "vol_surge": false, "vp_poc": 1.404235, "vp_vah": 1.460413, "vp_val": 1.3293309999999998}, "KRW-DOGE": {"signal": 0, "current_price": 0.09268, "ma200": 0.1485475, "trend": "downtrend", "target_long": 0.093712, "target_short": 0.090928, "vol_surge": false, "vp_poc": 0.094696, "vp_vah": 0.097352, "vp_val": 0.08938399999999999}, "KRW-LINK": {"signal": 0, "current_price": 8.968, "ma200": 13.68137, "trend": "downtrend", "target_long": 8.9346, "target_short": 8.627400000000002, "vol_surge": false, "vp_poc": 9.118649999999999, "vp_vah": 9.495650000000001, "vp_val": 8.59085}, "KRW-SUI": {"signal": 0, "current_price": 0.8973, "ma200": 1.773376, "trend": "downtrend", "target_long": 0.8926, "target_short": 0.8638, "vol_surge": false, "vp_poc": 0.9494990000000001, "vp_vah": 1.071445, "vp_val": 0.912385}}}