{"okx": {"KRW-BTC": {"signal": 0, "current_price": 69223.6, "ma200": 89157.70800000001, "trend": "downtrend", "target_long": 70039.52, "target_short": 68020.48, "vol_surge": false, "vp_poc": 68964.126, "vp_vah": 70317.73000000001, "vp_val": 66063.546}, "KRW-ETH": {"signal": 0, "current_price": 2138.0, "ma200": 2981.53895, "trend": "downtrend", "target_long": 2150.7239999999997, "target_short": 2069.2760000000003, "vol_surge": false, "vp_poc": 2123.598, "vp_vah": 2172.9948, "vp_val": 2033.0371999999998}, "KRW-BNB": {"signal": 0, "current_price": 604.2, "ma200": 856.9765000000001, "trend": "downtrend", "target_long": 608.44, "target_short": 594.76, "vol_surge": false, "vp_poc": 639.44, "vp_vah": 652.112, "vp_val": 603.5360000000001}, "KRW-SOL": {"signal": 0, "current_price": 81.94, "ma200": 134.8692, "trend": "downtrend", "target_long": 83.334, "target_short": 80.446, "vol_surge": false, "vp_poc": 81.4375, "vp_vah": 89.3965, "vp_val": 79.1635}, "KRW-XRP": {"signal": 0, "current_price": 1.3393, "ma200": 1.9834050000000003, "trend": "downtrend", "target_long": 1.34782, "target_short": 1.30518, "vol_surge": false, "vp_poc": 1.3341979999999998, "vp_vah": 1.42389, "vp_val": 1.307818}, "KRW-DOGE": {"signal": 0, "current_price": 0.09223, "ma200": 0.1439511, "trend": "downtrend", "target_long": 0.093476, "target_short": 0.091284, "vol_surge": false, "vp_poc": 0.0919384, "vp_vah": 0.0944512, "vp_val": 0.089984}, "KRW-LINK": {"signal": 0, "current_price": 8.975, "ma200": 13.301295, "trend": "downtrend", "target_long": 8.979199999999999, "target_short": 8.6648, "vol_surge": false, "vp_poc": 8.83547, "vp_vah": 9.18167, "vp_val": 8.52389}, "KRW-SUI": {"signal": 0, "current_price": 0.8915, "ma200": 1.702796, "trend": "downtrend", "target_long": 0.88534, "target_short": 0.85686, "vol_surge": false, "vp_poc": 0.8725, "vp_vah": 0.9507000000000001, "vp_val": 0.8449}}}