{"okx": {"KRW-BTC": {"signal": 0, "current_price": 81639.1, "ma200": 82612.50050000001, "trend": "downtrend", "target_long": 83091.29999999999, "target_short": 81336.5, "vol_surge": false, "vp_poc": 78339.96900000001, "vp_vah": 80393.527, "vp_val": 76286.411}, "KRW-ETH": {"signal": 0, "current_price": 2329.39, "ma200": 2656.1378999999997, "trend": "downtrend", "target_long": 2400.012, "target_short": 2342.788, "vol_surge": false, "vp_poc": 2316.0972, "vp_vah": 2381.3004, "vp_val": 2295.7212}, "KRW-BNB": {"signal": 0, "current_price": 660.0, "ma200": 773.0864999999999, "trend": "downtrend", "target_long": 672.4, "target_short": 654.8000000000001, "vol_surge": true, "vp_poc": 634.524, "vp_vah": 648.156, "vp_val": 615.212}, "KRW-SOL": {"signal": 0, "current_price": 97.06, "ma200": 113.4821, "trend": "downtrend", "target_long": 98.172, "target_short": 94.74799999999999, "vol_surge": false, "vp_poc": 84.5583, "vp_vah": 89.1979, "vp_val": 83.2327}, "KRW-XRP": {"signal": 0, "current_price": 1.4703, "ma200": 1.754771, "trend": "downtrend", "target_long": 1.51208, "target_short": 1.43512, "vol_surge": false, "vp_poc": 1.4188450000000001, "vp_vah": 1.4447809999999999, "vp_val": 1.3831830000000003}, "KRW-DOGE": {"signal": 0, "current_price": 0.11108, "ma200": 0.12191615, "trend": "downtrend", "target_long": 0.11503200000000001, "target_short": 0.109888, "vol_surge": false, "vp_poc": 0.1084159, "vp_vah": 0.11640429999999999, "vp_val": 0.1004275}, "KRW-LINK": {"signal": 0, "current_price": 10.579, "ma200": 11.387295, "trend": "downtrend", "target_long": 10.9558, "target_short": 10.482199999999999, "vol_surge": false, "vp_poc": 9.16506, "vp_vah": 9.949860000000001, "vp_val": 9.04734}, "KRW-SUI": {"signal": 0, "current_price": 1.2963, "ma200": 1.329864, "trend": "downtrend", "target_long": 1.47204, "target_short": 1.19276, "vol_surge": true, "vp_poc": 0.950699, "vp_vah": 1.206203, "vp_val": 0.908115}}}