{"okx": {"KRW-BTC": {"signal": 0, "current_price": 81495.1, "ma200": 81968.3475, "trend": "downtrend", "target_long": 82341.68000000001, "target_short": 79828.31999999999, "vol_surge": false, "vp_poc": 80393.527, "vp_vah": 81973.187, "vp_val": 78024.03700000001}, "KRW-ETH": {"signal": 0, "current_price": 2290.14, "ma200": 2620.8838499999997, "trend": "downtrend", "target_long": 2315.868, "target_short": 2251.332, "vol_surge": false, "vp_poc": 2311.8419999999996, "vp_vah": 2356.5811999999996, "vp_val": 2263.0356}, "KRW-BNB": {"signal": 0, "current_price": 683.0, "ma200": 764.1125, "trend": "downtrend", "target_long": 687.1200000000001, "target_short": 669.28, "vol_surge": false, "vp_poc": 620.1880000000001, "vp_vah": 657.436, "vp_val": 615.5319999999999}, "KRW-SOL": {"signal": 0, "current_price": 92.31, "ma200": 111.40245, "trend": "downtrend", "target_long": 93.714, "target_short": 90.626, "vol_surge": false, "vp_poc": 84.29489999999998, "vp_vah": 92.44049999999999, "vp_val": 83.2767}, "KRW-XRP": {"signal": 0, "current_price": 1.4947, "ma200": 1.7320960000000003, "trend": "downtrend", "target_long": 1.53702, "target_short": 1.43358, "vol_surge": false, "vp_poc": 1.421491, "vp_vah": 1.458265, "vp_val": 1.3806310000000002}, "KRW-DOGE": {"signal": 0, "current_price": 0.11708, "ma200": 0.12019155000000001, "trend": "downtrend", "target_long": 0.118102, "target_short": 0.112798, "vol_surge": false, "vp_poc": 0.10836989999999999, "vp_vah": 0.11491889999999999, "vp_val": 0.10575029999999999}, "KRW-LINK": {"signal": 0, "current_price": 10.511, "ma200": 11.231505, "trend": "downtrend", "target_long": 10.753400000000001, "target_short": 10.2126, "vol_surge": false, "vp_poc": 9.16506, "vp_vah": 10.26378, "vp_val": 9.04734}, "KRW-SUI": {"signal": 0, "current_price": 1.1944, "ma200": 1.3022604999999998, "trend": "downtrend", "target_long": 1.2061199999999999, "target_short": 1.17028, "vol_surge": false, "vp_poc": 0.9187609999999999, "vp_vah": 1.2487869999999999, "vp_val": 0.908115}}}