{"okx": {"KRW-BTC": {"signal": 0, "current_price": 77997.2, "ma200": 84997.65399999998, "trend": "downtrend", "target_long": 77919.7, "target_short": 77319.3, "vol_surge": false, "vp_poc": 74886.742, "vp_vah": 78406.402, "vp_val": 72540.30200000001}, "KRW-ETH": {"signal": 0, "current_price": 2330.79, "ma200": 2780.1002000000003, "trend": "downtrend", "target_long": 2328.7, "target_short": 2310.74, "vol_surge": false, "vp_poc": 2315.8207, "vp_vah": 2388.8809, "vp_val": 2226.5249}, "KRW-BNB": {"signal": 0, "current_price": 630.7, "ma200": 811.7754999999999, "trend": "downtrend", "target_long": 633.1600000000001, "target_short": 624.04, "vol_surge": false, "vp_poc": 632.616, "vp_vah": 640.392, "vp_val": 607.992}, "KRW-SOL": {"signal": 0, "current_price": 86.55, "ma200": 121.29934999999999, "trend": "downtrend", "target_long": 86.682, "target_short": 85.658, "vol_surge": false, "vp_poc": 85.6724, "vp_vah": 86.9084, "vp_val": 82.9532}, "KRW-XRP": {"signal": 0, "current_price": 1.4268, "ma200": 1.832548, "trend": "downtrend", "target_long": 1.4317, "target_short": 1.4164999999999999, "vol_surge": false, "vp_poc": 1.352923, "vp_vah": 1.4302869999999999, "vp_val": 1.3228369999999998}, "KRW-DOGE": {"signal": 0, "current_price": 0.09834, "ma200": 0.12873365, "trend": "downtrend", "target_long": 0.09868, "target_short": 0.09732, "vol_surge": false, "vp_poc": 0.09454699999999999, "vp_vah": 0.097693, "vp_val": 0.092369}, "KRW-LINK": {"signal": 0, "current_price": 9.426, "ma200": 12.018315, "trend": "downtrend", "target_long": 9.41, "target_short": 9.282, "vol_surge": false, "vp_poc": 9.36295, "vp_vah": 9.44065, "vp_val": 8.974450000000001}, "KRW-SUI": {"signal": 0, "current_price": 0.944, "ma200": 1.45354, "trend": "downtrend", "target_long": 0.9481999999999999, "target_short": 0.9298, "vol_surge": false, "vp_poc": 0.9528949999999999, "vp_vah": 0.9713449999999999, "vp_val": 0.923375}}}