{"okx": {"KRW-BTC": {"signal": 0, "current_price": 80824.9, "ma200": 82747.72899999999, "trend": "downtrend", "target_long": 81054.06, "target_short": 80297.34, "vol_surge": false, "vp_poc": 78272.652, "vp_vah": 79394.948, "vp_val": 75386.748}, "KRW-ETH": {"signal": 0, "current_price": 2321.92, "ma200": 2663.5304499999997, "trend": "downtrend", "target_long": 2341.8619999999996, "target_short": 2310.998, "vol_surge": false, "vp_poc": 2320.1724, "vp_vah": 2377.2252, "vp_val": 2287.5708}, "KRW-BNB": {"signal": 0, "current_price": 649.7, "ma200": 775.3510000000001, "trend": "downtrend", "target_long": 653.9799999999999, "target_short": 645.82, "vol_surge": false, "vp_poc": 634.6700000000001, "vp_vah": 642.3140000000001, "vp_val": 616.106}, "KRW-SOL": {"signal": 0, "current_price": 93.44, "ma200": 113.93844999999999, "trend": "downtrend", "target_long": 94.05799999999999, "target_short": 92.202, "vol_surge": false, "vp_poc": 84.49889999999999, "vp_vah": 88.2593, "vp_val": 83.1559}, "KRW-XRP": {"signal": 0, "current_price": 1.423, "ma200": 1.7591405, "trend": "downtrend", "target_long": 1.43006, "target_short": 1.41094, "vol_surge": false, "vp_poc": 1.419484, "vp_vah": 1.435836, "vp_val": 1.38678}, "KRW-DOGE": {"signal": 0, "current_price": 0.10822, "ma200": 0.12231425, "trend": "downtrend", "target_long": 0.110038, "target_short": 0.10742199999999999, "vol_surge": false, "vp_poc": 0.1083787, "vp_vah": 0.11636529999999999, "vp_val": 0.0994525}, "KRW-LINK": {"signal": 0, "current_price": 10.473, "ma200": 11.420320000000002, "trend": "downtrend", "target_long": 10.5064, "target_short": 10.2456, "vol_surge": false, "vp_poc": 9.369, "vp_vah": 9.811, "vp_val": 9.029}, "KRW-SUI": {"signal": 0, "current_price": 1.1487, "ma200": 1.3346079999999998, "trend": "downtrend", "target_long": 1.10512, "target_short": 1.03568, "vol_surge": false, "vp_poc": 0.9271449999999999, "vp_vah": 0.996955, "vp_val": 0.911035}}}