{"okx": {"KRW-BTC": {"signal": 0, "current_price": 75780.0, "ma200": 86355.57650000001, "trend": "downtrend", "target_long": 74803.68, "target_short": 72812.32, "vol_surge": false, "vp_poc": 74677.946, "vp_vah": 77712.17000000001, "vp_val": 70632.31400000001}, "KRW-ETH": {"signal": 0, "current_price": 2312.56, "ma200": 2845.9692999999997, "trend": "downtrend", "target_long": 2305.008, "target_short": 2222.232, "vol_surge": false, "vp_poc": 2344.7942999999996, "vp_vah": 2407.6417, "vp_val": 2165.2303}, "KRW-BNB": {"signal": 0, "current_price": 628.7, "ma200": 829.487, "trend": "downtrend", "target_long": 622.44, "target_short": 609.96, "vol_surge": false, "vp_poc": 616.938, "vp_vah": 624.758, "vp_val": 591.914}, "KRW-SOL": {"signal": 0, "current_price": 85.29, "ma200": 125.56290000000001, "trend": "downtrend", "target_long": 85.16999999999999, "target_short": 81.81, "vol_surge": false, "vp_poc": 83.8604, "vp_vah": 86.66839999999999, "vp_val": 80.7716}, "KRW-XRP": {"signal": 0, "current_price": 1.4235, "ma200": 1.878107, "trend": "downtrend", "target_long": 1.4173600000000002, "target_short": 1.37144, "vol_surge": false, "vp_poc": 1.35503, "vp_vah": 1.40123, "vp_val": 1.30883}, "KRW-DOGE": {"signal": 0, "current_price": 0.09514, "ma200": 0.13347175, "trend": "downtrend", "target_long": 0.09464, "target_short": 0.09148, "vol_surge": false, "vp_poc": 0.0930758, "vp_vah": 0.0959754, "vp_val": 0.0907034}, "KRW-LINK": {"signal": 0, "current_price": 9.292, "ma200": 12.409080000000001, "trend": "downtrend", "target_long": 9.2124, "target_short": 8.911599999999998, "vol_surge": false, "vp_poc": 9.129010000000001, "vp_vah": 9.36085, "vp_val": 8.78125}, "KRW-SUI": {"signal": 0, "current_price": 0.9439, "ma200": 1.5320725, "trend": "downtrend", "target_long": 0.9449000000000001, "target_short": 0.9009, "vol_surge": false, "vp_poc": 0.954591, "vp_vah": 1.0041029999999997, "vp_val": 0.9009529999999999}}}