{"okx": {"KRW-BTC": {"signal": 0, "current_price": 65924.4, "ma200": 77307.411, "trend": "downtrend", "target_long": 66331.56, "target_short": 65028.44, "vol_surge": false, "vp_poc": 62612.674, "vp_vah": 65657.434, "vp_val": 59567.914}, "KRW-ETH": {"signal": 0, "current_price": 1796.87, "ma200": 2390.76275, "trend": "downtrend", "target_long": 1825.534, "target_short": 1760.726, "vol_surge": false, "vp_poc": 1661.5365000000002, "vp_vah": 1813.2545, "vp_val": 1564.0035}, "KRW-BNB": {"signal": 0, "current_price": 607.2, "ma200": 711.7555, "trend": "downtrend", "target_long": 612.38, "target_short": 597.82, "vol_surge": false, "vp_poc": 603.9000000000001, "vp_vah": 687.1479999999999, "vp_val": 562.2760000000001}, "KRW-SOL": {"signal": 0, "current_price": 73.91, "ma200": 98.75185000000002, "trend": "downtrend", "target_long": 74.878, "target_short": 72.222, "vol_surge": false, "vp_poc": 67.32990000000001, "vp_vah": 72.4537, "vp_val": 61.7403}, "KRW-XRP": {"signal": 0, "current_price": 1.2218, "ma200": 1.563803, "trend": "downtrend", "target_long": 1.23778, "target_short": 1.19722, "vol_surge": false, "vp_poc": 1.1350820000000001, "vp_vah": 1.236394, "vp_val": 1.0907580000000001}, "KRW-DOGE": {"signal": 0, "current_price": 0.08777, "ma200": 0.10864404999999999, "trend": "downtrend", "target_long": 0.088328, "target_short": 0.08603199999999998, "vol_surge": false, "vp_poc": 0.0865666, "vp_vah": 0.0923698, "vp_val": 0.0817306}, "KRW-LINK": {"signal": 0, "current_price": 8.353, "ma200": 10.244735, "trend": "downtrend", "target_long": 8.435599999999999, "target_short": 8.1244, "vol_surge": false, "vp_poc": 7.805949999999999, "vp_vah": 8.59373, "vp_val": 7.435230000000001}, "KRW-SUI": {"signal": 0, "current_price": 0.8131, "ma200": 1.139943, "trend": "downtrend", "target_long": 0.8118799999999999, "target_short": 0.78132, "vol_surge": false, "vp_poc": 0.7528109999999999, "vp_vah": 0.8247530000000001, "vp_val": 0.714073}}}