{"okx": {"KRW-BTC": {"signal": 0, "current_price": 76800.9, "ma200": 80306.3475, "trend": "downtrend", "target_long": 77722.2, "target_short": 76929.40000000001, "vol_surge": false, "vp_poc": 76969.55000000002, "vp_vah": 80255.55000000002, "vp_val": 75490.85}, "KRW-ETH": {"signal": 0, "current_price": 2098.05, "ma200": 2535.2058, "trend": "downtrend", "target_long": 2132.752, "target_short": 2093.088, "vol_surge": false, "vp_poc": 2109.4955, "vp_vah": 2289.3274999999994, "vp_val": 2064.5375}, "KRW-BNB": {"signal": 0, "current_price": 657.3, "ma200": 743.0195, "trend": "downtrend", "target_long": 670.1600000000001, "target_short": 656.24, "vol_surge": false, "vp_poc": 651.1220000000001, "vp_vah": 669.106, "vp_val": 639.8820000000001}, "KRW-SOL": {"signal": 2, "current_price": 84.46, "ma200": 106.41385, "trend": "downtrend", "target_long": 85.784, "target_short": 84.336, "vol_surge": false, "vp_poc": 85.63, "vp_vah": 92.42999999999999, "vp_val": 83.92999999999999}, "KRW-XRP": {"signal": 2, "current_price": 1.3421, "ma200": 1.6744055, "trend": "downtrend", "target_long": 1.35898, "target_short": 1.34122, "vol_surge": false, "vp_poc": 1.423312, "vp_vah": 1.483024, "vp_val": 1.368576}, "KRW-DOGE": {"signal": 0, "current_price": 0.1012, "ma200": 0.1160754, "trend": "downtrend", "target_long": 0.103034, "target_short": 0.101306, "vol_surge": false, "vp_poc": 0.11107, "vp_vah": 0.11323, "vp_val": 0.10372600000000001}, "KRW-LINK": {"signal": 0, "current_price": 9.532, "ma200": 10.853675, "trend": "downtrend", "target_long": 9.6286, "target_short": 9.385399999999999, "vol_surge": false, "vp_poc": 9.54705, "vp_vah": 10.30935, "vp_val": 9.32925}, "KRW-SUI": {"signal": 0, "current_price": 1.0328, "ma200": 1.237059, "trend": "downtrend", "target_long": 1.0605399999999998, "target_short": 1.02566, "vol_surge": false, "vp_poc": 1.053165, "vp_vah": 1.217505, "vp_val": 0.961865}}}