{"okx": {"KRW-BTC": {"signal": 0, "current_price": 67607.4, "ma200": 90847.244, "trend": "downtrend", "target_long": 66869.54, "target_short": 65169.85999999999, "vol_surge": false, "vp_poc": 70616.018, "vp_vah": 72598.142, "vp_val": 67532.714}, "KRW-ETH": {"signal": 0, "current_price": 2067.96, "ma200": 3069.32295, "trend": "downtrend", "target_long": 2017.3999999999999, "target_short": 1952.32, "vol_surge": false, "vp_poc": 2167.2837, "vp_vah": 2194.2159, "vp_val": 2014.6679}, "KRW-BNB": {"signal": 0, "current_price": 618.6, "ma200": 869.1905, "trend": "downtrend", "target_long": 613.6800000000001, "target_short": 598.72, "vol_surge": false, "vp_poc": 644.836, "vp_vah": 670.3720000000001, "vp_val": 624.7719999999999}, "KRW-SOL": {"signal": 0, "current_price": 84.16, "ma200": 140.47514999999999, "trend": "downtrend", "target_long": 83.174, "target_short": 79.686, "vol_surge": false, "vp_poc": 88.4629, "vp_vah": 93.3483, "vp_val": 85.45649999999999}, "KRW-XRP": {"signal": 0, "current_price": 1.3512, "ma200": 2.0442240000000003, "trend": "downtrend", "target_long": 1.3475000000000001, "target_short": 1.3087, "vol_surge": false, "vp_poc": 1.404235, "vp_vah": 1.460413, "vp_val": 1.335573}, "KRW-DOGE": {"signal": 0, "current_price": 0.09303, "ma200": 0.15045789999999998, "trend": "downtrend", "target_long": 0.091972, "target_short": 0.088948, "vol_surge": false, "vp_poc": 0.094696, "vp_vah": 0.09768399999999999, "vp_val": 0.08971599999999999}, "KRW-LINK": {"signal": 0, "current_price": 8.848, "ma200": 13.843779999999999, "trend": "downtrend", "target_long": 8.572999999999999, "target_short": 8.257, "vol_surge": false, "vp_poc": 9.118649999999999, "vp_vah": 9.57105, "vp_val": 8.703949999999999}, "KRW-SUI": {"signal": 0, "current_price": 0.8866, "ma200": 1.8022835000000001, "trend": "downtrend", "target_long": 0.86794, "target_short": 0.8266600000000001, "vol_surge": false, "vp_poc": 0.9601029999999999, "vp_vah": 1.050237, "vp_val": 0.933593}}}