{"okx": {"KRW-BTC": {"signal": 0, "current_price": 65420.8, "ma200": 72457.19900000001, "trend": "downtrend", "target_long": 65766.06, "target_short": 64426.14, "vol_surge": false, "vp_poc": 64305.751000000004, "vp_vah": 64869.421, "vp_val": 62163.80500000001}, "KRW-ETH": {"signal": 0, "current_price": 1880.15, "ma200": 2154.5251000000003, "trend": "downtrend", "target_long": 1908.158, "target_short": 1848.542, "vol_surge": false, "vp_poc": 1784.1156, "vp_vah": 1832.8436, "vp_val": 1730.5148}, "KRW-BNB": {"signal": 0, "current_price": 569.8, "ma200": 656.4635000000001, "trend": "downtrend", "target_long": 570.9399999999999, "target_short": 564.0600000000001, "vol_surge": false, "vp_poc": 571.854, "vp_vah": 580.9259999999999, "vp_val": 567.318}, "KRW-SOL": {"signal": 2, "current_price": 75.83, "ma200": 88.7342, "trend": "downtrend", "target_long": 77.134, "target_short": 74.646, "vol_surge": false, "vp_poc": 77.4338, "vp_vah": 78.89260000000002, "vp_val": 74.72460000000001}, "KRW-XRP": {"signal": 0, "current_price": 1.1109, "ma200": 1.4012209999999998, "trend": "downtrend", "target_long": 1.1257000000000001, "target_short": 1.0901, "vol_surge": false, "vp_poc": 1.101083, "vp_vah": 1.135973, "vp_val": 1.084801}, "KRW-DOGE": {"signal": 0, "current_price": 0.0694, "ma200": 0.09754764999999999, "trend": "downtrend", "target_long": 0.07114199999999998, "target_short": 0.067278, "vol_surge": false, "vp_poc": 0.0724577, "vp_vah": 0.0745437, "vp_val": 0.07120610000000001}, "KRW-LINK": {"signal": 0, "current_price": 8.46, "ma200": 9.29676, "trend": "downtrend", "target_long": 8.58, "target_short": 8.368, "vol_surge": false, "vp_poc": 8.00516, "vp_vah": 8.378359999999999, "vp_val": 7.582199999999999}, "KRW-SUI": {"signal": 0, "current_price": 0.746, "ma200": 0.9921875, "trend": "downtrend", "target_long": 0.75882, "target_short": 0.73018, "vol_surge": false, "vp_poc": 0.7454879999999999, "vp_vah": 0.7654559999999999, "vp_val": 0.7288479999999999}}}