{"okx": {"KRW-BTC": {"signal": 0, "current_price": 64575.9, "ma200": 76626.61300000001, "trend": "downtrend", "target_long": 63845.9, "target_short": 62780.299999999996, "vol_surge": false, "vp_poc": 63393.873999999996, "vp_vah": 64569.51, "vp_val": 61210.55}, "KRW-ETH": {"signal": 0, "current_price": 1741.3, "ma200": 2358.0477499999997, "trend": "downtrend", "target_long": 1723.246, "target_short": 1691.054, "vol_surge": false, "vp_poc": 1710.3421, "vp_vah": 1780.2847000000002, "vp_val": 1624.8567}, "KRW-BNB": {"signal": 0, "current_price": 593.5, "ma200": 704.362, "trend": "downtrend", "target_long": 587.9, "target_short": 580.6999999999999, "vol_surge": false, "vp_poc": 603.976, "vp_vah": 618.088, "vp_val": 577.768}, "KRW-SOL": {"signal": 0, "current_price": 74.17, "ma200": 97.1267, "trend": "downtrend", "target_long": 73.416, "target_short": 71.50399999999999, "vol_surge": false, "vp_poc": 66.98140000000001, "vp_vah": 71.7754, "vp_val": 62.507000000000005}, "KRW-XRP": {"signal": 0, "current_price": 1.1437, "ma200": 1.5389760000000001, "trend": "downtrend", "target_long": 1.1375, "target_short": 1.1123, "vol_surge": false, "vp_poc": 1.1349300000000002, "vp_vah": 1.1885660000000002, "vp_val": 1.091046}, "KRW-DOGE": {"signal": 0, "current_price": 0.08366, "ma200": 0.1070865, "trend": "downtrend", "target_long": 0.08293400000000001, "target_short": 0.081566, "vol_surge": false, "vp_poc": 0.08624409999999999, "vp_vah": 0.08894969999999999, "vp_val": 0.0821857}, "KRW-LINK": {"signal": 0, "current_price": 7.946, "ma200": 10.104925000000001, "trend": "downtrend", "target_long": 7.881, "target_short": 7.6850000000000005, "vol_surge": false, "vp_poc": 7.8871, "vp_vah": 8.341260000000002, "vp_val": 7.660020000000001}, "KRW-SUI": {"signal": 0, "current_price": 0.7097, "ma200": 1.1184365, "trend": "downtrend", "target_long": 0.70372, "target_short": 0.68308, "vol_surge": false, "vp_poc": 0.758119, "vp_vah": 0.787287, "vp_val": 0.699783}}}