{"okx": {"KRW-BTC": {"signal": 0, "current_price": 75235.5, "ma200": 80166.63, "trend": "downtrend", "target_long": 76903.56, "target_short": 74980.44, "vol_surge": false, "vp_poc": 76969.55000000002, "vp_vah": 79926.95000000001, "vp_val": 74669.35}, "KRW-ETH": {"signal": 2, "current_price": 2059.0, "ma200": 2528.37085, "trend": "downtrend", "target_long": 2108.098, "target_short": 2040.0020000000002, "vol_surge": false, "vp_poc": 2109.4955, "vp_vah": 2274.3414999999995, "vp_val": 2049.5514999999996}, "KRW-BNB": {"signal": 0, "current_price": 653.2, "ma200": 741.3270000000001, "trend": "downtrend", "target_long": 662.48, "target_short": 650.72, "vol_surge": false, "vp_poc": 651.4670000000001, "vp_vah": 672.633, "vp_val": 645.897}, "KRW-SOL": {"signal": 0, "current_price": 83.8, "ma200": 106.03915, "trend": "downtrend", "target_long": 84.92, "target_short": 82.52, "vol_surge": false, "vp_poc": 85.63, "vp_vah": 92.42999999999999, "vp_val": 82.91}, "KRW-XRP": {"signal": 2, "current_price": 1.3277, "ma200": 1.6695475, "trend": "downtrend", "target_long": 1.34442, "target_short": 1.31378, "vol_surge": false, "vp_poc": 1.353648, "vp_vah": 1.4481920000000001, "vp_val": 1.328768}, "KRW-DOGE": {"signal": 0, "current_price": 0.10191, "ma200": 0.1157038, "trend": "downtrend", "target_long": 0.10249599999999999, "target_short": 0.099624, "vol_surge": false, "vp_poc": 0.10372600000000001, "vp_vah": 0.111934, "vp_val": 0.101998}, "KRW-LINK": {"signal": 0, "current_price": 9.307, "ma200": 10.82186, "trend": "downtrend", "target_long": 9.525799999999998, "target_short": 9.2522, "vol_surge": false, "vp_poc": 9.54705, "vp_vah": 10.27305, "vp_val": 9.25665}, "KRW-SUI": {"signal": 0, "current_price": 0.98, "ma200": 1.2311865, "trend": "downtrend", "target_long": 1.0248, "target_short": 0.9771999999999998, "vol_surge": false, "vp_poc": 1.053323, "vp_vah": 1.2267169999999998, "vp_val": 0.989441}}}