{"okx": {"KRW-BTC": {"signal": 0, "current_price": 80789.5, "ma200": 82461.90950000001, "trend": "downtrend", "target_long": 82511.07999999999, "target_short": 80971.72, "vol_surge": false, "vp_poc": 78339.96900000001, "vp_vah": 80709.459, "vp_val": 76444.37700000001}, "KRW-ETH": {"signal": 0, "current_price": 2291.8, "ma200": 2647.9732, "trend": "downtrend", "target_long": 2368.29, "target_short": 2311.49, "vol_surge": false, "vp_poc": 2311.8419999999996, "vp_vah": 2372.8500000000004, "vp_val": 2291.5060000000003}, "KRW-BNB": {"signal": 0, "current_price": 661.4, "ma200": 770.9014999999999, "trend": "downtrend", "target_long": 680.2, "target_short": 661.0, "vol_surge": false, "vp_poc": 634.6700000000001, "vp_vah": 649.7900000000001, "vp_val": 614.51}, "KRW-SOL": {"signal": 0, "current_price": 95.81, "ma200": 112.99475000000001, "trend": "downtrend", "target_long": 98.998, "target_short": 95.742, "vol_surge": false, "vp_poc": 84.6343, "vp_vah": 90.06469999999999, "vp_val": 83.2767}, "KRW-XRP": {"signal": 0, "current_price": 1.4517, "ma200": 1.7495135, "trend": "downtrend", "target_long": 1.49696, "target_short": 1.45824, "vol_surge": false, "vp_poc": 1.4188450000000001, "vp_vah": 1.4447809999999999, "vp_val": 1.3831830000000003}, "KRW-DOGE": {"signal": 0, "current_price": 0.10951, "ma200": 0.121476, "trend": "downtrend", "target_long": 0.113052, "target_short": 0.10954799999999999, "vol_surge": false, "vp_poc": 0.1085212, "vp_vah": 0.1164124, "vp_val": 0.1032604}, "KRW-LINK": {"signal": 0, "current_price": 10.337, "ma200": 11.349565, "trend": "downtrend", "target_long": 10.741200000000001, "target_short": 10.4548, "vol_surge": false, "vp_poc": 9.16506, "vp_vah": 9.9891, "vp_val": 9.04734}, "KRW-SUI": {"signal": 0, "current_price": 1.2625, "ma200": 1.323532, "trend": "downtrend", "target_long": 1.33304, "target_short": 1.24816, "vol_surge": false, "vp_poc": 0.9294069999999999, "vp_vah": 1.2487869999999999, "vp_val": 0.908115}}}