{"okx": {"KRW-BTC": {"signal": 0, "current_price": 81399.8, "ma200": 82750.6035, "trend": "downtrend", "target_long": 81054.06, "target_short": 80297.34, "vol_surge": false, "vp_poc": 78272.652, "vp_vah": 79394.948, "vp_val": 75386.748}, "KRW-ETH": {"signal": 0, "current_price": 2362.7, "ma200": 2663.73435, "trend": "downtrend", "target_long": 2341.8619999999996, "target_short": 2310.998, "vol_surge": false, "vp_poc": 2320.1724, "vp_vah": 2377.2252, "vp_val": 2287.5708}, "KRW-BNB": {"signal": 0, "current_price": 662.0, "ma200": 775.4125, "trend": "downtrend", "target_long": 653.9799999999999, "target_short": 645.82, "vol_surge": false, "vp_poc": 634.6700000000001, "vp_vah": 643.406, "vp_val": 616.106}, "KRW-SOL": {"signal": 0, "current_price": 96.76, "ma200": 113.95504999999999, "trend": "downtrend", "target_long": 94.05799999999999, "target_short": 92.202, "vol_surge": false, "vp_poc": 84.6608, "vp_vah": 88.376, "vp_val": 83.1128}, "KRW-XRP": {"signal": 0, "current_price": 1.4998, "ma200": 1.7595245, "trend": "downtrend", "target_long": 1.43006, "target_short": 1.41094, "vol_surge": true, "vp_poc": 1.4188450000000001, "vp_vah": 1.438297, "vp_val": 1.386425}, "KRW-DOGE": {"signal": 0, "current_price": 0.11148, "ma200": 0.12233054999999998, "trend": "downtrend", "target_long": 0.110038, "target_short": 0.10742199999999999, "vol_surge": false, "vp_poc": 0.1083787, "vp_vah": 0.11636529999999999, "vp_val": 0.09992229999999999}, "KRW-LINK": {"signal": 0, "current_price": 10.818, "ma200": 11.422045, "trend": "downtrend", "target_long": 10.5064, "target_short": 10.2456, "vol_surge": false, "vp_poc": 9.31278, "vp_vah": 9.81146, "vp_val": 9.044260000000001}, "KRW-SUI": {"signal": 0, "current_price": 1.3437, "ma200": 1.3355829999999997, "trend": "uptrend", "target_long": 1.10512, "target_short": 1.03568, "vol_surge": true, "vp_poc": 0.9333539999999999, "vp_vah": 1.027634, "vp_val": 0.9050699999999999}}}